base_comm,seeded_comm,size_base,size_seeded,overlap,jaccard,L_base,L_seeded,vol_base,vol_seeded,contrib_base,contrib_seeded,d_contrib,status
11,0,994,3437,835,0.232202447163515,3247.0,11455.0,9931.0,33968.0,0.017203796023611787,0.054530162259073756,0.03732636623546197,matched
0,1,4988,3371,2419,0.40723905723905723,28471.0,17308.0,81671.0,51974.0,0.10645620214481694,0.07506748587536882,-0.031388716269448114,matched
6,6,2085,2021,824,0.251066422912858,7845.0,10544.0,22963.0,32950.0,0.03935559592475008,0.050012683993479475,0.010657088068729392,matched
1,2,3566,2678,1940,0.4507434944237918,15867.0,13507.0,51063.0,46320.0,0.0678156354339858,0.05829538011499755,-0.009520255318988258,matched
4,9,2228,1385,1040,0.4041974349008939,3632.0,2135.0,9753.0,4996.0,0.019359884398105032,0.0116170410164507,-0.007742843381654332,matched
41,15,23,540,23,0.04259259259259259,65.0,1389.0,136.0,4804.0,0.0003593499639661357,0.007505574411142456,0.007146224447176321,matched
31,14,52,621,52,0.08373590982286634,88.0,1293.0,201.0,3800.0,0.00048638710689067493,0.00704069111150269,0.006554304004612015,matched
9,11,1561,1176,1142,0.715987460815047,6350.0,5330.0,18236.0,15368.0,0.0325765264528173,0.027672264782238054,-0.004904261670579245,matched
16,12,404,862,310,0.32426778242677823,630.0,1521.0,1902.0,4778.0,0.003456637518732879,0.00823752359931129,0.004780886080578411,matched
22,13,197,751,197,0.2623169107856192,478.0,1286.0,1026.0,3408.0,0.002635594669577423,0.007023583487855875,0.004387988818278453,matched
14,25,500,214,207,0.40828402366863903,1385.0,776.0,3816.0,1817.0,0.007548577880977694,0.004266527842473835,-0.0032820500385038597,matched
20,-1,212,0,0,0.0,475.0,0.0,1391.0,0.0,0.0026122565491334946,0.0,-0.0026122565491334946,base_only
80,24,8,217,8,0.03686635944700461,19.0,484.0,43.0,1403.0,0.00010506796302804387,0.0026617758936477794,0.0025567079306197354,matched
26,-1,171,0,0,0.0,454.0,0.0,1000.0,0.0,0.002503262195105028,0.0,-0.002503262195105028,base_only
2,3,2733,2571,2541,0.9196525515743756,15633.0,15122.0,36479.0,35128.0,0.07628446960207859,0.07419809165179943,-0.0020863779502791613,matched
24,22,180,315,177,0.5566037735849056,724.0,1099.0,1498.0,2333.0,0.0039870212936871235,0.0060365483251967455,0.002049527031509622,matched
7,7,1739,1698,1375,0.6668283220174588,4882.0,5184.0,14792.0,16223.0,0.025327384092223515,0.026658244353133485,0.0013308602609099704,matched
10,10,1183,1189,1057,0.8038022813688213,5136.0,4880.0,16333.0,14931.0,0.026365388697410022,0.025284729317316817,-0.0010806593800932046,matched
18,19,298,366,160,0.31746031746031744,876.0,692.0,2079.0,2074.0,0.0048117858622545384,0.003794307450648699,-0.0010174784116058393,matched
17,21,397,315,257,0.5648351648351648,904.0,724.0,2231.0,1755.0,0.004961634003563003,0.0039806282525491005,-0.0009810057510139022,matched
-1,31,0,53,0,0.0,0.0,161.0,0.0,542.0,0.0,0.0008881861418318941,0.0008881861418318941,seeded_only
15,18,468,388,256,0.4266666666666667,801.0,958.0,1906.0,2193.0,0.0044022599605889785,0.005261573949751566,0.0008593139891625873,matched
30,-1,70,0,0,0.0,155.0,0.0,338.0,0.0,0.0008563751070326841,0.0,-0.0008563751070326841,base_only
3,4,2597,2558,2388,0.8630285507770148,13649.0,13394.0,39262.0,38225.0,0.06369979901188225,0.06290395266907663,-0.0007958463428056201,matched
25,30,172,95,95,0.5523255813953488,386.0,244.0,1000.0,629.0,0.0021271788815898107,0.0013464499577751632,-0.0007807289238146475,matched
21,20,199,358,1,0.0017985611510791368,571.0,705.0,1766.0,1759.0,0.0031341446217132674,0.00387543866420387,0.0007412940424906026,matched
23,26,194,201,78,0.24605678233438485,613.0,724.0,1621.0,2132.0,0.0033701869238579227,0.003969422366464161,0.0005992354426062386,matched
33,-1,40,0,0,0.0,105.0,0.0,259.0,0.0,0.0005802039136748514,0.0,-0.0005802039136748514,base_only
8,8,1639,1592,1525,0.8939038686987104,5022.0,4907.0,14107.0,13675.0,0.02625305159331692,0.025708806126286884,-0.0005442454670300349,matched
39,-1,25,0,0,0.0,85.0,0.0,203.0,0.0,0.0004697890172353629,0.0,-0.0004697890172353629,base_only
34,-1,35,0,0,0.0,60.0,0.0,122.0,0.0,0.00033172440006337537,0.0,-0.00033172440006337537,base_only
-1,38,0,24,0,0.0,0.0,56.0,0.0,117.0,0.0,0.00030961099035817403,0.00030961099035817403,seeded_only
19,23,226,267,220,0.8058608058608059,341.0,384.0,828.0,911.0,0.0018807045530803489,0.0021174181994467276,0.00023671364636637876,matched
-1,41,0,18,0,0.0,0.0,41.0,0.0,86.0,0.0,0.00022669955839110765,0.00022669955839110765,seeded_only
53,-1,14,0,0,0.0,32.0,0.0,71.0,0.0,0.0001769418343727251,0.0,-0.0001769418343727251,base_only
57,-1,12,0,0,0.0,32.0,0.0,90.0,0.0,0.0001769184422416169,0.0,-0.0001769184422416169,base_only
61,-1,12,0,0,0.0,31.0,0.0,65.0,0.0,0.00017141743735009124,0.0,-0.00017141743735009124,base_only
-1,40,0,19,0,0.0,0.0,29.0,0.0,61.0,0.0,0.000160360017504271,0.000160360017504271,seeded_only
-1,50,0,12,0,0.0,0.0,28.0,0.0,59.0,0.0,0.0001548312158175252,0.0001548312158175252,seeded_only
51,-1,14,0,0,0.0,24.0,0.0,55.0,0.0,0.00013271215498944416,0.0,-0.00013271215498944416,base_only
58,-1,12,0,0,0.0,23.0,0.0,47.0,0.0,0.00012718775796681026,0.0,-0.00012718775796681026,base_only
-1,59,0,10,0,0.0,0.0,23.0,0.0,47.0,0.0,0.00012718775796681026,0.00012718775796681026,seeded_only
65,-1,11,0,0,0.0,23.0,0.0,49.0,0.0,0.00012718628974543963,0.0,-0.00012718628974543963,base_only
-1,56,0,11,0,0.0,0.0,22.0,0.0,45.0,0.0,0.00012165852804883138,0.00012165852804883138,seeded_only
60,-1,12,0,0,0.0,22.0,0.0,47.0,0.0,0.00012165712100335118,0.0,-0.00012165712100335118,base_only
47,-1,16,0,0,0.0,22.0,0.0,58.0,0.0,0.00012164828873416845,0.0,-0.00012164828873416845,base_only
-1,54,0,12,0,0.0,0.0,21.0,0.0,43.0,0.0,0.00011612923695496203,0.00011612923695496203,seeded_only
12,16,549,531,517,0.9182948490230906,2545.0,2523.0,5803.0,5725.0,0.013817960268743571,0.013703162303281502,-0.00011479796546206948,matched
69,-1,10,0,0,0.0,19.0,0.0,48.0,0.0,0.00010506448364927492,0.0,-0.00010506448364927492,base_only
-1,71,0,8,0,0.0,0.0,18.0,0.0,38.0,0.0,9.954042309403848e-05,9.954042309403848e-05,seeded_only
55,-1,12,0,0,0.0,17.0,0.0,37.0,0.0,9.40103596545523e-05,0.0,-9.40103596545523e-05,base_only
-1,84,0,7,0,0.0,0.0,16.0,0.0,34.0,0.0,8.848135149917626e-05,8.848135149917626e-05,seeded_only
-1,65,0,9,0,0.0,0.0,16.0,0.0,35.0,0.0,8.848082385712119e-05,8.848082385712119e-05,seeded_only
100,-1,6,0,0,0.0,15.0,0.0,31.0,0.0,8.295220569804673e-05,0.0,-8.295220569804673e-05,base_only
-1,80,0,7,0,0.0,0.0,12.0,0.0,27.0,0.0,6.636206890849236e-05,6.636206890849236e-05,seeded_only
-1,85,0,7,0,0.0,0.0,12.0,0.0,27.0,0.0,6.636206890849236e-05,6.636206890849236e-05,seeded_only
63,-1,11,0,0,0.0,12.0,0.0,29.0,0.0,6.636121244602615e-05,0.0,-6.636121244602615e-05,base_only
74,-1,8,0,0,0.0,12.0,0.0,29.0,0.0,6.636121244602615e-05,0.0,-6.636121244602615e-05,base_only
110,-1,5,0,0,0.0,10.0,0.0,21.0,0.0,5.530299731363014e-05,0.0,-5.530299731363014e-05,base_only
116,-1,5,0,0,0.0,10.0,0.0,21.0,0.0,5.530299731363014e-05,0.0,-5.530299731363014e-05,base_only
102,-1,6,0,0,0.0,10.0,0.0,22.0,0.0,5.5302668493219005e-05,0.0,-5.5302668493219005e-05,base_only
-1,94,0,6,0,0.0,0.0,10.0,0.0,22.0,0.0,5.5302668493219005e-05,5.5302668493219005e-05,seeded_only
82,-1,7,0,0,0.0,10.0,0.0,25.0,0.0,5.530159026814994e-05,0.0,-5.530159026814994e-05,base_only
117,-1,5,0,0,0.0,10.0,0.0,28.0,0.0,5.5300374397327386e-05,0.0,-5.5300374397327386e-05,base_only
-1,106,0,5,0,0.0,0.0,9.0,0.0,19.0,0.0,4.9772972109075485e-05,4.9772972109075485e-05,seeded_only
-1,96,0,5,0,0.0,0.0,7.0,0.0,15.0,0.0,3.871273817229486e-05,3.871273817229486e-05,seeded_only
-1,88,0,6,0,0.0,0.0,7.0,0.0,16.0,0.0,3.8712501115719393e-05,3.8712501115719393e-05,seeded_only
77,-1,8,0,0,0.0,7.0,0.0,17.0,0.0,3.871224876517131e-05,0.0,-3.871224876517131e-05,base_only
93,-1,7,0,0,0.0,7.0,0.0,17.0,0.0,3.871224876517131e-05,0.0,-3.871224876517131e-05,base_only
105,-1,5,0,0,0.0,7.0,0.0,18.0,0.0,3.871198112065062e-05,0.0,-3.871198112065062e-05,base_only
119,-1,4,0,0,0.0,6.0,0.0,13.0,0.0,3.318252944006888e-05,0.0,-3.318252944006888e-05,base_only
125,-1,4,0,0,0.0,6.0,0.0,13.0,0.0,3.318252944006888e-05,0.0,-3.318252944006888e-05,base_only
130,-1,4,0,0,0.0,6.0,0.0,13.0,0.0,3.318252944006888e-05,0.0,-3.318252944006888e-05,base_only
135,-1,4,0,0,0.0,6.0,0.0,13.0,0.0,3.318252944006888e-05,0.0,-3.318252944006888e-05,base_only
-1,110,0,4,0,0.0,0.0,6.0,0.0,13.0,0.0,3.318252944006888e-05,3.318252944006888e-05,seeded_only
-1,114,0,4,0,0.0,0.0,6.0,0.0,13.0,0.0,3.318252944006888e-05,3.318252944006888e-05,seeded_only
-1,115,0,4,0,0.0,0.0,6.0,0.0,13.0,0.0,3.318252944006888e-05,3.318252944006888e-05,seeded_only
-1,121,0,4,0,0.0,0.0,6.0,0.0,13.0,0.0,3.318252944006888e-05,3.318252944006888e-05,seeded_only
-1,126,0,4,0,0.0,0.0,6.0,0.0,13.0,0.0,3.318252944006888e-05,3.318252944006888e-05,seeded_only
-1,128,0,4,0,0.0,0.0,6.0,0.0,13.0,0.0,3.318252944006888e-05,3.318252944006888e-05,seeded_only
-1,133,0,4,0,0.0,0.0,6.0,0.0,13.0,0.0,3.318252944006888e-05,3.318252944006888e-05,seeded_only
-1,134,0,4,0,0.0,0.0,6.0,0.0,13.0,0.0,3.318252944006888e-05,3.318252944006888e-05,seeded_only
-1,138,0,4,0,0.0,0.0,6.0,0.0,13.0,0.0,3.318252944006888e-05,3.318252944006888e-05,seeded_only
-1,139,0,4,0,0.0,0.0,6.0,0.0,13.0,0.0,3.318252944006888e-05,3.318252944006888e-05,seeded_only
-1,140,0,4,0,0.0,0.0,6.0,0.0,13.0,0.0,3.318252944006888e-05,3.318252944006888e-05,seeded_only
123,-1,4,0,0,0.0,6.0,0.0,15.0,0.0,3.318210120883578e-05,0.0,-3.318210120883578e-05,base_only
27,27,145,147,145,0.9863945578231292,407.0,413.0,892.0,907.0,0.0022448848124161504,0.002277862280271454,3.297746785530355e-05,matched
134,-1,4,0,0,0.0,5.0,0.0,11.0,0.0,2.7652259531952453e-05,0.0,-2.7652259531952453e-05,base_only
-1,137,0,4,0,0.0,0.0,5.0,0.0,11.0,0.0,2.7652259531952453e-05,2.7652259531952453e-05,seeded_only
145,-1,4,0,0,0.0,4.0,0.0,9.0,0.0,2.2121928447945587e-05,0.0,-2.2121928447945587e-05,base_only
5,5,2093,2080,2059,0.9739829706717124,3234.0,3238.0,7456.0,7480.0,0.017460969166544278,0.017480350545099135,1.938137855485647e-05,matched
146,-1,3,0,0,0.0,3.0,0.0,7.0,0.0,1.659153618804828e-05,0.0,-1.659153618804828e-05,base_only
147,-1,3,0,0,0.0,3.0,0.0,7.0,0.0,1.659153618804828e-05,0.0,-1.659153618804828e-05,base_only
148,-1,3,0,0,0.0,3.0,0.0,7.0,0.0,1.659153618804828e-05,0.0,-1.659153618804828e-05,base_only
149,-1,3,0,0,0.0,3.0,0.0,7.0,0.0,1.659153618804828e-05,0.0,-1.659153618804828e-05,base_only
62,62,12,10,10,0.8333333333333334,34.0,32.0,78.0,72.0,0.00018799513249292675,0.00017694074085368344,-1.1054391639243313e-05,matched
13,17,505,505,505,1.0,1635.0,1635.0,3499.0,3499.0,0.008948969374271662,0.008948969374271662,0.0,matched
28,28,130,130,130,1.0,557.0,557.0,1159.0,1159.0,0.0030702927372354112,0.0030702927372354112,0.0,matched
29,29,106,106,106,1.0,108.0,108.0,217.0,217.0,0.000596948703115446,0.000596948703115446,0.0,matched
32,32,51,51,51,1.0,57.0,57.0,117.0,117.0,0.0003151416273216331,0.0003151416273216331,0.0,matched
35,33,28,28,28,1.0,110.0,110.0,221.0,221.0,0.0006079965795223572,0.0006079965795223572,0.0,matched
36,34,27,27,27,1.0,90.0,90.0,194.0,194.0,0.0004974695247347275,0.0004974695247347275,0.0,matched
37,35,27,27,27,1.0,104.0,104.0,220.0,220.0,0.0005748161300625634,0.0005748161300625634,0.0,matched
38,37,25,25,25,1.0,76.0,76.0,158.0,158.0,0.00042013750985676234,0.00042013750985676234,0.0,matched
40,36,25,25,25,1.0,68.0,68.0,142.0,142.0,0.00037592911968335556,0.00037592911968335556,0.0,matched
42,39,19,19,19,1.0,22.0,22.0,47.0,47.0,0.00012165712100335118,0.00012165712100335118,0.0,matched
43,42,17,17,17,1.0,45.0,45.0,103.0,103.0,0.00024879753647794473,0.00024879753647794473,0.0,matched
44,43,17,17,17,1.0,62.0,62.0,129.0,129.0,0.000342772238235355,0.000342772238235355,0.0,matched
45,44,16,16,16,1.0,32.0,32.0,67.0,67.0,0.0001769460555091657,0.0001769460555091657,0.0,matched
46,46,16,16,16,1.0,62.0,62.0,125.0,125.0,0.00034278000757344127,0.00034278000757344127,0.0,matched
48,45,16,16,16,1.0,32.0,32.0,68.0,68.0,0.00017694502316601446,0.00017694502316601446,0.0,matched
49,48,15,15,15,1.0,56.0,56.0,118.0,118.0,0.00030960919331639227,0.00030960919331639227,0.0,matched
50,47,15,15,15,1.0,39.0,39.0,80.0,80.0,0.00021564590086254966,0.00021564590086254966,0.0,matched
52,49,14,14,14,1.0,36.0,36.0,74.0,74.0,0.0001990610557875186,0.0001990610557875186,0.0,matched
54,51,12,12,12,1.0,42.0,42.0,91.0,91.0,0.00023222342777168644,0.00023222342777168644,0.0,matched
56,53,12,12,12,1.0,21.0,21.0,46.0,46.0,0.0001161271952096185,0.0001161271952096185,0.0,matched
59,52,12,12,12,1.0,24.0,24.0,58.0,58.0,0.00013270956266108662,0.00013270956266108662,0.0,matched
64,55,11,11,11,1.0,10.0,10.0,21.0,21.0,5.530299731363014e-05,5.530299731363014e-05,0.0,matched
66,58,11,11,11,1.0,22.0,22.0,46.0,46.0,0.00012165783217307759,0.00012165783217307759,0.0,matched
67,57,11,11,11,1.0,22.0,22.0,48.0,48.0,0.00012165639453965217,0.00012165639453965217,0.0,matched
68,60,10,10,10,1.0,27.0,27.0,57.0,57.0,0.00014930235295488898,0.00014930235295488898,0.0,matched
70,61,10,10,10,1.0,32.0,32.0,65.0,65.0,0.0001769480743135503,0.0001769480743135503,0.0,matched
71,64,9,9,9,1.0,30.0,30.0,69.0,69.0,0.00016588270160197246,0.00016588270160197246,0.0,matched
72,63,9,9,9,1.0,27.0,27.0,55.0,55.0,0.00014930406587982138,0.00014930406587982138,0.0,matched
73,66,9,9,9,1.0,18.0,18.0,38.0,38.0,9.954042309403848e-05,9.954042309403848e-05,0.0,matched
75,67,8,8,8,1.0,13.0,13.0,27.0,27.0,7.189270587195143e-05,7.189270587195143e-05,0.0,matched
76,69,8,8,8,1.0,20.0,20.0,41.0,41.0,0.00011059988468520226,0.00011059988468520226,0.0,matched
78,68,8,8,8,1.0,28.0,28.0,57.0,57.0,0.00015483298991834807,0.00015483298991834807,0.0,matched
79,70,8,8,8,1.0,18.0,18.0,37.0,37.0,9.954099661801138e-05,9.954099661801138e-05,0.0,matched
81,75,7,7,7,1.0,11.0,11.0,23.0,23.0,6.083296134229435e-05,6.083296134229435e-05,0.0,matched
83,74,7,7,7,1.0,21.0,21.0,50.0,50.0,0.00011612425876687722,0.00011612425876687722,0.0,matched
84,72,7,7,7,1.0,12.0,12.0,25.0,25.0,6.636286419506811e-05,6.636286419506811e-05,0.0,matched
85,79,7,7,7,1.0,21.0,21.0,49.0,49.0,0.00011612501581852145,0.00011612501581852145,0.0,matched
86,78,7,7,7,1.0,10.0,10.0,21.0,21.0,5.530299731363014e-05,5.530299731363014e-05,0.0,matched
87,73,7,7,7,1.0,12.0,12.0,25.0,25.0,6.636286419506811e-05,6.636286419506811e-05,0.0,matched
88,81,7,7,7,1.0,17.0,17.0,37.0,37.0,9.40103596545523e-05,9.40103596545523e-05,0.0,matched
89,83,7,7,7,1.0,21.0,21.0,43.0,43.0,0.00011612923695496203,0.00011612923695496203,0.0,matched
90,76,7,7,7,1.0,12.0,12.0,26.0,26.0,6.636247419876654e-05,6.636247419876654e-05,0.0,matched
91,82,7,7,7,1.0,14.0,14.0,29.0,29.0,7.742248637294431e-05,7.742248637294431e-05,0.0,matched
92,77,7,7,7,1.0,15.0,15.0,31.0,31.0,8.295220569804673e-05,8.295220569804673e-05,0.0,matched
94,89,6,6,6,1.0,10.0,10.0,21.0,21.0,5.530299731363014e-05,5.530299731363014e-05,0.0,matched
95,92,6,6,6,1.0,12.0,12.0,25.0,25.0,6.636286419506811e-05,6.636286419506811e-05,0.0,matched
96,93,6,6,6,1.0,15.0,15.0,31.0,31.0,8.295220569804673e-05,8.295220569804673e-05,0.0,matched
97,90,6,6,6,1.0,13.0,13.0,27.0,27.0,7.189270587195143e-05,7.189270587195143e-05,0.0,matched
98,91,6,6,6,1.0,5.0,5.0,11.0,11.0,2.7652259531952453e-05,2.7652259531952453e-05,0.0,matched
99,86,6,6,6,1.0,11.0,11.0,24.0,24.0,6.083260193393799e-05,6.083260193393799e-05,0.0,matched
101,87,6,6,6,1.0,15.0,15.0,32.0,32.0,8.29517239379095e-05,8.29517239379095e-05,0.0,matched
103,99,5,5,5,1.0,6.0,6.0,13.0,13.0,3.318252944006888e-05,3.318252944006888e-05,0.0,matched
104,104,5,5,5,1.0,10.0,10.0,21.0,21.0,5.530299731363014e-05,5.530299731363014e-05,0.0,matched
106,103,5,5,5,1.0,7.0,7.0,15.0,15.0,3.871273817229486e-05,3.871273817229486e-05,0.0,matched
107,98,5,5,5,1.0,4.0,4.0,9.0,9.0,2.2121928447945587e-05,2.2121928447945587e-05,0.0,matched
108,102,5,5,5,1.0,10.0,10.0,21.0,21.0,5.530299731363014e-05,5.530299731363014e-05,0.0,matched
109,97,5,5,5,1.0,10.0,10.0,21.0,21.0,5.530299731363014e-05,5.530299731363014e-05,0.0,matched
111,107,5,5,5,1.0,10.0,10.0,21.0,21.0,5.530299731363014e-05,5.530299731363014e-05,0.0,matched
112,95,5,5,5,1.0,10.0,10.0,21.0,21.0,5.530299731363014e-05,5.530299731363014e-05,0.0,matched
113,100,5,5,5,1.0,10.0,10.0,21.0,21.0,5.530299731363014e-05,5.530299731363014e-05,0.0,matched
114,105,5,5,5,1.0,10.0,10.0,21.0,21.0,5.530299731363014e-05,5.530299731363014e-05,0.0,matched
115,101,5,5,5,1.0,9.0,9.0,19.0,19.0,4.9772972109075485e-05,4.9772972109075485e-05,0.0,matched
118,123,4,4,4,1.0,6.0,6.0,13.0,13.0,3.318252944006888e-05,3.318252944006888e-05,0.0,matched
120,113,4,4,4,1.0,6.0,6.0,13.0,13.0,3.318252944006888e-05,3.318252944006888e-05,0.0,matched
121,109,4,4,4,1.0,6.0,6.0,13.0,13.0,3.318252944006888e-05,3.318252944006888e-05,0.0,matched
122,111,4,4,4,1.0,6.0,6.0,13.0,13.0,3.318252944006888e-05,3.318252944006888e-05,0.0,matched
124,135,4,4,4,1.0,6.0,6.0,13.0,13.0,3.318252944006888e-05,3.318252944006888e-05,0.0,matched
126,127,4,4,4,1.0,6.0,6.0,14.0,14.0,3.318232297143864e-05,3.318232297143864e-05,0.0,matched
127,131,4,4,4,1.0,6.0,6.0,13.0,13.0,3.318252944006888e-05,3.318252944006888e-05,0.0,matched
128,122,4,4,4,1.0,6.0,6.0,13.0,13.0,3.318252944006888e-05,3.318252944006888e-05,0.0,matched
129,136,4,4,4,1.0,6.0,6.0,13.0,13.0,3.318252944006888e-05,3.318252944006888e-05,0.0,matched
131,116,4,4,4,1.0,6.0,6.0,13.0,13.0,3.318252944006888e-05,3.318252944006888e-05,0.0,matched
132,124,4,4,4,1.0,5.0,5.0,11.0,11.0,2.7652259531952453e-05,2.7652259531952453e-05,0.0,matched
133,120,4,4,4,1.0,6.0,6.0,13.0,13.0,3.318252944006888e-05,3.318252944006888e-05,0.0,matched
136,130,4,4,4,1.0,6.0,6.0,13.0,13.0,3.318252944006888e-05,3.318252944006888e-05,0.0,matched
137,117,4,4,4,1.0,6.0,6.0,13.0,13.0,3.318252944006888e-05,3.318252944006888e-05,0.0,matched
138,118,4,4,4,1.0,6.0,6.0,13.0,13.0,3.318252944006888e-05,3.318252944006888e-05,0.0,matched
139,132,4,4,4,1.0,6.0,6.0,13.0,13.0,3.318252944006888e-05,3.318252944006888e-05,0.0,matched
140,112,4,4,4,1.0,6.0,6.0,13.0,13.0,3.318252944006888e-05,3.318252944006888e-05,0.0,matched
141,108,4,4,4,1.0,6.0,6.0,13.0,13.0,3.318252944006888e-05,3.318252944006888e-05,0.0,matched
142,129,4,4,4,1.0,6.0,6.0,13.0,13.0,3.318252944006888e-05,3.318252944006888e-05,0.0,matched
143,119,4,4,4,1.0,5.0,5.0,11.0,11.0,2.7652259531952453e-05,2.7652259531952453e-05,0.0,matched
144,125,4,4,4,1.0,6.0,6.0,13.0,13.0,3.318252944006888e-05,3.318252944006888e-05,0.0,matched
