network,n,m,avg_deg,deg_cv,deg_max,delta_real,delta_null,delta_star,delta_ratio,hb_real,hb_null,hb_excess,hb_ratio,dQ_real,dQ_null,dQ_excess,dQ_ratio,Qfix_real,Qfix_null,Qfix_ratio,delta_null_std,hb_null_std,dQ_null_std
email-Eu-core,986,16064,32.5841784989858,1.1363031286334035,345,0.03400028641615006,0.0412881083691426,-0.007287821952992539,0.8234885965752012,2.1130545325546457,1.4035454378855503,0.7095090946690954,1.5055120237061759,0.08193334267210715,0.035006591100077936,0.04692675157202922,2.34051188925747,0.41585277609990806,0.12738841016815458,3.264447492130377,0.0015584144452487902,0.0023775665483416475,0.0032278493601680196
wiki-Vote,7066,100736,28.512878573450326,2.02464956247605,1065,0.05132495596724757,0.10094217557363404,-0.049617219606386466,0.5084589833295963,1.9023088754692734,1.6885369343408987,0.21377194112837472,1.1266018745463913,0.07108517602180814,0.084326560218108,-0.01324138419629986,0.8429749279224549,0.42397618528227865,0.12595153018171582,3.366185267226127,0.0008578359344889874,0.02716971168235971,0.0012169847162807322
ca-GrQc,4158,13422,6.455988455988456,1.3361011482507996,81,0.08723506953795679,0.18899591213469116,-0.10176084259673437,0.4615711977716599,0.47820995409767336,1.758210677731826,-1.2800007236341526,0.27198671931317503,0.017609826415055374,0.09908181875610496,-0.08147199234104958,0.1777301490438208,0.8513623535140842,0.3768288667575639,2.259281144885897,0.0008797991151744677,0.06286856842377864,0.003100450207274939
ca-HepTh,8638,24806,5.74345913405881,1.123171459531342,65,0.1736473032809125,0.21466311765824525,-0.04101581437733276,0.8089293828172567,1.5813393919743293,1.9288761270895676,-0.3475367351152383,0.8198242332753489,0.05232279091354267,0.09411402572847255,-0.04179123481492988,0.5559510445817996,0.7618818232012058,0.4128646472064641,1.8453549567788647,0.0015342644549711376,0.047256096908319445,0.001598608187697282
facebook-combined,4039,88234,43.69101262688784,1.1996544006654382,1045,-0.0013638792983321768,0.016970839369776277,-0.018334718668108454,-0.08036604840896308,2.6805784490447526,1.391131008780214,1.2894474402645386,1.9269058285137108,0.025556098970271262,0.026965660316770494,-0.0014095613464992322,0.94772754199449,0.8355423244388935,0.11456036255954741,7.293467878164112,0.0005930521295254877,0.042078359251535025,0.0004906651840233162
ca-CondMat,21363,91286,8.546177971258718,1.276421817287541,279,0.11257658386808375,0.10179229975574344,0.010784284112340309,1.1059440069456907,2.4896442710970432,1.49281686138378,0.9968274097132632,1.6677492969829166,0.060564420233379455,0.06665482140305617,-0.006090401169676719,0.9086277475285911,0.731159427192281,0.3119364029049604,2.3439374833563362,0.00029290951274341115,0.031699475345974726,0.0012131941409829212
ca-HepPh,11204,117619,20.995894323455907,2.287668083176663,491,0.021080995336047792,0.09353692694865631,-0.07245593161260852,0.22537618054973557,0.5014884122655481,1.8724811938499153,-1.3709927815843672,0.2678202664532308,0.08642192541614713,0.09168421496864564,-0.005262289552498509,0.9426041925068768,0.6511765764583316,0.15711477798687012,4.144591519664367,0.0015611384319696928,0.010418752105211593,0.0016150967193059797
ca-AstroPh,17903,196972,22.004356811707535,1.4092393137210237,504,0.03319857080793477,0.04127700378179983,-0.008078432973865061,0.8042873214206728,1.4956166705922789,1.2935318957776176,0.20208477481466125,1.1562271293613338,0.03932982987962019,0.0488824614584817,-0.009552631578861506,0.8045795712031598,0.6343080993237187,0.16759781517690078,3.7847038677336076,0.0024346232814046534,0.006620516217975769,0.0010996654664749358
email-Enron,33696,180811,10.731896961063628,3.5022164233507773,1383,0.15007964500757942,0.2399520810698438,-0.08987243606226439,0.6254567342714362,2.9744190640227472,4.471915468428589,-1.497496404405842,0.6651331146623719,0.14224651905118135,0.1562139125915573,-0.01396739354037596,0.9105880308055812,0.612428927514086,0.2420425840408335,2.5302528063027405,0.0035977028647510567,0.1746035630706384,0.0012921276635592973
cit-HepTh,27400,352021,25.694963503649635,1.7722047976677755,2468,0.026474311730763464,0.03219397559882149,-0.005719663868058028,0.8223374478712283,2.1725629541584786,1.7775272673300306,0.3950356868284479,1.2222388899956618,0.04612286268534956,0.03759029794821377,0.00853256473713579,1.2269884838074618,0.6566588620689939,0.15825581788075954,4.149350531705346,8.567575761445068e-05,0.14946136109221564,0.0006025240074462013
cit-HepPh,34401,420784,24.463474898985496,1.263205603975491,846,0.011016105351387237,0.026360619441029583,-0.015344514089642346,0.41790009434455744,1.3581283608492805,1.300185315377218,0.057943045472062416,1.0445652206549123,0.012617045259450288,0.03193337821584329,-0.019316332956393005,0.3951052461211423,0.7314332495060649,0.1675263446761743,4.366078964594575,0.0006230755130942692,0.03597420502119164,0.00036183861816265227
com-Amazon,334863,925872,5.529855493141971,1.0419132926959411,549,0.00961229304191441,0.1389081194808064,-0.12929582643889198,0.0691989286000131,1.0418094342918638,2.13852790033223,-1.0967184660403662,0.48716195572197774,1.5338336055788677e-05,0.05857984528495992,-0.05856450694890413,0.00026183640433285197,0.9295759329493654,0.4234549082730643,2.1952182269898963,0.001376704384020433,0.02381763061562303,0.0005404582527720938
com-DBLP,317080,1049866,6.622089062697111,1.5112614098166843,343,0.1468700896069604,0.1965262305497596,-0.04965614094279919,0.747330721177057,1.5830536132375563,2.308001049917374,-0.7249474366798179,0.6858981339259916,0.043728930009804934,0.09796720175716213,-0.054238271747357195,0.44636295847460017,0.8270797363743959,0.3646711372387552,2.2680153483956573,0.002167011177232711,0.0783830195023194,0.0005124900536558543
com-Youtube,1134890,2987624,5.265045951590022,9.63986703579333,28754,0.2458885725709366,0.5519653199381047,-0.3060767473671681,0.4454783003368937,3.9964982827449793,14.065817335329047,-10.069319052584067,0.2841284077184049,0.09585589701143067,0.2633138023944851,-0.16745790538305444,0.3640367354075257,0.7188132473549275,0.40237317915355925,1.7864342968063585,0.00024208142808473943,0.09413261164418074,0.00021805117886985445
wiki-Talk,2388953,4656682,3.8985128631664163,26.32406555212651,100029,0.5134569796725614,0.8312882626527902,-0.3178312829802288,0.6176641758828977,10.477241814036514,105.63033874226369,-95.15309692822717,0.09918780852914628,0.2020161192119991,0.3528957937067474,-0.1508796744947483,0.5724526129656063,0.5994607566204193,0.48780516258100837,1.2288938342690636,2.862642411638472e-05,0.062263624941742535,8.387734271382245e-05
cit-Patents,3764117,16511740,8.773234200743495,1.1966123185313842,793,0.037773132621830824,0.1659245690360051,-0.12815143641417429,0.22765243773894733,0.7228255041251593,1.9402382640355045,-1.2174127599103453,0.372544711401451,0.004713480554985994,0.07676673145010096,-0.07205325089511497,0.061400042257234784,0.8268148384917874,0.2962161335251311,2.7912552522114398,0.0,0.0,2.385411701702478e-05
wiki-topcats,1791489,25444207,28.405652504704186,10.11431459479267,238342,0.022923021813954197,0.028657755897107617,-0.00573473408315342,0.7998889339506092,5.076474747838267,6.919963224569779,-1.8434884767315118,0.7335985153524969,0.04835757675628268,0.05377175665704782,-0.005414179900765141,0.8993118276701212,0.6452102104337216,0.1411925073360886,4.56971989949786,0.0,0.0,2.4197956952951016e-05
