dataset,alpha,seed,n_lcc,m_lcc,n_comm,Q_orig,m_sparse,realized_retention,Q_fixed_sparse,dQ_fixed,Q_leiden_sparse,dQ_leiden_sparse,F_orig,F_sparse,dF_obs,G_orig,G_sparse,dG_obs,dQ_reconstructed,recon_abs_err,intra_rate,inter_rate,ratio_observed,ratio_predicted,mu_intra,mu_inter,delta,n1,n2
cit-HepTh,0.3,30000,27400,352021,26,0.6566588620689939,77470,0.22007209797142785,0.7193637960831418,0.0627049340141479,0.7376061389720211,0.08094727690302717,0.7344249348760443,0.7824190009035755,0.0479940660275312,0.07776607280705047,0.06305520482043382,-0.014710867986616652,0.06270493401414785,4.163336342344337e-17,0.23445362874371936,0.18030121512921443,0.7690271892797241,0.6880500689769631,0.08486718251208199,0.05839287078131852,0.026474311730763464,258533,93488
cit-HepTh,0.3,30001,27400,352021,26,0.6566588620689939,77530,0.2202425423483258,0.718970507732044,0.06231164566305003,0.7299163655318296,0.07325750346283566,0.7344249348760443,0.7822649297046305,0.04783999482858614,0.07776607280705047,0.0632944219725865,-0.014471650834463973,0.062311645663050114,8.326672684688674e-17,0.23458900797963897,0.18056862912887214,0.7697233160410675,0.6880500689769631,0.08486718251208199,0.05839287078131852,0.026474311730763464,258533,93488
cit-HepTh,0.3,30002,27400,352021,26,0.6566588620689939,77583,0.22039310154791902,0.7173829819580848,0.06072411988909088,0.7323490617553103,0.0756901996863164,0.7344249348760443,0.7805833752239537,0.04615844034790939,0.07776607280705047,0.06320039326586895,-0.014565679541181528,0.06072411988909092,4.163336342344337e-17,0.23424475792258628,0.18208754064692795,0.7773388069034383,0.6880500689769631,0.08486718251208199,0.05839287078131852,0.026474311730763464,258533,93488
cit-HepTh,0.3,30003,27400,352021,26,0.6566588620689939,77490,0.22012891276372717,0.7177984554965535,0.06113959342755959,0.7430795004233436,0.08642063835434965,0.7344249348760443,0.7808362369337979,0.04641130205775357,0.07776607280705047,0.06303778143724446,-0.01472829136980601,0.06113959342755958,1.3877787807814457e-17,0.23403975507962232,0.18165967824747561,0.7761915414142928,0.6880500689769631,0.08486718251208199,0.05839287078131852,0.026474311730763464,258533,93488
cit-HepTh,0.3,30004,27400,352021,26,0.6566588620689939,77551,0.2203021978802401,0.7175206049276927,0.06086174285869872,0.7321789249034347,0.0755200628344408,0.7344249348760443,0.7809312581398048,0.046506323263760474,0.07776607280705047,0.06341065321211226,-0.014355419594938218,0.06086174285869869,2.7755575615628914e-17,0.23425249387892455,0.18172385760739346,0.7757606102640642,0.6880500689769631,0.08486718251208199,0.05839287078131852,0.026474311730763464,258533,93488
cit-HepTh,0.3,30005,27400,352021,26,0.6566588620689939,77412,0.2199073350737598,0.7185485201874076,0.061889658118413626,0.741801781525413,0.08514291945641905,0.7344249348760443,0.7817392652301969,0.047314330354152556,0.07776607280705047,0.06319074504278943,-0.014575327764261042,0.0618896581184136,2.7755575615628914e-17,0.2340745668831445,0.1807290775286668,0.7721004461748763,0.6880500689769631,0.08486718251208199,0.05839287078131852,0.026474311730763464,258533,93488
cit-HepTh,0.3,30006,27400,352021,26,0.6566588620689939,77681,0.2206714940301857,0.7188216954036025,0.06216283333460859,0.7327368366876547,0.07607797461866073,0.7344249348760443,0.7820187690683693,0.04759383419232499,0.07776607280705047,0.06319707366476664,-0.014568999142283837,0.06216283333460883,2.3592239273284576e-16,0.23497193781838296,0.1811248502481602,0.7708360918747547,0.6880500689769631,0.08486718251208199,0.05839287078131852,0.026474311730763464,258533,93488
cit-HepTh,0.3,30007,27400,352021,26,0.6566588620689939,77476,0.22008914240911764,0.7174374804050978,0.06077861833610387,0.7312132643770473,0.07455440230805332,0.7344249348760443,0.780693376013217,0.046268441137172656,0.07776607280705047,0.06325589560811927,-0.014510177198931204,0.06077861833610386,1.3877787807814457e-17,0.23395465955990144,0.18174525072736608,0.7768396281110711,0.6880500689769631,0.08486718251208199,0.05839287078131852,0.026474311730763464,258533,93488
cit-HepTh,0.3,30008,27400,352021,26,0.6566588620689939,77290,0.21956076484073395,0.7177351248608053,0.06107626279181133,0.7367010952980055,0.0800422332290116,0.7344249348760443,0.7806960796998318,0.04627114482378747,0.07776607280705047,0.06296095483902633,-0.01480511796802414,0.06107626279181161,2.7755575615628914e-16,0.2333938027253774,0.18130669176792744,0.7768273606701622,0.6880500689769631,0.08486718251208199,0.05839287078131852,0.026474311730763464,258533,93488
cit-HepTh,0.3,30009,27400,352021,26,0.6566588620689939,77540,0.22027094974447547,0.7171329859021233,0.060474123833129334,0.7332122439871285,0.07655338191813454,0.7344249348760443,0.7803843177714728,0.04595938289542845,0.07776607280705047,0.06325133186934927,-0.014514740937701207,0.06047412383312965,3.191891195797325e-16,0.23405522699229886,0.1821517200068458,0.7782424786985814,0.6880500689769631,0.08486718251208199,0.05839287078131852,0.026474311730763464,258533,93488
cit-HepTh,0.35,35000,27400,352021,26,0.6566588620689939,87096,0.24741705750509202,0.7163288558073536,0.05966999373835968,0.7346936324648948,0.0780347703959009,0.7344249348760443,0.7797832277027648,0.04535829282672044,0.07776607280705047,0.06345437189541124,-0.014311700911639233,0.05966999373835967,1.3877787807814457e-17,0.2626976053347155,0.20516002053739518,0.7809740795923551,0.6880500689769631,0.08486718251208199,0.05839287078131852,0.026474311730763464,258533,93488
cit-HepTh,0.35,35001,27400,352021,26,0.6566588620689939,86993,0.24712446132475052,0.7176201187926151,0.06096125672362118,0.7350760309270638,0.07841716885806982,0.7344249348760443,0.780993873070247,0.046568938194202714,0.07776607280705047,0.06337375427763195,-0.014392318529418524,0.06096125672362124,5.551115123125783e-17,0.2627943047889438,0.2037908608591477,0.7754767022931371,0.6880500689769631,0.08486718251208199,0.05839287078131852,0.026474311730763464,258533,93488
cit-HepTh,0.35,35002,27400,352021,26,0.6566588620689939,87095,0.24741421676547706,0.7127067776175603,0.05604791554856636,0.7399825347283087,0.08332367265931473,0.7344249348760443,0.7762443309030369,0.041819396026992584,0.07776607280705047,0.06353755328547664,-0.014228519521573835,0.05604791554856642,5.551115123125783e-17,0.26150240008045395,0.20845456101317816,0.797142056627568,0.6880500689769631,0.08486718251208199,0.05839287078131852,0.026474311730763464,258533,93488
cit-HepTh,0.35,35003,27400,352021,26,0.6566588620689939,87391,0.24825507569150704,0.7167393994401328,0.06008053737113883,0.7409660347684243,0.08430717269943033,0.7344249348760443,0.7803549564600474,0.045930021584003056,0.07776607280705047,0.0636155570199147,-0.014150515787135776,0.06008053737113883,0.0,0.26378063922207223,0.2053204689371898,0.7783758108355108,0.6880500689769631,0.08486718251208199,0.05839287078131852,0.026474311730763464,258533,93488
cit-HepTh,0.35,35004,27400,352021,26,0.6566588620689939,87101,0.24743126120316686,0.7159181262081135,0.05925926413911953,0.7294801823026646,0.07282132023367072,0.7344249348760443,0.7793481131100676,0.04492317823402325,0.07776607280705047,0.06342998690195385,-0.014336085905096621,0.059259264139119874,3.469446951953614e-16,0.262566094076965,0.2055771863768612,0.7829540485779597,0.6880500689769631,0.08486718251208199,0.05839287078131852,0.026474311730763464,258533,93488
cit-HepTh,0.35,35005,27400,352021,26,0.6566588620689939,87176,0.24764431667428932,0.7158599376130417,0.05920107554404774,0.7389057893725093,0.08224692730351535,0.7344249348760443,0.7794576488941911,0.04503271401814679,0.07776607280705047,0.06359771128114962,-0.014168361525900855,0.059201075544047646,9.71445146547012e-17,0.26282911659246594,0.20565206229676536,0.7824554028222169,0.6880500689769631,0.08486718251208199,0.05839287078131852,0.026474311730763464,258533,93488
cit-HepTh,0.35,35006,27400,352021,26,0.6566588620689939,87224,0.24778067217580768,0.7150806788312503,0.05842181676225633,0.7264275666445855,0.06976870457559159,0.7344249348760443,0.7784784004402459,0.04405346556420153,0.07776607280705047,0.06339772160899568,-0.014368351198054796,0.05842181676225633,0.0,0.26264345364034763,0.20667893205545096,0.7869182695810419,0.6880500689769631,0.08486718251208199,0.05839287078131852,0.026474311730763464,258533,93488
cit-HepTh,0.35,35007,27400,352021,26,0.6566588620689939,86965,0.24704492061553146,0.7174010081679889,0.060742146098994976,0.732399607996192,0.07574074592719804,0.7344249348760443,0.7808773644569654,0.046452429580921106,0.07776607280705047,0.06347635628897653,-0.014289716518073939,0.060742146098995045,6.938893903907228e-17,0.26267052948753156,0.20383364709909293,0.7760050109038537,0.6880500689769631,0.08486718251208199,0.05839287078131852,0.026474311730763464,258533,93488
cit-HepTh,0.35,35008,27400,352021,26,0.6566588620689939,87179,0.24765283889313422,0.7170007055233405,0.060341843454346566,0.7396100470510021,0.08295118498200815,0.7344249348760443,0.7805664208123516,0.04614148593630729,0.07776607280705047,0.06356571528901109,-0.014200357518039386,0.06034184345434668,1.1102230246251565e-16,0.26321204643120993,0.20462519253807976,0.7774157577987535,0.6880500689769631,0.08486718251208199,0.05839287078131852,0.026474311730763464,258533,93488
cit-HepTh,0.35,35009,27400,352021,26,0.6566588620689939,87308,0.24801929430346484,0.7157116111204329,0.05905274905143898,0.720507911710015,0.06384904964102112,0.7344249348760443,0.7793443899757182,0.04491945509967388,0.07776607280705047,0.06363277885528527,-0.0141332939517652,0.05905274905143908,9.71445146547012e-17,0.26318883856219516,0.20606922813623138,0.7829710000697251,0.6880500689769631,0.08486718251208199,0.05839287078131852,0.026474311730763464,258533,93488
cit-HepTh,0.39999999999999997,40000,27400,352021,26,0.6566588620689939,96457,0.2740092210407902,0.7119045190788885,0.05524565700989459,0.7286289647016675,0.07197010263267356,0.7344249348760443,0.7761074883108535,0.0416825534348092,0.07776607280705047,0.06420296923196499,-0.013563103575085486,0.055245657009894686,9.71445146547012e-17,0.2895607137193318,0.2310029094643163,0.7977702033440387,0.6880500689769631,0.08486718251208199,0.05839287078131852,0.026474311730763464,258533,93488
cit-HepTh,0.39999999999999997,40001,27400,352021,26,0.6566588620689939,96093,0.2729751918209425,0.7147226412090328,0.05806377914003891,0.7350288371115589,0.07836997504256493,0.7344249348760443,0.778527051918454,0.04410211704240963,0.07776607280705047,0.06380441070942104,-0.013961662097629432,0.05806377914003906,1.5265566588595902e-16,0.2893673148108752,0.22764418962861543,0.7866962783180927,0.6880500689769631,0.08486718251208199,0.05839287078131852,0.026474311730763464,258533,93488
cit-HepTh,0.39999999999999997,40002,27400,352021,26,0.6566588620689939,96333,0.2736569693285344,0.7143578387904412,0.057698976721447304,0.7241823251416981,0.06752346307270418,0.7344249348760443,0.7783417935702199,0.04391685869417561,0.07776607280705047,0.06398395477977849,-0.013782118027271986,0.057698976721447595,2.914335439641036e-16,0.2900210031214584,0.22840364538764332,0.7875417398373378,0.6880500689769631,0.08486718251208199,0.05839287078131852,0.026474311730763464,258533,93488
cit-HepTh,0.39999999999999997,40003,27400,352021,26,0.6566588620689939,96137,0.273100184364001,0.7145113411479043,0.057852479078910335,0.7328014941456974,0.07614263207670346,0.7344249348760443,0.7784099774280454,0.043985042552001086,0.07776607280705047,0.06389863628014136,-0.01386743652690911,0.057852479078910196,1.3877787807814457e-16,0.28945627830876525,0.22786881738832793,0.7872305231025547,0.6880500689769631,0.08486718251208199,0.05839287078131852,0.026474311730763464,258533,93488
cit-HepTh,0.39999999999999997,40004,27400,352021,26,0.6566588620689939,96361,0.27373651003775346,0.7134201249646641,0.056761262895670184,0.7266143407881713,0.0699554787191774,0.7344249348760443,0.7772542833719036,0.04282934849585929,0.07776607280705047,0.06383415840723954,-0.013931914399810938,0.056761262895670225,4.163336342344337e-17,0.2896999609334205,0.22959096354612357,0.7925129254639033,0.6880500689769631,0.08486718251208199,0.05839287078131852,0.026474311730763464,258533,93488
cit-HepTh,0.39999999999999997,40005,27400,352021,26,0.6566588620689939,96284,0.27351777308740105,0.7139972554785835,0.05733839340958957,0.7324926102457189,0.07583374817672495,0.7344249348760443,0.7779901125836068,0.04356517770756252,0.07776607280705047,0.06399285710502328,-0.013773215702027192,0.05733839340958971,1.3877787807814457e-16,0.28974250869328094,0.22864966626732844,0.7891478102351047,0.6880500689769631,0.08486718251208199,0.05839287078131852,0.026474311730763464,258533,93488
cit-HepTh,0.39999999999999997,40006,27400,352021,26,0.6566588620689939,96241,0.2733956212839575,0.7132817143984489,0.056622852329454965,0.7379737432399978,0.08131488117100383,0.7344249348760443,0.7770700636942676,0.042645128818223244,0.07776607280705047,0.06378834929581906,-0.013977723511231416,0.05662285232945466,3.0531133177191805e-16,0.28927061535664694,0.2294946945062468,0.7933564016631923,0.6880500689769631,0.08486718251208199,0.05839287078131852,0.026474311730763464,258533,93488
cit-HepTh,0.39999999999999997,40007,27400,352021,26,0.6566588620689939,95878,0.2723644328037248,0.7150011075158388,0.058342245446844854,0.737006274835107,0.08034741276611301,0.7344249348760443,0.7786770687749014,0.04425213389885707,0.07776607280705047,0.06367596125906304,-0.014090111547987436,0.05834224544684451,3.469446951953614e-16,0.2887755141509981,0.22698100290946432,0.786011942795046,0.6880500689769631,0.08486718251208199,0.05839287078131852,0.026474311730763464,258533,93488
cit-HepTh,0.39999999999999997,40008,27400,352021,26,0.6566588620689939,96374,0.273773439652748,0.7146749860808542,0.05801612401186029,0.7316967644231428,0.07503790235414887,0.7344249348760443,0.7783842115093282,0.04395927663328392,0.07776607280705047,0.06370922542847397,-0.0140568473785765,0.05801612401186042,1.249000902703301e-16,0.2901602503355471,0.22845712818757488,0.7873481220235456,0.6880500689769631,0.08486718251208199,0.05839287078131852,0.026474311730763464,258533,93488
cit-HepTh,0.39999999999999997,40009,27400,352021,26,0.6566588620689939,96064,0.2728928103721085,0.7157794199929062,0.05912055792391224,0.7372634693096737,0.08060460724067975,0.7344249348760443,0.7795844437041972,0.045159508828152894,0.07776607280705047,0.06380502371129107,-0.013961049095759404,0.0591205579239123,5.551115123125783e-17,0.28967288508623656,0.22648896115009412,0.7818783628390611,0.6880500689769631,0.08486718251208199,0.05839287078131852,0.026474311730763464,258533,93488
cit-HepTh,0.44999999999999996,45000,27400,352021,26,0.6566588620689939,104375,0.29650219731209215,0.7102274366409697,0.053568574571975724,0.7276540610104346,0.07099519894144068,0.7344249348760443,0.7744287425149701,0.04000380763892575,0.07776607280705047,0.0642013058740005,-0.013564766933049976,0.053568574571975724,0.0,0.31265254338904513,0.251839808317645,0.8054941936111852,0.6880500689769631,0.08486718251208199,0.05839287078131852,0.026474311730763464,258533,93488
cit-HepTh,0.44999999999999996,45001,27400,352021,26,0.6566588620689939,104626,0.29721522295544867,0.7108191514389469,0.054160289369952985,0.7318602186295894,0.07520135656059546,0.7344249348760443,0.7750081241756351,0.040583189299590816,0.07776607280705047,0.06418897273668835,-0.013577100070362128,0.054160289369952944,4.163336342344337e-17,0.3136388778221736,0.25179702207769983,0.8028246492466513,0.6880500689769631,0.08486718251208199,0.05839287078131852,0.026474311730763464,258533,93488
cit-HepTh,0.44999999999999996,45002,27400,352021,26,0.6566588620689939,104751,0.29757031540731943,0.7128285387491121,0.056169676680118186,0.7272504512781954,0.0705915892092015,0.7344249348760443,0.7769854225735315,0.042560487697487215,0.07776607280705047,0.06415688382441949,-0.013609188982630985,0.0561696766801182,1.3877787807814457e-17,0.31481474318558944,0.2498823378401506,0.7937440772678174,0.6880500689769631,0.08486718251208199,0.05839287078131852,0.026474311730763464,258533,93488
cit-HepTh,0.44999999999999996,45003,27400,352021,26,0.6566588620689939,105022,0.2983401558429753,0.7113502134893585,0.05469135142036452,0.7306895132693848,0.07403065120039087,0.7344249348760443,0.7755422673344633,0.041117332458418976,0.07776607280705047,0.0641920538451049,-0.013574018961945572,0.05469135142036455,2.7755575615628914e-17,0.3150429538975682,0.252150008557248,0.8003670783230119,0.6880500689769631,0.08486718251208199,0.05839287078131852,0.026474311730763464,258533,93488
cit-HepTh,0.44999999999999996,45004,27400,352021,26,0.6566588620689939,104638,0.29724931183082826,0.7130048616392497,0.05634599957025577,0.7287424410014048,0.07208357893241091,0.7344249348760443,0.7772033104608268,0.04277837558478248,0.07776607280705047,0.06419844882157723,-0.013567623985473246,0.056345999570255725,4.163336342344337e-17,0.3145633246045959,0.2493689029608078,0.7927462722307597,0.6880500689769631,0.08486718251208199,0.05839287078131852,0.026474311730763464,258533,93488
cit-HepTh,0.44999999999999996,45005,27400,352021,26,0.6566588620689939,104768,0.2976186079807739,0.7126845135573019,0.05602565148830796,0.7350644250048639,0.07840556293586998,0.7344249348760443,0.7771170586438607,0.04269212376781639,0.07776607280705047,0.06443254508655877,-0.013333527720491706,0.0560256514883081,1.3877787807814457e-16,0.314919178596156,0.24977537224028754,0.7931411905547768,0.6880500689769631,0.08486718251208199,0.05839287078131852,0.026474311730763464,258533,93488
cit-HepTh,0.44999999999999996,45006,27400,352021,26,0.6566588620689939,104742,0.29754474875078474,0.7140661035732865,0.05740724150429255,0.7289754703820489,0.07231660831305498,0.7344249348760443,0.7782742357411545,0.043849300865110186,0.07776607280705047,0.06420813216786807,-0.013557940639182406,0.05740724150429259,4.163336342344337e-17,0.31530984439123827,0.24841690912202635,0.7878501529238308,0.6880500689769631,0.08486718251208199,0.05839287078131852,0.026474311730763464,258533,93488
cit-HepTh,0.44999999999999996,45007,27400,352021,26,0.6566588620689939,104769,0.2976214487203888,0.7136448488722004,0.056985986803206434,0.721451214699939,0.06479235263094507,0.7344249348760443,0.7777682329696761,0.0433432980936318,0.07776607280705047,0.06412338409747571,-0.01364268870957476,0.05698598680320656,1.249000902703301e-16,0.31518606908982605,0.24904800616121855,0.79016184592296,0.6880500689769631,0.08486718251208199,0.05839287078131852,0.026474311730763464,258533,93488
cit-HepTh,0.44999999999999996,45008,27400,352021,26,0.6566588620689939,104433,0.2966669602097602,0.7107779828677667,0.05411912079877279,0.7294531601920223,0.0727942981230284,0.7344249348760443,0.7748125592485134,0.04038762437246912,0.07776607280705047,0.06403457638074643,-0.013731496426304043,0.054119120798773165,3.7470027081099033e-16,0.3129813215334213,0.2515510011980147,0.8037252829196492,0.6880500689769631,0.08486718251208199,0.05839287078131852,0.026474311730763464,258533,93488
cit-HepTh,0.44999999999999996,45009,27400,352021,26,0.6566588620689939,104807,0.29772939682575755,0.7117564018824566,0.05509753981346266,0.7288135269088936,0.07215466483989963,0.7344249348760443,0.776055034491971,0.041630099615926675,0.07776607280705047,0.06429863260951452,-0.013467440197535957,0.05509753981346263,2.7755575615628914e-17,0.31460587236445636,0.25105895943864454,0.7980110401366073,0.6880500689769631,0.08486718251208199,0.05839287078131852,0.026474311730763464,258533,93488
cit-HepTh,0.5,50000,27400,352021,26,0.6566588620689939,112554,0.3197366066229003,0.7111347692945449,0.05447590722555096,0.7316899751264588,0.0750311130574649,0.7344249348760443,0.7754766600920447,0.04105172521600042,0.07776607280705047,0.0643418907974998,-0.013424182009550673,0.054475907225551096,1.3877787807814457e-16,0.3376087385362797,0.2703127674139997,0.8006687521950847,0.6880500689769631,0.08486718251208199,0.05839287078131852,0.026474311730763464,258533,93488
cit-HepTh,0.5,50001,27400,352021,26,0.6566588620689939,112495,0.31956900298561736,0.7098076774235584,0.053148815354564505,0.7254791153673334,0.06882025329833952,0.7344249348760443,0.7739632872572114,0.0395383523811671,0.07776607280705047,0.06415560983365315,-0.013610462973397325,0.05314881535456442,8.326672684688674e-17,0.33677325525174734,0.2719921273318501,0.8076417087471166,0.6880500689769631,0.08486718251208199,0.05839287078131852,0.026474311730763464,258533,93488
cit-HepTh,0.5,50002,27400,352021,26,0.6566588620689939,112699,0.32014851386707044,0.7100864218728494,0.053427559803855496,0.7283297420022311,0.07167087993323717,0.7344249348760443,0.7743546970248183,0.03992976214877397,0.07776607280705047,0.0642682751519689,-0.013497797655081578,0.05342755980385555,5.551115123125783e-17,0.33755458684191186,0.2720135204518227,0.805835651639999,0.6880500689769631,0.08486718251208199,0.05839287078131852,0.026474311730763464,258533,93488
cit-HepTh,0.5,50003,27400,352021,26,0.6566588620689939,112826,0.3205092877981711,0.7114056509751318,0.05474678890613782,0.7273689249968679,0.07071006292787396,0.7344249348760443,0.7758495382270044,0.0414246033509601,0.07776607280705047,0.06444388725187268,-0.013322185555177793,0.05474678890613789,6.938893903907228e-17,0.3385873370130699,0.2705160020537395,0.7989548706698892,0.6880500689769631,0.08486718251208199,0.05839287078131852,0.026474311730763464,258533,93488
cit-HepTh,0.5,50004,27400,352021,26,0.6566588620689939,112889,0.320688254393914,0.7110324122847697,0.05437355021577572,0.7254453486023102,0.06878648653331632,0.7344249348760443,0.7755228587373437,0.0410979238612994,0.07776607280705047,0.06449044645257408,-0.013275626354476391,0.05437355021577579,6.938893903907228e-17,0.33863375275109947,0.2710615266130412,0.8004563172185474,0.6880500689769631,0.08486718251208199,0.05839287078131852,0.026474311730763464,258533,93488
cit-HepTh,0.5,50005,27400,352021,26,0.6566588620689939,112659,0.3200348842824718,0.7105703208173417,0.053911458748347796,0.7170976120087431,0.06043874993974918,0.7344249348760443,0.7750201936818186,0.040595258805774304,0.07776607280705047,0.06444987286447704,-0.013316199942573437,0.05391145874834774,5.551115123125783e-17,0.33772477788135363,0.2711150094129728,0.8027690805328427,0.6880500689769631,0.08486718251208199,0.05839287078131852,0.026474311730763464,258533,93488
cit-HepTh,0.5,50006,27400,352021,26,0.6566588620689939,112746,0.3202820286289738,0.711375036811123,0.05471617474212909,0.7285072562977812,0.0718483942287873,0.7344249348760443,0.7757703155766058,0.041345380700561485,0.07776607280705047,0.06439527876548273,-0.01337079404156774,0.054716174742129225,1.3877787807814457e-16,0.33831271056306156,0.27041973301386274,0.7993188685219571,0.6880500689769631,0.08486718251208199,0.05839287078131852,0.026474311730763464,258533,93488
cit-HepTh,0.5,50007,27400,352021,26,0.6566588620689939,112945,0.3208473358123521,0.7098745282336517,0.05321566616465778,0.724527692969484,0.06786883090049012,0.7344249348760443,0.7742263933773076,0.039801458501263265,0.07776607280705047,0.06435186514365601,-0.013414207663394462,0.05321566616465773,5.551115123125783e-17,0.33823535099967894,0.2727622796508643,0.806427473783257,0.6880500689769631,0.08486718251208199,0.05839287078131852,0.026474311730763464,258533,93488
cit-HepTh,0.5,50008,27400,352021,26,0.6566588620689939,112321,0.31907471429261325,0.7120432811908097,0.0553844191218158,0.72864132967156,0.0719824676025661,0.7344249348760443,0.7763374613830005,0.041912526506956205,0.07776607280705047,0.06429418019219066,-0.013471892614859815,0.05538441912181602,2.220446049250313e-16,0.3372838283700727,0.2687189799760397,0.7967146876701048,0.6880500689769631,0.08486718251208199,0.05839287078131852,0.026474311730763464,258533,93488
cit-HepTh,0.5,50009,27400,352021,26,0.6566588620689939,112538,0.3196911547890609,0.7094865123414091,0.052827650272415205,0.7296770149032271,0.07301815283423319,0.7344249348760443,0.7740851978887131,0.039660263012668784,0.07776607280705047,0.06459868554730419,-0.013167387259746283,0.052827650272415067,1.3877787807814457e-16,0.33695505022569655,0.27194934109190483,0.8070789884578073,0.6880500689769631,0.08486718251208199,0.05839287078131852,0.026474311730763464,258533,93488
cit-HepTh,0.5499999999999999,55000,27400,352021,26,0.6566588620689939,120192,0.3414341758020118,0.7094253398322775,0.05276647776328358,0.7236947926160704,0.06703593054707646,0.7344249348760443,0.7739783013844516,0.03955336650840724,0.07776607280705047,0.06455296155217369,-0.013213111254876786,0.052766477763284025,4.440892098500626e-16,0.3598225371616003,0.2905827485880541,0.8075723963269987,0.6880500689769631,0.08486718251208199,0.05839287078131852,0.026474311730763464,258533,93488
cit-HepTh,0.5499999999999999,55001,27400,352021,26,0.6566588620689939,120075,0.3411018092670608,0.7086498160871678,0.051990954018173885,0.7264407572319836,0.06978189516298972,0.7344249348760443,0.7733583177180928,0.0389333828420485,0.07776607280705047,0.06470850163092512,-0.013057571176125354,0.05199095401817386,2.7755575615628914e-17,0.3591843207636936,0.2910961834673969,0.810436777553295,0.6880500689769631,0.08486718251208199,0.05839287078131852,0.026474311730763464,258533,93488
cit-HepTh,0.5499999999999999,55002,27400,352021,26,0.6566588620689939,120335,0.34184040156695195,0.7093720187097866,0.05271315664079268,0.7282280519603651,0.07156918989137118,0.7344249348760443,0.7741471724768355,0.03972223760079119,0.07776607280705047,0.06477515376704845,-0.01299091904000202,0.05271315664079321,5.273559366969494e-16,0.36032924230175645,0.2907111073078898,0.8067929914620552,0.6880500689769631,0.08486718251208199,0.05839287078131852,0.026474311730763464,258533,93488
cit-HepTh,0.5499999999999999,55003,27400,352021,26,0.6566588620689939,120199,0.3414540609793166,0.7101454451091537,0.05348658304015974,0.7288434453902002,0.07218458332120625,0.7344249348760443,0.7748733350527043,0.04044840017665996,0.07776607280705047,0.06472788994355044,-0.01303818286350003,0.05348658304015999,2.498001805406602e-16,0.36025961869471207,0.2894489132295054,0.803445343883483,0.6880500689769631,0.08486718251208199,0.05839287078131852,0.026474311730763464,258533,93488
cit-HepTh,0.5499999999999999,55004,27400,352021,26,0.6566588620689939,120185,0.3414142906247071,0.709356802308399,0.052697940239405106,0.7217290003617289,0.065070138292735,0.7344249348760443,0.7742147522569373,0.03978981738089293,0.07776607280705047,0.06485794994853805,-0.012908122858512422,0.052697940239405355,2.498001805406602e-16,0.3599115006594903,0.2902618517884648,0.8064811801139955,0.6880500689769631,0.08486718251208199,0.05839287078131852,0.026474311730763464,258533,93488
cit-HepTh,0.5499999999999999,55005,27400,352021,26,0.6566588620689939,120035,0.34098817968246214,0.7110871203199716,0.054428258250977635,0.7247361901528393,0.06807732808384537,0.7344249348760443,0.7757570708543342,0.041332135978289886,0.07776607280705047,0.06466995053436264,-0.013096122272687832,0.05442825825097772,8.326672684688674e-17,0.3601783911531603,0.2879193051514633,0.799379730221045,0.6880500689769631,0.08486718251208199,0.05839287078131852,0.026474311730763464,258533,93488
cit-HepTh,0.5499999999999999,55006,27400,352021,26,0.6566588620689939,120319,0.34179494973311253,0.7097115375161107,0.05305267544711678,0.7233360726303701,0.06667721056137621,0.7344249348760443,0.7744412769388044,0.04001634206276006,0.07776607280705047,0.06472973942269342,-0.013036333384357057,0.053052675447117115,3.3306690738754696e-16,0.36041820579964645,0.29029394146842374,0.8054363980430994,0.6880500689769631,0.08486718251208199,0.05839287078131852,0.026474311730763464,258533,93488
cit-HepTh,0.5499999999999999,55007,27400,352021,26,0.6566588620689939,120264,0.3416387090542894,0.7079043010684813,0.051245438999487414,0.7231616430432574,0.06650278097426343,0.7344249348760443,0.772608594425597,0.03818365954955272,0.07776607280705047,0.06470429335711551,-0.01306177944993496,0.05124543899948768,2.636779683484747e-16,0.359400927541165,0.2925188259455759,0.8139067084407328,0.6880500689769631,0.08486718251208199,0.05839287078131852,0.026474311730763464,258533,93488
cit-HepTh,0.5499999999999999,55008,27400,352021,26,0.6566588620689939,120170,0.34137167953048253,0.7112858405240156,0.054626978455021624,0.7285639510970179,0.07190508902802395,0.7344249348760443,0.7761171673462595,0.04169223247021514,0.07776607280705047,0.06483132682224356,-0.012934745984806914,0.054626978455022054,4.3021142204224816e-16,0.36075085192219175,0.2877802498716413,0.7977257665179706,0.6880500689769631,0.08486718251208199,0.05839287078131852,0.026474311730763464,258533,93488
cit-HepTh,0.5499999999999999,55009,27400,352021,26,0.6566588620689939,120262,0.3416330275750594,0.710480692660337,0.053821830591343045,0.7298152737947314,0.0731564117257375,0.7344249348760443,0.7751243119189769,0.04069937704293258,0.07776607280705047,0.06464361925864003,-0.013122453548410448,0.05382183059134303,1.3877787807814457e-17,0.36056518897007345,0.28927776826972446,0.8022897859219965,0.6880500689769631,0.08486718251208199,0.05839287078131852,0.026474311730763464,258533,93488
cit-HepTh,0.6,60000,27400,352021,26,0.6566588620689939,127494,0.36217725647049465,0.7071395032669265,0.05048064119793261,0.7218641753603193,0.0652053132913254,0.7344249348760443,0.7721069226787143,0.03768198780266996,0.07776607280705047,0.06496741941178764,-0.01279865339526283,0.05048064119793279,1.8041124150158794e-16,0.3807599029911075,0.31078855040219067,0.8162323499947131,0.6880500689769631,0.08486718251208199,0.05839287078131852,0.026474311730763464,258533,93488
cit-HepTh,0.6,60001,27400,352021,26,0.6566588620689939,127489,0.36216305277241984,0.707904909934079,0.05124604786508502,0.7211915963806944,0.06453273431170048,0.7344249348760443,0.7731019931131313,0.038677058237087,0.07776607280705047,0.06519708317905237,-0.0125689896279981,0.051246047865085104,8.326672684688674e-17,0.38123566430591066,0.3094193907239432,0.811622363000276,0.6880500689769631,0.08486718251208199,0.05839287078131852,0.026474311730763464,258533,93488
cit-HepTh,0.6,60002,27400,352021,26,0.6566588620689939,127315,0.3616687640794157,0.7082590147084409,0.05160015263944695,0.7207357285545097,0.0640768664855158,0.7344249348760443,0.7732710206966972,0.038846085820652854,0.07776607280705047,0.06501200598825628,-0.012754066818794194,0.05160015263944705,9.71445146547012e-17,0.3807985827727988,0.30876690056477835,0.8108404666752719,0.6880500689769631,0.08486718251208199,0.05839287078131852,0.026474311730763464,258533,93488
cit-HepTh,0.6,60003,27400,352021,26,0.6566588620689939,127503,0.36220282312702934,0.7078716398815623,0.05121277781256839,0.7212691757378938,0.06461031366889991,0.7344249348760443,0.7730014195744414,0.03857648469839703,0.07776607280705047,0.06512977969287917,-0.012636293114171304,0.05121277781256833,5.551115123125783e-17,0.3812279283495724,0.30959053568372413,0.8120877634123401,0.6880500689769631,0.08486718251208199,0.05839287078131852,0.026474311730763464,258533,93488
cit-HepTh,0.6,60004,27400,352021,26,0.6566588620689939,127256,0.3615011604421327,0.7070252662891047,0.05036640422011074,0.7222862711730532,0.06562740910405929,0.7344249348760443,0.7721679134972025,0.03774297862115816,0.07776607280705047,0.06514264720809804,-0.012623425598952437,0.0503664042201106,1.3877787807814457e-16,0.38007913883334044,0.31012536368303956,0.8159494484095464,0.6880500689769631,0.08486718251208199,0.05839287078131852,0.026474311730763464,258533,93488
cit-HepTh,0.6,60005,27400,352021,26,0.6566588620689939,127345,0.3617539862678647,0.7061901130951248,0.049531251026130874,0.7239679744627489,0.06730911239375492,0.7344249348760443,0.7712984412422945,0.0368735063662502,0.07776607280705047,0.06510832814717005,-0.012657744659880427,0.049531251026130624,2.498001805406602e-16,0.3799166837502369,0.31152661304124596,0.8199866611966121,0.6880500689769631,0.08486718251208199,0.05839287078131852,0.026474311730763464,258533,93488
cit-HepTh,0.6,60006,27400,352021,26,0.6566588620689939,127528,0.3622738416174035,0.7081250174981962,0.0514661554292023,0.7246945294517002,0.06803566738270628,0.7344249348760443,0.7732105890471113,0.03878565417106694,0.07776607280705047,0.0650855715489152,-0.012680501258135274,0.051466155429202215,8.326672684688674e-17,0.38140585534535243,0.30936590792401164,0.811119975187296,0.6880500689769631,0.08486718251208199,0.05839287078131852,0.026474311730763464,258533,93488
cit-HepTh,0.6,60007,27400,352021,26,0.6566588620689939,127710,0.3627908562273274,0.7089959271897639,0.052337065120769966,0.7203588404318344,0.06369997836284047,0.7344249348760443,0.7739644507086367,0.03953951583259241,0.07776607280705047,0.06496852351887288,-0.012797549288177598,0.05233706512077001,4.163336342344337e-17,0.3823225661714365,0.30877759712476466,0.8076363376006069,0.6880500689769631,0.08486718251208199,0.05839287078131852,0.026474311730763464,258533,93488
cit-HepTh,0.6,60008,27400,352021,26,0.6566588620689939,127509,0.36221986756471913,0.7087593284079539,0.05210046633895993,0.7234716245149118,0.06681276244591783,0.7344249348760443,0.7735924522974849,0.039167517421440534,0.07776607280705047,0.06483312388953114,-0.012932948917519338,0.05210046633895987,5.551115123125783e-17,0.3815373666031029,0.3087989902447373,0.8093545148514057,0.6880500689769631,0.08486718251208199,0.05839287078131852,0.026474311730763464,258533,93488
cit-HepTh,0.6,60009,27400,352021,26,0.6566588620689939,127306,0.36164319742288104,0.7087259701427053,0.0520671080737114,0.7179747436753348,0.06131588160634083,0.7344249348760443,0.7739462397687462,0.03952130489270189,0.07776607280705047,0.06522026962604122,-0.012545803181009257,0.05206710807371115,2.498001805406602e-16,0.3811041530481602,0.30782560328598324,0.8077204113991465,0.6880500689769631,0.08486718251208199,0.05839287078131852,0.026474311730763464,258533,93488
cit-HepTh,0.6499999999999999,65000,27400,352021,26,0.6566588620689939,134268,0.3814204266222754,0.7078841957812279,0.05122533371223392,0.7219696382243748,0.06531077615538083,0.7344249348760443,0.7732296600828195,0.03880472520677514,0.07776607280705047,0.06534546430159137,-0.012420608505459105,0.05122533371223424,3.191891195797325e-16,0.4015734935192026,0.32568885846311824,0.8110317631000322,0.6880500689769631,0.08486718251208199,0.05839287078131852,0.026474311730763464,258533,93488
cit-HepTh,0.6499999999999999,65001,27400,352021,26,0.6566588620689939,134080,0.38088636757466177,0.707363904614395,0.05070504254540109,0.7221810015242209,0.065522139455227,0.7344249348760443,0.772777446300716,0.038352511424671665,0.07776607280705047,0.06541354168632092,-0.012352531120729551,0.050705042545401216,1.249000902703301e-16,0.40077669001636157,0.3258813965428718,0.813124626907737,0.6880500689769631,0.08486718251208199,0.05839287078131852,0.026474311730763464,258533,93488
cit-HepTh,0.6499999999999999,65002,27400,352021,26,0.6566588620689939,134233,0.38132100073575154,0.7059670561039841,0.049308194034990205,0.7205657967859744,0.0639069347169805,0.7344249348760443,0.7713378975363733,0.03691296266032895,0.07776607280705047,0.06537084143238947,-0.012395231374661003,0.049308194034989955,2.498001805406602e-16,0.4004865916536767,0.3283202122197501,0.8198032569931006,0.6880500689769631,0.08486718251208199,0.05839287078131852,0.026474311730763464,258533,93488
cit-HepTh,0.6499999999999999,65003,27400,352021,26,0.6566588620689939,134194,0.38121021189076787,0.7058997048232091,0.04924084275421514,0.7216271805229273,0.06496831845393336,0.7344249348760443,0.7711224048765221,0.03669747000047774,0.07776607280705047,0.06522270005331304,-0.01254337275373743,0.04924084275421517,2.7755575615628914e-17,0.40025838094169797,0.3285341434194763,0.8208051575248112,0.6880500689769631,0.08486718251208199,0.05839287078131852,0.026474311730763464,258533,93488
cit-HepTh,0.6499999999999999,65004,27400,352021,26,0.6566588620689939,134195,0.38121305263038285,0.7074647814753722,0.05080591940637824,0.7195530693412097,0.06289420727221573,0.7344249348760443,0.772703901039532,0.03827896616348769,0.07776607280705047,0.06523911956415993,-0.012526953242890548,0.05080591940637824,0.0,0.4010822602917229,0.3262664727023789,0.8134652289659295,0.6880500689769631,0.08486718251208199,0.05839287078131852,0.026474311730763464,258533,93488
cit-HepTh,0.6499999999999999,65005,27400,352021,26,0.6566588620689939,134131,0.381031245295025,0.7073831677625113,0.05072430569351738,0.7211342910683674,0.06447542899937342,0.7344249348760443,0.7727445556955513,0.038319620819507016,0.07776607280705047,0.06536138793304012,-0.01240468487401035,0.050724305693517366,1.3877787807814457e-17,0.4009120692522811,0.3260525415026527,0.8132769415267423,0.6880500689769631,0.08486718251208199,0.05839287078131852,0.026474311730763464,258533,93488
cit-HepTh,0.6499999999999999,65006,27400,352021,26,0.6566588620689939,133840,0.38020459006706986,0.7069285970354644,0.05026973496647047,0.7191247123285817,0.06246585025958773,0.7344249348760443,0.772048714883443,0.03762378000739863,0.07776607280705047,0.06512011784797864,-0.012645954959071837,0.05026973496647047,0.0,0.39968205219449743,0.3263413486222831,0.8165023844089838,0.6880500689769631,0.08486718251208199,0.05839287078131852,0.026474311730763464,258533,93488
cit-HepTh,0.6499999999999999,65007,27400,352021,26,0.6566588620689939,134190,0.38119884893230804,0.7070541073568786,0.05039524528788464,0.7212731445488445,0.06461428247985057,0.7344249348760443,0.7725538415679261,0.03812890669188174,0.07776607280705047,0.06549973421104748,-0.012266338596002999,0.050395245287884735,9.71445146547012e-17,0.40098942881566374,0.3264697073421188,0.814160383994058,0.6880500689769631,0.08486718251208199,0.05839287078131852,0.026474311730763464,258533,93488
cit-HepTh,0.6499999999999999,65008,27400,352021,26,0.6566588620689939,134199,0.38122441558884274,0.7055808925223362,0.04892203045334231,0.7218156683367114,0.06515680626771747,0.7344249348760443,0.770788157884932,0.036363223008887724,0.07776607280705047,0.06520726536259559,-0.01255880744445488,0.048922030453342605,2.914335439641036e-16,0.4000997938367636,0.32902618517884646,0.8223602967240858,0.6880500689769631,0.08486718251208199,0.05839287078131852,0.026474311730763464,258533,93488
cit-HepTh,0.6499999999999999,65009,27400,352021,26,0.6566588620689939,134070,0.3808579601785121,0.7062260934216725,0.0495672313526786,0.720456630117037,0.06379776804804305,0.7344249348760443,0.7715670918177072,0.037142156941662896,0.07776607280705047,0.06534099839603466,-0.012425074411015813,0.04956723135267871,1.1102230246251565e-16,0.40011913372760927,0.3275928461406812,0.8187382669974935,0.6880500689769631,0.08486718251208199,0.05839287078131852,0.026474311730763464,258533,93488
cit-HepTh,0.7,70000,27400,352021,26,0.6566588620689939,140694,0.3996750193880479,0.7060715347902969,0.04941267272130301,0.7216331718637284,0.06497430979473451,0.7344249348760443,0.771639160163191,0.037214225287146685,0.07776607280705047,0.06556762537289414,-0.012198447434156337,0.04941267272130302,1.3877787807814457e-17,0.4199270499317302,0.34366977580010266,0.8184035199827563,0.6880500689769631,0.08486718251208199,0.05839287078131852,0.026474311730763464,258533,93488
cit-HepTh,0.7,70001,27400,352021,26,0.6566588620689939,140622,0.3994704861357703,0.7050183692593381,0.04835950719034421,0.7205253225563619,0.063866460487368,0.7344249348760443,0.7704271024448521,0.03600216756880781,0.07776607280705047,0.06540873318551434,-0.012357339621536137,0.048359507190343945,2.636779683484747e-16,0.4190528868655065,0.3453170460379942,0.8240416827120497,0.6880500689769631,0.08486718251208199,0.05839287078131852,0.026474311730763464,258533,93488
cit-HepTh,0.7,70002,27400,352021,26,0.6566588620689939,140753,0.39984262302533086,0.7051316862125853,0.04847282414359133,0.7176602002846673,0.06100133821567333,0.7344249348760443,0.7706762910914865,0.036251356215442176,0.07776607280705047,0.06554460487890126,-0.01222146792814921,0.048472824143591386,5.551115123125783e-17,0.41957893189650836,0.3452635632380626,0.822881076696253,0.6880500689769631,0.08486718251208199,0.05839287078131852,0.026474311730763464,258533,93488
cit-HepTh,0.7,70003,27400,352021,26,0.6566588620689939,140500,0.39912391590274443,0.7059538823976393,0.04929502032864541,0.7215126811210599,0.064853819052066,0.7344249348760443,0.7714661921708185,0.037041257294774144,0.07776607280705047,0.06551230977317916,-0.01225376303387131,0.04929502032864545,4.163336342344337e-17,0.41925402173030135,0.34345584460037654,0.8192070363043901,0.6880500689769631,0.08486718251208199,0.05839287078131852,0.026474311730763464,258533,93488
cit-HepTh,0.7,70004,27400,352021,26,0.6566588620689939,140492,0.3991011899858247,0.7052494168033844,0.048590554734390445,0.7184845526166725,0.06182569054767861,0.7344249348760443,0.7708623978589528,0.03643746298290851,0.07776607280705047,0.0656129810555683,-0.012153091751482173,0.04859055473439068,2.3592239273284576e-16,0.4189020357169104,0.34434365907924014,0.8220147665072317,0.6880500689769631,0.08486718251208199,0.05839287078131852,0.026474311730763464,258533,93488
cit-HepTh,0.7,70005,27400,352021,26,0.6566588620689939,140570,0.39932276767579206,0.706168194065353,0.049509331996359096,0.7227948859512116,0.06613602388221762,0.7344249348760443,0.7718574375755851,0.03743250269954079,0.07776607280705047,0.06568924351023217,-0.012076829296818303,0.049509331996359096,0.0,0.41967563135073666,0.3430386787609105,0.8173900344340504,0.6880500689769631,0.08486718251208199,0.05839287078131852,0.026474311730763464,258533,93488
cit-HepTh,0.7,70006,27400,352021,26,0.6566588620689939,140739,0.39980285267072135,0.7053945163226464,0.04873565425365245,0.7151252497654093,0.05846638769641532,0.7344249348760443,0.7709305878256916,0.03650565294964725,0.07776607280705047,0.06553607150304513,-0.012230001304005339,0.04873565425365259,1.3877787807814457e-16,0.41967563135073666,0.3448463973985966,0.821697453075128,0.6880500689769631,0.08486718251208199,0.05839287078131852,0.026474311730763464,258533,93488
cit-HepTh,0.7,70007,27400,352021,26,0.6566588620689939,140691,0.399666497169203,0.7056008048621111,0.048941942793117144,0.7178856995191503,0.061226837450156335,0.7344249348760443,0.7713357641924501,0.03691082931640577,0.07776607280705047,0.06573495933033928,-0.012031113476711194,0.04894194279311696,1.8041124150158794e-16,0.4197529909141193,0.34411903131952765,0.8198131729094309,0.6880500689769631,0.08486718251208199,0.05839287078131852,0.026474311730763464,258533,93488
cit-HepTh,0.7,70008,27400,352021,26,0.6566588620689939,140094,0.3979705756190682,0.7050744228649286,0.048415560795934676,0.7188948373075144,0.062235975238520425,0.7344249348760443,0.7707539223664112,0.03632898749036684,0.07776607280705047,0.06567949950148283,-0.012086573305567644,0.04841556079593448,1.942890293094024e-16,0.41765654674645014,0.34353072052028066,0.8225196592664221,0.6880500689769631,0.08486718251208199,0.05839287078131852,0.026474311730763464,258533,93488
cit-HepTh,0.7,70009,27400,352021,26,0.6566588620689939,140769,0.39988807485917033,0.7054092568263582,0.04875039475736431,0.7198426708788103,0.06318380880981633,0.7344249348760443,0.7711854172438534,0.036760482367809044,0.07776607280705047,0.06577616041749512,-0.011989912389555352,0.048750394757364396,8.326672684688674e-17,0.4199038420627154,0.34453619715899364,0.8205121331267431,0.6880500689769631,0.08486718251208199,0.05839287078131852,0.026474311730763464,258533,93488
cit-HepTh,0.75,75000,27400,352021,26,0.6566588620689939,146877,0.4172393124273836,0.7045933187236508,0.0479344566546569,0.7196187801246864,0.06295991805569245,0.7344249348760443,0.7704337643061882,0.03600882943014383,0.07776607280705047,0.06584044558253757,-0.011925627224512902,0.04793445665465673,1.6653345369377348e-16,0.437696541640719,0.36066660961834673,0.8240106450610206,0.6880500689769631,0.08486718251208199,0.05839287078131852,0.026474311730763464,258533,93488
cit-HepTh,0.75,75001,27400,352021,26,0.6566588620689939,146701,0.4167393422551495,0.7045964023658382,0.04793754029684427,0.7152504750405476,0.058591612971553686,0.7344249348760443,0.770383296637378,0.03595836176133371,0.07776607280705047,0.0657868942715396,-0.011979178535510879,0.04793754029684459,3.191891195797325e-16,0.4371434207625332,0.36031362313879856,0.8242457875959422,0.6880500689769631,0.08486718251208199,0.05839287078131852,0.026474311730763464,258533,93488
cit-HepTh,0.75,75002,27400,352021,26,0.6566588620689939,146632,0.4165433312217169,0.7038838141682096,0.04722495209921562,0.7175463044230367,0.06088744235404275,0.7344249348760443,0.7696682852310546,0.03524335035501025,0.07776607280705047,0.06578447106284521,-0.011981601744205261,0.04722495209921551,1.1102230246251565e-16,0.4365322802118105,0.36126561697758003,0.827580532652224,0.6880500689769631,0.08486718251208199,0.05839287078131852,0.026474311730763464,258533,93488
cit-HepTh,0.75,75003,27400,352021,26,0.6566588620689939,146632,0.4165433312217169,0.704241841155593,0.04758297908659903,0.7139986980228984,0.05733983595390446,0.7344249348760443,0.7700365540946041,0.03561161921855982,0.07776607280705047,0.06579471293901118,-0.011971359868039294,0.047582979086599114,8.326672684688674e-17,0.4367411510329436,0.36068800273831936,0.825862188358597,0.6880500689769631,0.08486718251208199,0.05839287078131852,0.026474311730763464,258533,93488
cit-HepTh,0.75,75004,27400,352021,26,0.6566588620689939,146871,0.4172222679896938,0.7033008236572269,0.04664196158823297,0.7129855849415234,0.05632672287252949,0.7344249348760443,0.7690830729007088,0.03465813802466444,0.07776607280705047,0.06578224924348182,-0.011983823563568655,0.0466419615882331,1.249000902703301e-16,0.43691134207238536,0.3627738319356495,0.8303145215112014,0.6880500689769631,0.08486718251208199,0.05839287078131852,0.026474311730763464,258533,93488
cit-HepTh,0.75,75005,27400,352021,26,0.6566588620689939,146587,0.4164154979390434,0.7036043699948974,0.04694550792590346,0.7193162168138362,0.06265735474484224,0.7344249348760443,0.7693656326959417,0.03494069781989739,0.07776607280705047,0.0657612627010444,-0.01200481010600607,0.04694550792590346,0.0,0.43622670993644913,0.3616293000171145,0.8289939423237009,0.6880500689769631,0.08486718251208199,0.05839287078131852,0.026474311730763464,258533,93488
cit-HepTh,0.75,75006,27400,352021,26,0.6566588620689939,146498,0.4161626721133114,0.7048237897434563,0.04816492767446234,0.7139506856804859,0.05729182361149199,0.7344249348760443,0.7706248549468252,0.03619992007078088,0.07776607280705047,0.06580106520336894,-0.011965007603681535,0.04816492767446241,6.938893903907228e-17,0.43667539540406836,0.35943650521992127,0.8231205811065317,0.6880500689769631,0.08486718251208199,0.05839287078131852,0.026474311730763464,258533,93488
cit-HepTh,0.75,75007,27400,352021,26,0.6566588620689939,146505,0.4161825572906162,0.7048621830786723,0.04820332100967839,0.7179726184423657,0.061313756373371775,0.7344249348760443,0.7706972458277874,0.0362723109517431,0.07776607280705047,0.06583506274911512,-0.011931010057935357,0.04820332100967846,6.938893903907228e-17,0.43673728305477444,0.3593402361800445,0.8227835133896205,0.6880500689769631,0.08486718251208199,0.05839287078131852,0.026474311730763464,258533,93488
cit-HepTh,0.75,75008,27400,352021,26,0.6566588620689939,146719,0.41679047556821897,0.7047874284740533,0.04812856640505936,0.7181729075818415,0.06151404551284756,0.7344249348760443,0.7707318070597536,0.036306872183709316,0.07776607280705047,0.06594437858570047,-0.011821694221350001,0.04812856640505932,4.163336342344337e-17,0.43739483934352674,0.35981088481944207,0.8226226110931528,0.6880500689769631,0.08486718251208199,0.05839287078131852,0.026474311730763464,258533,93488
cit-HepTh,0.75,75009,27400,352021,26,0.6566588620689939,146907,0.4173245346158326,0.7036185259910691,0.04695966392207518,0.7180762360963475,0.06141737402735359,0.7344249348760443,0.7694255549429231,0.03500062006687876,0.07776607280705047,0.06580702895185378,-0.011959043855196694,0.046959663922075456,2.7755575615628914e-16,0.4372130443695776,0.36232457641622456,0.8287140127272837,0.6880500689769631,0.08486718251208199,0.05839287078131852,0.026474311730763464,258533,93488
cit-HepTh,0.7999999999999999,80000,27400,352021,26,0.6566588620689939,152817,0.43411330574028256,0.7023775178702637,0.04571865580126977,0.7160004967823566,0.05934163471336262,0.7344249348760443,0.7683830987390147,0.03395816386297035,0.07776607280705047,0.06600558086875093,-0.011760491938299547,0.045718655801269895,1.249000902703301e-16,0.45418573257572536,0.3786047407153859,0.8335901230720892,0.6880500689769631,0.08486718251208199,0.05839287078131852,0.026474311730763464,258533,93488
cit-HepTh,0.7999999999999999,80001,27400,352021,26,0.6566588620689939,152681,0.43372696515264714,0.7040377629589768,0.04737890088998287,0.7153868585513489,0.05872799648235494,0.7344249348760443,0.77023991197333,0.03581497709728565,0.07776607280705047,0.0662021490143535,-0.011563923792696967,0.04737890088998262,2.498001805406602e-16,0.45487810066799983,0.3752353243196988,0.8249140237102124,0.6880500689769631,0.08486718251208199,0.05839287078131852,0.026474311730763464,258533,93488
cit-HepTh,0.7999999999999999,80002,27400,352021,26,0.6566588620689939,152245,0.4324884026805219,0.7043785491618771,0.04771968709288321,0.7151965356584189,0.058537673589424966,0.7344249348760443,0.7704095372590233,0.03598460238297896,0.07776607280705047,0.06603098809714612,-0.01173508470990435,0.04771968709288331,9.71445146547012e-17,0.45367902743556915,0.3738875577614239,0.8241235215893309,0.6880500689769631,0.08486718251208199,0.05839287078131852,0.026474311730763464,258533,93488
cit-HepTh,0.7999999999999999,80003,27400,352021,26,0.6566588620689939,152323,0.43270998037048924,0.7034807410893659,0.04682187902037194,0.7110308995959209,0.054372037526926986,0.7344249348760443,0.7694898341025321,0.03506489922648781,0.07776607280705047,0.06600909301316596,-0.011756979793884514,0.046821879020372326,3.885780586188048e-16,0.4533695891820387,0.37557761423926067,0.8284137780764499,0.6880500689769631,0.08486718251208199,0.05839287078131852,0.026474311730763464,258533,93488
cit-HepTh,0.7999999999999999,80004,27400,352021,26,0.6566588620689939,152764,0.43396274654068934,0.7028314353897422,0.04617257332074831,0.7106010203833386,0.05394215831434468,0.7344249348760443,0.768957345971564,0.03453241109551963,0.07776607280705047,0.06612591058182157,-0.0116401622252289,0.04617257332074853,2.220446049250313e-16,0.4543675275496745,0.37753508471675506,0.8309024343194956,0.6880500689769631,0.08486718251208199,0.05839287078131852,0.026474311730763464,258533,93488
cit-HepTh,0.7999999999999999,80005,27400,352021,26,0.6566588620689939,152367,0.4328349729135478,0.7026000889789391,0.045941226909945176,0.715879729084172,0.059220867015178036,0.7344249348760443,0.7687097599873989,0.034284825111354555,0.07776607280705047,0.06610967100845956,-0.011656401798590912,0.04594122690994547,2.914335439641036e-16,0.4530408110376625,0.37695747047749445,0.8320607355750053,0.6880500689769631,0.08486718251208199,0.05839287078131852,0.026474311730763464,258533,93488
cit-HepTh,0.7999999999999999,80006,27400,352021,26,0.6566588620689939,152349,0.4327838396004784,0.7045352657696933,0.047876403700699344,0.7175378130136488,0.0608789509446549,0.7344249348760443,0.7705925211192722,0.03616758624322791,0.07776607280705047,0.06605725534957896,-0.011708817457471515,0.04787640370069943,8.326672684688674e-17,0.4540967690778353,0.3738447715214787,0.8232711549141173,0.6880500689769631,0.08486718251208199,0.05839287078131852,0.026474311730763464,258533,93488
cit-HepTh,0.7999999999999999,80007,27400,352021,26,0.6566588620689939,152720,0.4338377539976308,0.7030753208117388,0.046416458742744915,0.7158597140372135,0.05920085196821956,0.7344249348760443,0.7692443687794657,0.03481943390342135,0.07776607280705047,0.0661690479677267,-0.011597024839323775,0.04641645874274512,2.0816681711721685e-16,0.45440620733136583,0.37695747047749445,0.8295605658454538,0.6880500689769631,0.08486718251208199,0.05839287078131852,0.026474311730763464,258533,93488
cit-HepTh,0.7999999999999999,80008,27400,352021,26,0.6566588620689939,152350,0.4327866803400933,0.7026635290739361,0.04600466700494221,0.7153764613226609,0.05871759925366693,0.7344249348760443,0.7688021004266492,0.03437716555060488,0.07776607280705047,0.06613857135271298,-0.011627501454337497,0.04600466700494238,1.6653345369377348e-16,0.4530446790158316,0.3767649323977409,0.8316286446983628,0.6880500689769631,0.08486718251208199,0.05839287078131852,0.026474311730763464,258533,93488
cit-HepTh,0.7999999999999999,80009,27400,352021,26,0.6566588620689939,152503,0.43322131350118315,0.7034245303616836,0.04676566829268969,0.7156410066772642,0.058982144608270226,0.7344249348760443,0.7697094483387212,0.035284513462676914,0.07776607280705047,0.06628491797703787,-0.011481154830012608,0.04676566829268952,1.6653345369377348e-16,0.4540348814271292,0.3756631867191511,0.8273883837699011,0.6880500689769631,0.08486718251208199,0.05839287078131852,0.026474311730763464,258533,93488
cit-HepTh,0.8499999999999999,85000,27400,352021,26,0.6566588620689939,158487,0.45022029935714064,0.7027471604766315,0.04608829840763762,0.7119351712137062,0.055276309144712266,0.7344249348760443,0.7690662325616612,0.034641297685616856,0.07776607280705047,0.06631907208502977,-0.011447000722020706,0.04608829840763756,5.551115123125783e-17,0.4714562551008962,0.3914940954988876,0.830393257620697,0.6880500689769631,0.08486718251208199,0.05839287078131852,0.026474311730763464,258533,93488
cit-HepTh,0.8499999999999999,85001,27400,352021,26,0.6566588620689939,158440,0.4500867845952372,0.7021597659235421,0.04550090385454819,0.7133520246172592,0.056693162548265286,0.7344249348760443,0.7684991163847513,0.034074181508707,0.07776607280705047,0.0663393504612091,-0.01142672234584137,0.04550090385454837,1.8041124150158794e-16,0.4709688898515857,0.39233912373780594,0.8330467939431031,0.6880500689769631,0.08486718251208199,0.05839287078131852,0.026474311730763464,258533,93488
cit-HepTh,0.8499999999999999,85002,27400,352021,26,0.6566588620689939,157938,0.4486607333085242,0.7017916716368978,0.04513280956790389,0.7171211739876211,0.060462311918627165,0.7344249348760443,0.7680418898555129,0.033616954979468594,0.07776607280705047,0.06625021821861482,-0.011515854588435653,0.04513280956790425,3.608224830031759e-16,0.46919735585012357,0.39186847509840833,0.835189009938887,0.6880500689769631,0.08486718251208199,0.05839287078131852,0.026474311730763464,258533,93488
cit-HepTh,0.8499999999999999,85003,27400,352021,26,0.6566588620689939,158451,0.45011803273100187,0.7012310140885538,0.044572152019559885,0.7163871416941718,0.059728279625177905,0.7344249348760443,0.767637944853614,0.03321300997756971,0.07776607280705047,0.06640693076506017,-0.011359142041990303,0.04457215201956001,1.249000902703301e-16,0.47047378864593686,0.3938259455759028,0.837083712377191,0.6880500689769631,0.08486718251208199,0.05839287078131852,0.026474311730763464,258533,93488
cit-HepTh,0.8499999999999999,85004,27400,352021,26,0.6566588620689939,157974,0.448762999934663,0.702209407358488,0.04555054528949409,0.7152462663562694,0.05858740428727549,0.7344249348760443,0.7686518034613291,0.034226868585284786,0.07776607280705047,0.06644239610284094,-0.011323676704209529,0.045550545289494315,2.220446049250313e-16,0.46967698514309586,0.3909271778196132,0.832331985993544,0.6880500689769631,0.08486718251208199,0.05839287078131852,0.026474311730763464,258533,93488
cit-HepTh,0.8499999999999999,85005,27400,352021,26,0.6566588620689939,158263,0.4495839736833882,0.7033251174828229,0.04666625541382896,0.7168674682719495,0.06020860620295554,0.7344249348760443,0.7696998034916563,0.03527486861561202,0.07776607280705047,0.06637468600883357,-0.011391386798216899,0.04666625541382892,4.163336342344337e-17,0.47117776067271877,0.3898682183809687,0.8274334039542501,0.6880500689769631,0.08486718251208199,0.05839287078131852,0.026474311730763464,258533,93488
cit-HepTh,0.8499999999999999,85006,27400,352021,26,0.6566588620689939,157992,0.4488141332477324,0.7018771627762923,0.045218300707298376,0.7116247397571756,0.05496587768818162,0.7344249348760443,0.7681907944706061,0.0337658595945618,0.07776607280705047,0.06631363169431384,-0.011452441112736633,0.04521830070729843,5.551115123125783e-17,0.4694487744311171,0.39175081293855896,0.8344910760780804,0.6880500689769631,0.08486718251208199,0.05839287078131852,0.026474311730763464,258533,93488
cit-HepTh,0.8499999999999999,85007,27400,352021,26,0.6566588620689939,158428,0.4500526957198576,0.7016790023005328,0.045020140231538885,0.7132691499364461,0.05661028786745215,0.7344249348760443,0.7679955563410509,0.033570621465006556,0.07776607280705047,0.06631655404051805,-0.011449518766532427,0.04502014023153898,9.71445146547012e-17,0.470624639794533,0.39316275885675167,0.8354062359089403,0.6880500689769631,0.08486718251208199,0.05839287078131852,0.026474311730763464,258533,93488
cit-HepTh,0.8499999999999999,85008,27400,352021,26,0.6566588620689939,158287,0.4496521514341474,0.7020619080195716,0.04540304595057765,0.713961776448197,0.057302914379203096,0.7344249348760443,0.7684459241757061,0.0340209892996618,0.07776607280705047,0.06638401615613447,-0.011382056650916003,0.0454030459505778,1.5265566588595902e-16,0.47048152460227516,0.3920503166181756,0.8332958811711003,0.6880500689769631,0.08486718251208199,0.05839287078131852,0.026474311730763464,258533,93488
cit-HepTh,0.8499999999999999,85009,27400,352021,26,0.6566588620689939,158177,0.4493396700765011,0.7021115360964083,0.045452674027414375,0.7148912200150249,0.05823235794603099,0.7344249348760443,0.7686326077748346,0.03420767289879023,0.07776607280705047,0.06652107167842604,-0.011245001128624435,0.045452674027414666,2.914335439641036e-16,0.47026878580297293,0.39146200581892865,0.8324218354201767,0.6880500689769631,0.08486718251208199,0.05839287078131852,0.026474311730763464,258533,93488
cit-HepTh,0.8999999999999999,90000,27400,352021,26,0.6566588620689939,163765,0.46521372304493197,0.7000425282655446,0.04338366619655065,0.71168100158085,0.05502213951185608,0.7344249348760443,0.7668183067199951,0.03239337184395075,0.07776607280705047,0.06677577845445062,-0.01099029435259985,0.043383666196550597,5.551115123125783e-17,0.4857329625231595,0.408469536197159,0.8409343563495206,0.6880500689769631,0.08486718251208199,0.05839287078131852,0.026474311730763464,258533,93488
cit-HepTh,0.8999999999999999,90001,27400,352021,26,0.6566588620689939,163694,0.46501203053226936,0.7011434909886834,0.04448462891968952,0.7121338671218211,0.05547500505282721,0.7344249348760443,0.7676518381858835,0.03322690330983913,0.07776607280705047,0.06650834719719997,-0.0112577256098505,0.04448462891968963,1.1102230246251565e-16,0.48605013673302827,0.4068329625192538,0.8370185126451556,0.6880500689769631,0.08486718251208199,0.05839287078131852,0.026474311730763464,258533,93488
cit-HepTh,0.8999999999999999,90002,27400,352021,26,0.6566588620689939,163392,0.4641541271685496,0.7010090144969775,0.04435015242798357,0.7104004355664705,0.05374157349747655,0.7344249348760443,0.7676018409714062,0.033176906095361836,0.07776607280705047,0.06659282647442856,-0.011173246332621914,0.04435015242798375,1.8041124150158794e-16,0.4851218219724368,0.40616977580010266,0.837253154576048,0.6880500689769631,0.08486718251208199,0.05839287078131852,0.026474311730763464,258533,93488
cit-HepTh,0.8999999999999999,90003,27400,352021,26,0.6566588620689939,163581,0.4646910269557782,0.701438698614987,0.044779836545993046,0.7147422090428398,0.05808334697384587,0.7344249348760443,0.7678458989735972,0.03342096409755291,0.07776607280705047,0.0664072003586103,-0.01135887244844018,0.04477983654599309,4.163336342344337e-17,0.48583739793372605,0.4062125620400479,0.8361080554269313,0.6880500689769631,0.08486718251208199,0.05839287078131852,0.026474311730763464,258533,93488
cit-HepTh,0.8999999999999999,90004,27400,352021,26,0.6566588620689939,163630,0.46483022319691153,0.7010253427172348,0.04436648064824089,0.7117924212657025,0.05513355919670859,0.7344249348760443,0.7675915174479008,0.03316658257185645,0.07776607280705047,0.066566174730666,-0.011199898076384468,0.04436648064824092,2.7755575615628914e-17,0.4858219260210495,0.40677947971932227,0.8373016077123235,0.6880500689769631,0.08486718251208199,0.05839287078131852,0.026474311730763464,258533,93488
cit-HepTh,0.8999999999999999,90005,27400,352021,26,0.6566588620689939,163819,0.4653671229841401,0.7000034060044652,0.04334454393547127,0.7118344385611415,0.05517557649214755,0.7344249348760443,0.7665411216037212,0.03211618672767691,0.07776607280705047,0.06653771559925624,-0.011228357207794235,0.043344543935471144,1.249000902703301e-16,0.48571749061048297,0.4090899366763649,0.8422384299198135,0.6880500689769631,0.08486718251208199,0.05839287078131852,0.026474311730763464,258533,93488
cit-HepTh,0.8999999999999999,90006,27400,352021,26,0.6566588620689939,163617,0.464793293581917,0.7007863082818571,0.04412744621286313,0.7093949345562588,0.05273607248726486,0.7344249348760443,0.7673224664918682,0.03289753161582387,0.07776607280705047,0.06653615821001126,-0.011229914597039217,0.04412744621286309,4.163336342344337e-17,0.48561305519991643,0.4072180386787609,0.838564849767307,0.6880500689769631,0.08486718251208199,0.05839287078131852,0.026474311730763464,258533,93488
cit-HepTh,0.8999999999999999,90007,27400,352021,26,0.6566588620689939,163441,0.46429332340968293,0.7014740547506148,0.04481519268162082,0.7131860236550918,0.05652716158609783,0.7344249348760443,0.7680875667672127,0.03366263189116836,0.07776607280705047,0.06661351201659796,-0.011152560790452515,0.044815192681620875,5.551115123125783e-17,0.4855743754182251,0.40544240972103374,0.8349748879804999,0.6880500689769631,0.08486718251208199,0.05839287078131852,0.026474311730763464,258533,93488
cit-HepTh,0.8999999999999999,90008,27400,352021,26,0.6566588620689939,163479,0.4644012715150517,0.7013580799085682,0.04469921783957431,0.7140113663523922,0.05735250428339822,0.7344249348760443,0.7677989221857242,0.03337398730967989,0.07776607280705047,0.06644084227715609,-0.011325230529894384,0.04469921783957427,4.163336342344337e-17,0.4855047518111808,0.406041417080267,0.8363284098982039,0.6880500689769631,0.08486718251208199,0.05839287078131852,0.026474311730763464,258533,93488
cit-HepTh,0.8999999999999999,90009,27400,352021,26,0.6566588620689939,163456,0.4643359345039074,0.7025416227308694,0.045882760661875466,0.7131401813274062,0.056481319258412266,0.7344249348760443,0.7692406519185592,0.03481571704251485,0.07776607280705047,0.06669902918769022,-0.011067043619360256,0.045882760661875105,3.608224830031759e-16,0.4863479710520514,0.40346354612356666,0.8295779362475966,0.6880500689769631,0.08486718251208199,0.05839287078131852,0.026474311730763464,258533,93488
cit-HepTh,0.95,95000,27400,352021,26,0.6566588620689939,168940,0.4799145505523818,0.7005833037463702,0.0439244416773763,0.7102136687592603,0.053554806690266354,0.7344249348760443,0.7674795785485972,0.03305464367255284,0.07776607280705047,0.0668962748022268,-0.01086979800482367,0.04392444167737651,2.0816681711721685e-16,0.5015143134532148,0.4201822693821667,0.8378270731476631,0.6880500689769631,0.08486718251208199,0.05839287078131852,0.026474311730763464,258533,93488
cit-HepTh,0.95,95001,27400,352021,26,0.6566588620689939,168747,0.4793662878066933,0.7003324713375864,0.04367360926859243,0.7095634903667858,0.052904628297791856,0.7344249348760443,0.7672017872910333,0.032776852414988955,0.07776607280705047,0.06686931595344695,-0.010896756853603529,0.043673609268592484,5.551115123125783e-17,0.5007600577102342,0.4202036625021393,0.8391317478944995,0.6880500689769631,0.08486718251208199,0.05839287078131852,0.026474311730763464,258533,93488
cit-HepTh,0.95,95002,27400,352021,26,0.6566588620689939,168928,0.4798804616770022,0.7003555737053463,0.04369671163635236,0.7116620260778925,0.0550031640088986,0.7344249348760443,0.767184836143209,0.03275990126716466,0.07776607280705047,0.06682926243786251,-0.010936810369187963,0.04369671163635262,2.636779683484747e-16,0.5012861027412361,0.4206850077015232,0.8392113912614905,0.6880500689769631,0.08486718251208199,0.05839287078131852,0.026474311730763464,258533,93488
cit-HepTh,0.95,95003,27400,352021,26,0.6566588620689939,168744,0.47935776558784843,0.6996022561144081,0.04294339404541414,0.7103428997021515,0.053684037633157544,0.7344249348760443,0.7664035462001612,0.031978611324116835,0.07776607280705047,0.06680129008575306,-0.010964782721297417,0.04294339404541425,1.1102230246251565e-16,0.5002301447010633,0.42163700154030465,0.8428860315730756,0.6880500689769631,0.08486718251208199,0.05839287078131852,0.026474311730763464,258533,93488
cit-HepTh,0.95,95004,27400,352021,26,0.6566588620689939,169063,0.48026396152502265,0.699724474347425,0.04306561227843109,0.7094494007617207,0.05279053869272676,0.7344249348760443,0.7664716703240804,0.032046735448036046,0.07776607280705047,0.06674719597665531,-0.011018876830395166,0.04306561227843121,1.249000902703301e-16,0.5012203471123609,0.42231088481944207,0.8425653253154359,0.6880500689769631,0.08486718251208199,0.05839287078131852,0.026474311730763464,258533,93488
cit-HepTh,0.95,95005,27400,352021,26,0.6566588620689939,169175,0.48058212436189884,0.7001005339741807,0.043441671905186774,0.7065048431188926,0.04984598104989868,0.7344249348760443,0.7669572927441998,0.03253235786815545,0.07776607280705047,0.06685675877001912,-0.010909314037031353,0.0434416719051868,2.7755575615628914e-17,0.501870167444775,0.4217118774602088,0.8402808232402323,0.6880500689769631,0.08486718251208199,0.05839287078131852,0.026474311730763464,258533,93488
cit-HepTh,0.95,95006,27400,352021,26,0.6566588620689939,168918,0.47985205428085254,0.7006310516853511,0.04397218961635718,0.7096857650900933,0.05302690302109936,0.7344249348760443,0.7675854556648788,0.03316052078883447,0.07776607280705047,0.06695440397952747,-0.010811668827523005,0.043972189616357474,2.914335439641036e-16,0.501518181431384,0.4199362485024816,0.8373300591096035,0.6880500689769631,0.08486718251208199,0.05839287078131852,0.026474311730763464,258533,93488
cit-HepTh,0.95,95007,27400,352021,26,0.6566588620689939,168517,0.47871291769525115,0.7006844767369605,0.04402561466796662,0.7103255386841406,0.05366667661514668,0.7344249348760443,0.7675130698979925,0.033088135021948184,0.07776607280705047,0.06682859316103222,-0.010937479646018253,0.04402561466796644,1.8041124150158794e-16,0.5002804284172621,0.41906982714359065,0.8376698414315397,0.6880500689769631,0.08486718251208199,0.05839287078131852,0.026474311730763464,258533,93488
cit-HepTh,0.95,95008,27400,352021,26,0.6566588620689939,168984,0.48003954309544034,0.7001569626628587,0.04349810059386472,0.7108203401291765,0.054161478060182566,0.7344249348760443,0.767025280499929,0.0326003456238847,0.07776607280705047,0.0668683178370706,-0.01089775496997987,0.043498100593864567,1.5265566588595902e-16,0.5013479903919422,0.42111287010097553,0.8399612208912203,0.6880500689769631,0.08486718251208199,0.05839287078131852,0.026474311730763464,258533,93488
cit-HepTh,0.95,95009,27400,352021,26,0.6566588620689939,168641,0.47906516940750693,0.7006990896022951,0.04404022753330117,0.7120960516595792,0.0554371895905853,0.7344249348760443,0.7676009985709288,0.03317606369488446,0.07776607280705047,0.06690190896863353,-0.010864163838416943,0.044040227533301404,2.3592239273284576e-16,0.5007059060158664,0.41921957898339895,0.8372571083076353,0.6880500689769631,0.08486718251208199,0.05839287078131852,0.026474311730763464,258533,93488
