network,n,m,sampler,alpha,weighted,rep,sparsify_seed,leiden_seed,m_sparse,retention,Q_P0_orig,Q_P0_sparse,dQ_fixed,Q_sparse_leiden,Q_orig_of_P,Q_base_mean,Q_base_std,Q_base_best,transfer_vs_mean,transfer_vs_best,nc_P0,nc_P,nc_base_mean,t_leiden,ami_P,ari_P,ami_base_mean,ari_base_mean
ca-GrQc,4158,13422,paper,0.8,False,0,200,300,6077,0.4527641186112353,0.8513623535140842,0.8734118470685389,0.022049493554454735,0.9064410196943512,0.7687618147322111,0.8505753802479493,0.001062273245902081,0.8521391780200336,-0.08181356551573826,-0.08337736328782253,42,197,41.4,0.09254981798585504,,,,
ca-GrQc,4158,13422,paper,0.8,False,1,201,301,6098,0.45432871405155717,0.8513623535140842,0.8751454057328207,0.023783052218736556,0.9070549855799033,0.7825007453229964,0.8505753802479493,0.001062273245902081,0.8521391780200336,-0.06807463492495291,-0.06963843269703718,42,200,41.4,0.09359452000353485,,,,
ca-GrQc,4158,13422,paper,0.8,False,2,202,302,6097,0.4542542095067799,0.8513623535140842,0.8661856516845146,0.014823298170430377,0.9042598030221002,0.7759911230460503,0.8505753802479493,0.001062273245902081,0.8521391780200336,-0.07458425720189898,-0.07614805497398325,42,199,41.4,0.09562202100642025,,,,
ca-GrQc,4158,13422,paper,0.8,False,3,203,303,6085,0.45336015496945314,0.8513623535140842,0.8727775710980231,0.02141521758393894,0.9108350544768077,0.7793683876383886,0.8505753802479493,0.001062273245902081,0.8521391780200336,-0.07120699260956076,-0.07277079038164502,42,204,41.4,0.09755252103786916,,,,
ca-GrQc,4158,13422,paper,0.8,False,4,204,304,6140,0.45745790493220084,0.8513623535140842,0.8717649656760286,0.02040261216194439,0.9053236108605934,0.7775376307901155,0.8505753802479493,0.001062273245902081,0.8521391780200336,-0.07303774945783381,-0.07460154722991807,42,200,41.4,0.09441887808497995,,,,
ca-GrQc,4158,13422,paper,1.0,False,0,200,300,6870,0.5118462226195798,0.8513623535140842,0.8685916130084812,0.01722925949439702,0.893427915816505,0.7955539337966676,0.8505753802479493,0.001062273245902081,0.8521391780200336,-0.05502144645128171,-0.05658524422336597,42,115,41.4,0.09928932599723339,,,,
ca-GrQc,4158,13422,paper,1.0,False,1,201,301,6853,0.5105796453583669,0.8513623535140842,0.8732535546831591,0.021891201169074948,0.8955428340270862,0.8070170730533783,0.8505753802479493,0.001062273245902081,0.8521391780200336,-0.04355830719457099,-0.04512210496665525,42,133,41.4,0.09418341901618987,,,,
ca-GrQc,4158,13422,paper,1.0,False,2,202,302,6852,0.5105051408135897,0.8513623535140842,0.864566400391362,0.01320404687727783,0.8934474498606004,0.8043439935337477,0.8505753802479493,0.001062273245902081,0.8521391780200336,-0.04623138671420157,-0.047795184486285835,42,119,41.4,0.09505540900863707,,,,
ca-GrQc,4158,13422,paper,1.0,False,3,203,303,6839,0.5095365817314856,0.8513623535140842,0.8688001076543339,0.017437754140249728,0.8956781249160144,0.8072424379219285,0.8505753802479493,0.001062273245902081,0.8521391780200336,-0.04333294232602081,-0.04489674009810507,42,134,41.4,0.09632968006189913,,,,
ca-GrQc,4158,13422,paper,1.0,False,4,204,304,6879,0.5125167635225749,0.8513623535140842,0.8697402788774563,0.018377925363372127,0.897236894994724,0.8032562310656493,0.8505753802479493,0.001062273245902081,0.8521391780200336,-0.04731914918230007,-0.04888294695438433,42,134,41.4,0.0952060460112989,,,,
ca-GrQc,4158,13422,calibrated,0.9,False,0,200,300,12061,0.8985993145581881,0.8513623535140842,0.8501421425307126,-0.0012202109833715502,0.8505024217709438,0.8510607688642543,0.8505753802479493,0.001062273245902081,0.8521391780200336,0.00048538861630498253,-0.0010784091557792808,42,44,41.4,0.10049769596662372,,,,
ca-GrQc,4158,13422,calibrated,0.9,False,1,201,301,12107,0.9020265236179407,0.8513623535140842,0.8511365157335257,-0.00022583778055851322,0.8511983627391041,0.8497717825099654,0.8505753802479493,0.001062273245902081,0.8521391780200336,-0.0008035977379838855,-0.0023673955100681487,42,45,41.4,0.10075387498363853,,,,
ca-GrQc,4158,13422,calibrated,0.9,False,2,202,302,12078,0.899865891819401,0.8513623535140842,0.8506708039845111,-0.0006915495295730656,0.8502567287626295,0.850694191183391,0.8505753802479493,0.001062273245902081,0.8521391780200336,0.00011881093544163779,-0.0014449868366426255,42,43,41.4,0.1015260920394212,,,,
ca-GrQc,4158,13422,calibrated,0.9,False,3,203,303,12043,0.8972582327521978,0.8513623535140842,0.8505828525587844,-0.0007795009552997723,0.849663936037442,0.8498806694977726,0.8505753802479493,0.001062273245902081,0.8521391780200336,-0.0006947107501766858,-0.002258508522260949,42,42,41.4,0.10305460600648075,,,,
ca-GrQc,4158,13422,calibrated,0.9,False,4,204,304,12064,0.8988228281925198,0.8513623535140842,0.8506317702305216,-0.0007305832835625692,0.8489022537129564,0.8480256273430326,0.8505753802479493,0.001062273245902081,0.8521391780200336,-0.002549752904916769,-0.004113550677001032,42,42,41.4,0.10516937100328505,,,,
ca-GrQc,4158,13422,calibrated_matched,0.5118,True,0,200,300,6905,0.5144538816867829,0.8513623535140842,0.8518656607715822,0.0005033072574980313,0.8876156129451053,0.7909962811896334,0.8505753802479493,0.001062273245902081,0.8521391780200336,-0.05957909905831593,-0.061142896830400195,42,66,41.4,0.08874649100471288,,,,
ca-GrQc,4158,13422,calibrated_matched,0.5118,False,0,200,300,6905,0.5144538816867829,0.8513623535140842,0.874085868995853,0.022723515481768874,0.8962305437244156,0.7964896924499912,0.8505753802479493,0.001062273245902081,0.8521391780200336,-0.05408568779795808,-0.055649485570042345,42,76,41.4,0.0911382989725098,,,,
ca-GrQc,4158,13422,calibrated_matched,0.5118,True,1,201,301,6901,0.514155863507674,0.8513623535140842,0.848968020793204,-0.002394332720880188,0.8852379506625275,0.7860738965850278,0.8505753802479493,0.001062273245902081,0.8521391780200336,-0.06450148366292152,-0.06606528143500578,42,72,41.4,0.08634625398553908,,,,
ca-GrQc,4158,13422,calibrated_matched,0.5118,False,1,201,301,6901,0.514155863507674,0.8513623535140842,0.8728503737028466,0.02148802018876239,0.8944078403149726,0.7759358885450205,0.8505753802479493,0.001062273245902081,0.8521391780200336,-0.07463949170292883,-0.07620328947501309,42,78,41.4,0.09325357608031482,,,,
ca-GrQc,4158,13422,calibrated_matched,0.5118,True,2,202,302,6807,0.5071524362986142,0.8513623535140842,0.8475840867908989,-0.003778266723185264,0.8859211482817325,0.7962802587424834,0.8505753802479493,0.001062273245902081,0.8521391780200336,-0.05429512150546589,-0.055858919277550156,42,65,41.4,0.08610864693764597,,,,
ca-GrQc,4158,13422,calibrated_matched,0.5118,False,2,202,302,6807,0.5071524362986142,0.8513623535140842,0.8737498529467275,0.022387499432643287,0.8978223900339891,0.7953023047161057,0.8505753802479493,0.001062273245902081,0.8521391780200336,-0.055273075531843574,-0.05683687330392784,42,83,41.4,0.09453039907384664,,,,
ca-GrQc,4158,13422,calibrated_matched,0.5118,True,3,203,303,6817,0.5078974817463865,0.8513623535140842,0.8504746835715588,-0.0008876699425254264,0.8840276131457719,0.7969745992458158,0.8505753802479493,0.001062273245902081,0.8521391780200336,-0.0536007810021335,-0.055164578774217765,42,72,41.4,0.08702953497413546,,,,
ca-GrQc,4158,13422,calibrated_matched,0.5118,False,3,203,303,6817,0.5078974817463865,0.8513623535140842,0.8734103721100909,0.02204801859600669,0.8954388356267212,0.7825941341220802,0.8505753802479493,0.001062273245902081,0.8521391780200336,-0.06798124612586909,-0.06954504389795335,42,80,41.4,0.09406768495682627,,,,
ca-GrQc,4158,13422,calibrated_matched,0.5118,True,4,204,304,6870,0.5118462226195798,0.8513623535140842,0.844923768824083,-0.006438584690001137,0.8814716538586225,0.7954114803521272,0.8505753802479493,0.001062273245902081,0.8521391780200336,-0.055163899895822155,-0.05672769766790642,42,71,41.4,0.08793418807908893,,,,
ca-GrQc,4158,13422,calibrated_matched,0.5118,False,4,204,304,6870,0.5118462226195798,0.8513623535140842,0.8689639679724726,0.01760161445838837,0.8914244367744492,0.7902005835312299,0.8505753802479493,0.001062273245902081,0.8521391780200336,-0.060374796716719414,-0.06193859448880368,42,83,41.4,0.09364742203615606,,,,
email-Eu-core,986,16064,paper,0.8,False,0,200,300,7180,0.4469621513944223,0.41585277609990806,0.49151959947548507,0.07566682337557701,0.5030833966992809,0.407244818503625,0.4160484354291004,0.0004801794430347517,0.41643037652366144,-0.008803616925475433,-0.009185558020036455,8,8,8.0,0.04135692503768951,,,,
email-Eu-core,986,16064,paper,0.8,False,1,201,301,7138,0.444347609561753,0.41585277609990806,0.49193624962817245,0.07608347352826439,0.503951410691408,0.40307167472106104,0.4160484354291004,0.0004801794430347517,0.41643037652366144,-0.012976760708039381,-0.013358701802600403,8,10,8.0,0.03946658701170236,,,,
email-Eu-core,986,16064,paper,0.8,False,2,202,302,7143,0.4446588645418327,0.41585277609990806,0.5045770441164046,0.08872426801649652,0.514883830840813,0.4023794966579151,0.4160484354291004,0.0004801794430347517,0.41643037652366144,-0.013668938771185302,-0.014050879865746324,8,9,8.0,0.04012324893847108,,,,
email-Eu-core,986,16064,paper,0.8,False,3,203,303,7134,0.44409860557768926,0.41585277609990806,0.49894484523859756,0.0830920691386895,0.5100146174528072,0.3978900194633568,0.4160484354291004,0.0004801794430347517,0.41643037652366144,-0.018158415965743635,-0.018540357060304657,8,9,8.0,0.04291250405367464,,,,
email-Eu-core,986,16064,paper,0.8,False,4,204,304,7136,0.4442231075697211,0.41585277609990806,0.4960489858941715,0.08019620979426345,0.5117813156684228,0.4045091422159966,0.4160484354291004,0.0004801794430347517,0.41643037652366144,-0.011539293213103818,-0.01192123430766484,8,8,8.0,0.04027157404925674,,,,
email-Eu-core,986,16064,paper,1.0,False,0,200,300,8214,0.5113296812749004,0.41585277609990806,0.48423859915035167,0.0683858230504436,0.4926222172066447,0.4078409384436853,0.4160484354291004,0.0004801794430347517,0.41643037652366144,-0.00820749698541512,-0.008589438079976142,8,9,8.0,0.0435489930678159,,,,
email-Eu-core,986,16064,paper,1.0,False,1,201,301,8148,0.5072211155378487,0.41585277609990806,0.48431619211258387,0.0684634160126758,0.494194749852327,0.40132249691163135,0.4160484354291004,0.0004801794430347517,0.41643037652366144,-0.014725938517469062,-0.015107879612030084,8,9,8.0,0.04271673096809536,,,,
email-Eu-core,986,16064,paper,1.0,False,2,202,302,8165,0.5082793824701195,0.41585277609990806,0.4951748554105858,0.07932207931067775,0.50426041431903,0.4087315396190388,0.4160484354291004,0.0004801794430347517,0.41643037652366144,-0.007316895810061619,-0.007698836904622641,8,8,8.0,0.04149039706680924,,,,
email-Eu-core,986,16064,paper,1.0,False,3,203,303,8183,0.5093999003984063,0.41585277609990806,0.4918681169111994,0.07601534081129135,0.49802599222367927,0.4010394106622564,0.4160484354291004,0.0004801794430347517,0.41643037652366144,-0.015009024766844015,-0.015390965861405037,8,10,8.0,0.04301410901825875,,,,
email-Eu-core,986,16064,paper,1.0,False,4,204,304,8171,0.5086528884462151,0.41585277609990806,0.4913868430430739,0.07553406694316583,0.502161776065483,0.40682794725294547,0.4160484354291004,0.0004801794430347517,0.41643037652366144,-0.00922048817615495,-0.009602429270715973,8,8,8.0,0.04584601102396846,,,,
email-Eu-core,986,16064,calibrated,0.9,False,0,200,300,14446,0.8992778884462151,0.41585277609990806,0.44956336170112354,0.03371058560121548,0.4489989444283129,0.41500615441619976,0.4160484354291004,0.0004801794430347517,0.41643037652366144,-0.0010422810129006588,-0.0014242221074616812,8,7,8.0,0.05622465000487864,,,,
email-Eu-core,986,16064,calibrated,0.9,False,1,201,301,14505,0.9029506972111554,0.41585277609990806,0.44826670687674297,0.03241393077683491,0.4449219557354077,0.41154932142074135,0.4160484354291004,0.0004801794430347517,0.41643037652366144,-0.004499114008359062,-0.004881055102920084,8,8,8.0,0.057983828941360116,,,,
email-Eu-core,986,16064,calibrated,0.9,False,2,202,302,14415,0.8973481075697212,0.41585277609990806,0.4522883712323692,0.03643559513246114,0.45321457768691786,0.4157737164824269,0.4160484354291004,0.0004801794430347517,0.41643037652366144,-0.0002747189466735245,-0.0006566600412345469,8,7,8.0,0.05227516696322709,,,,
email-Eu-core,986,16064,calibrated,0.9,False,3,203,303,14474,0.9010209163346613,0.41585277609990806,0.4484701943433222,0.03261741824341413,0.44876956663503337,0.41390113529633965,0.4160484354291004,0.0004801794430347517,0.41643037652366144,-0.0021473001327607655,-0.002529241227321788,8,8,8.0,0.05646174703724682,,,,
email-Eu-core,986,16064,calibrated,0.9,False,4,204,304,14465,0.900460657370518,0.41585277609990806,0.4504288872541072,0.03457611115419912,0.4500152996929666,0.41423437420946196,0.4160484354291004,0.0004801794430347517,0.41643037652366144,-0.001814061219638452,-0.0021960023141994744,8,8,8.0,0.05490669806022197,,,,
email-Eu-core,986,16064,calibrated_matched,0.5113,True,0,200,300,8218,0.5115786852589641,0.41585277609990806,0.4153662237462005,-0.0004865523537075367,0.5109391318263853,0.3992294718660219,0.4160484354291004,0.0004801794430347517,0.41643037652366144,-0.016818963563078493,-0.017200904657639515,8,8,8.0,0.04332464502658695,,,,
email-Eu-core,986,16064,calibrated_matched,0.5113,False,0,200,300,8218,0.5115786852589641,0.41585277609990806,0.5065858228922604,0.09073304679235233,0.517298533139389,0.410629098319744,0.4160484354291004,0.0004801794430347517,0.41643037652366144,-0.005419337109356437,-0.005801278203917459,8,10,8.0,0.04479761200491339,,,,
email-Eu-core,986,16064,calibrated_matched,0.5113,True,1,201,301,8261,0.5142554780876494,0.41585277609990806,0.41828240884657875,0.0024296327466706846,0.5094756220832561,0.403399147356664,0.4160484354291004,0.0004801794430347517,0.41643037652366144,-0.012649288072436426,-0.013031229166997449,8,7,8.0,0.045698806061409414,,,,
email-Eu-core,986,16064,calibrated_matched,0.5113,False,1,201,301,8261,0.5142554780876494,0.41585277609990806,0.5116598102274627,0.09580703412755459,0.5224966631191573,0.4108771354447746,0.4160484354291004,0.0004801794430347517,0.41643037652366144,-0.005171299984325806,-0.005553241078886828,8,9,8.0,0.03856242902111262,,,,
email-Eu-core,986,16064,calibrated_matched,0.5113,True,2,202,302,8245,0.5132594621513944,0.41585277609990806,0.4125482751055487,-0.0033045009943593606,0.5109786808698583,0.3994229579906222,0.4160484354291004,0.0004801794430347517,0.41643037652366144,-0.016625477438478198,-0.01700741853303922,8,9,8.0,0.04088706092443317,,,,
email-Eu-core,986,16064,calibrated_matched,0.5113,False,2,202,302,8245,0.5132594621513944,0.41585277609990806,0.5083332199421816,0.09248044384227355,0.515371000525522,0.40577086612774493,0.4160484354291004,0.0004801794430347517,0.41643037652366144,-0.010277569301355483,-0.010659510395916505,8,9,8.0,0.04118124593514949,,,,
email-Eu-core,986,16064,calibrated_matched,0.5113,True,3,203,303,8175,0.5089018924302788,0.41585277609990806,0.41861407674626033,0.0027613006463522716,0.5182226337102189,0.3951694757790302,0.4160484354291004,0.0004801794430347517,0.41643037652366144,-0.020878959650070195,-0.021260900744631217,8,8,8.0,0.042685798020102084,,,,
email-Eu-core,986,16064,calibrated_matched,0.5113,False,3,203,303,8175,0.5089018924302788,0.41585277609990806,0.5136232004414143,0.09777042434150623,0.5236829971289361,0.40157965041291516,0.4160484354291004,0.0004801794430347517,0.41643037652366144,-0.01446878501618526,-0.014850726110746282,8,9,8.0,0.04288365598767996,,,,
email-Eu-core,986,16064,calibrated_matched,0.5113,True,4,204,304,8216,0.5114541832669323,0.41585277609990806,0.41858573028314267,0.002732954183234604,0.5039231122994627,0.3904368984470484,0.4160484354291004,0.0004801794430347517,0.41643037652366144,-0.02561153698205204,-0.025993478076613064,8,8,8.0,0.042704320047050714,,,,
email-Eu-core,986,16064,calibrated_matched,0.5113,False,4,204,304,8216,0.5114541832669323,0.41585277609990806,0.5097480756905327,0.09389529959062465,0.5181137909595734,0.40198057720871994,0.4160484354291004,0.0004801794430347517,0.41643037652366144,-0.01406785822038048,-0.014449799314941503,8,10,8.0,0.039627079968340695,,,,
email-Eu-core-labeled,986,16064,paper,0.8,False,0,200,300,7180,0.4469621513944223,0.41585277609990806,0.49151959947548507,0.07566682337557701,0.5030833966992809,0.407244818503625,0.4160484354291004,0.0004801794430347517,0.41643037652366144,-0.008803616925475433,-0.009185558020036455,8,8,8.0,0.043059256044216454,0.5799416933207219,0.35012245650685037,0.5625949827329612,0.33507312061074834
email-Eu-core-labeled,986,16064,paper,0.8,False,1,201,301,7138,0.444347609561753,0.41585277609990806,0.49193624962817245,0.07608347352826439,0.503951410691408,0.40307167472106104,0.4160484354291004,0.0004801794430347517,0.41643037652366144,-0.012976760708039381,-0.013358701802600403,8,10,8.0,0.040978249977342784,0.5930984308475953,0.41337053308715205,0.5625949827329612,0.33507312061074834
email-Eu-core-labeled,986,16064,paper,0.8,False,2,202,302,7143,0.4446588645418327,0.41585277609990806,0.5045770441164046,0.08872426801649652,0.514883830840813,0.4023794966579151,0.4160484354291004,0.0004801794430347517,0.41643037652366144,-0.013668938771185302,-0.014050879865746324,8,9,8.0,0.03996812098193914,0.5681787920948843,0.37845282942289116,0.5625949827329612,0.33507312061074834
email-Eu-core-labeled,986,16064,paper,0.8,False,3,203,303,7134,0.44409860557768926,0.41585277609990806,0.49894484523859756,0.0830920691386895,0.5100146174528072,0.3978900194633568,0.4160484354291004,0.0004801794430347517,0.41643037652366144,-0.018158415965743635,-0.018540357060304657,8,9,8.0,0.04306973796337843,0.560010328671767,0.38327456526413023,0.5625949827329612,0.33507312061074834
email-Eu-core-labeled,986,16064,paper,0.8,False,4,204,304,7136,0.4442231075697211,0.41585277609990806,0.4960489858941715,0.08019620979426345,0.5117813156684228,0.4045091422159966,0.4160484354291004,0.0004801794430347517,0.41643037652366144,-0.011539293213103818,-0.01192123430766484,8,8,8.0,0.04041080200113356,0.5645575330886851,0.3501156065839411,0.5625949827329612,0.33507312061074834
email-Eu-core-labeled,986,16064,paper,1.0,False,0,200,300,8214,0.5113296812749004,0.41585277609990806,0.48423859915035167,0.0683858230504436,0.4926222172066447,0.4078409384436853,0.4160484354291004,0.0004801794430347517,0.41643037652366144,-0.00820749698541512,-0.008589438079976142,8,9,8.0,0.042436791001819074,0.5894356354134163,0.3895996869318454,0.5625949827329612,0.33507312061074834
email-Eu-core-labeled,986,16064,paper,1.0,False,1,201,301,8148,0.5072211155378487,0.41585277609990806,0.48431619211258387,0.0684634160126758,0.494194749852327,0.40132249691163135,0.4160484354291004,0.0004801794430347517,0.41643037652366144,-0.014725938517469062,-0.015107879612030084,8,9,8.0,0.04118867707438767,0.563441593088994,0.3614294034319795,0.5625949827329612,0.33507312061074834
email-Eu-core-labeled,986,16064,paper,1.0,False,2,202,302,8165,0.5082793824701195,0.41585277609990806,0.4951748554105858,0.07932207931067775,0.50426041431903,0.4087315396190388,0.4160484354291004,0.0004801794430347517,0.41643037652366144,-0.007316895810061619,-0.007698836904622641,8,8,8.0,0.04179586097598076,0.5489275173421054,0.3398616011100719,0.5625949827329612,0.33507312061074834
email-Eu-core-labeled,986,16064,paper,1.0,False,3,203,303,8183,0.5093999003984063,0.41585277609990806,0.4918681169111994,0.07601534081129135,0.49802599222367927,0.4010394106622564,0.4160484354291004,0.0004801794430347517,0.41643037652366144,-0.015009024766844015,-0.015390965861405037,8,10,8.0,0.042946211993694305,0.5699667142707288,0.3811248560008449,0.5625949827329612,0.33507312061074834
email-Eu-core-labeled,986,16064,paper,1.0,False,4,204,304,8171,0.5086528884462151,0.41585277609990806,0.4913868430430739,0.07553406694316583,0.502161776065483,0.40682794725294547,0.4160484354291004,0.0004801794430347517,0.41643037652366144,-0.00922048817615495,-0.009602429270715973,8,8,8.0,0.04500008397735655,0.5732411435688946,0.3685291856228732,0.5625949827329612,0.33507312061074834
email-Eu-core-labeled,986,16064,calibrated,0.9,False,0,200,300,14446,0.8992778884462151,0.41585277609990806,0.44956336170112354,0.03371058560121548,0.4489989444283129,0.41500615441619976,0.4160484354291004,0.0004801794430347517,0.41643037652366144,-0.0010422810129006588,-0.0014242221074616812,8,7,8.0,0.055434243055060506,0.5526291679964498,0.2949094525029515,0.5625949827329612,0.33507312061074834
email-Eu-core-labeled,986,16064,calibrated,0.9,False,1,201,301,14505,0.9029506972111554,0.41585277609990806,0.44826670687674297,0.03241393077683491,0.4449219557354077,0.41154932142074135,0.4160484354291004,0.0004801794430347517,0.41643037652366144,-0.004499114008359062,-0.004881055102920084,8,8,8.0,0.05771494295913726,0.5593820812920046,0.3559417751056866,0.5625949827329612,0.33507312061074834
email-Eu-core-labeled,986,16064,calibrated,0.9,False,2,202,302,14415,0.8973481075697212,0.41585277609990806,0.4522883712323692,0.03643559513246114,0.45321457768691786,0.4157737164824269,0.4160484354291004,0.0004801794430347517,0.41643037652366144,-0.0002747189466735245,-0.0006566600412345469,8,7,8.0,0.05094065295998007,0.5362100161110774,0.2657400293140162,0.5625949827329612,0.33507312061074834
email-Eu-core-labeled,986,16064,calibrated,0.9,False,3,203,303,14474,0.9010209163346613,0.41585277609990806,0.4484701943433222,0.03261741824341413,0.44876956663503337,0.41390113529633965,0.4160484354291004,0.0004801794430347517,0.41643037652366144,-0.0021473001327607655,-0.002529241227321788,8,8,8.0,0.05539684707764536,0.5522529934664814,0.3306051242668708,0.5625949827329612,0.33507312061074834
email-Eu-core-labeled,986,16064,calibrated,0.9,False,4,204,304,14465,0.900460657370518,0.41585277609990806,0.4504288872541072,0.03457611115419912,0.4500152996929666,0.41423437420946196,0.4160484354291004,0.0004801794430347517,0.41643037652366144,-0.001814061219638452,-0.0021960023141994744,8,8,8.0,0.05430850200355053,0.5549762735205743,0.34220716784780153,0.5625949827329612,0.33507312061074834
email-Eu-core-labeled,986,16064,calibrated_matched,0.5113,True,0,200,300,8218,0.5115786852589641,0.41585277609990806,0.4153662237462005,-0.0004865523537075367,0.5109391318263853,0.3992294718660219,0.4160484354291004,0.0004801794430347517,0.41643037652366144,-0.016818963563078493,-0.017200904657639515,8,8,8.0,0.04288237600121647,0.5446284300893095,0.3549766387745099,0.5625949827329612,0.33507312061074834
email-Eu-core-labeled,986,16064,calibrated_matched,0.5113,False,0,200,300,8218,0.5115786852589641,0.41585277609990806,0.5065858228922604,0.09073304679235233,0.517298533139389,0.410629098319744,0.4160484354291004,0.0004801794430347517,0.41643037652366144,-0.005419337109356437,-0.005801278203917459,8,10,8.0,0.044342042063362896,0.5859255684633391,0.35009007616537546,0.5625949827329612,0.33507312061074834
email-Eu-core-labeled,986,16064,calibrated_matched,0.5113,True,1,201,301,8261,0.5142554780876494,0.41585277609990806,0.41828240884657875,0.0024296327466706846,0.5094756220832561,0.403399147356664,0.4160484354291004,0.0004801794430347517,0.41643037652366144,-0.012649288072436426,-0.013031229166997449,8,7,8.0,0.04555137606803328,0.5208502848861922,0.2741517552088635,0.5625949827329612,0.33507312061074834
email-Eu-core-labeled,986,16064,calibrated_matched,0.5113,False,1,201,301,8261,0.5142554780876494,0.41585277609990806,0.5116598102274627,0.09580703412755459,0.5224966631191573,0.4108771354447746,0.4160484354291004,0.0004801794430347517,0.41643037652366144,-0.005171299984325806,-0.005553241078886828,8,9,8.0,0.03836607397533953,0.5798751228242003,0.3482212614048995,0.5625949827329612,0.33507312061074834
email-Eu-core-labeled,986,16064,calibrated_matched,0.5113,True,2,202,302,8245,0.5132594621513944,0.41585277609990806,0.4125482751055487,-0.0033045009943593606,0.5109786808698583,0.3994229579906222,0.4160484354291004,0.0004801794430347517,0.41643037652366144,-0.016625477438478198,-0.01700741853303922,8,9,8.0,0.041123816976323724,0.5585092566389106,0.3621637726224979,0.5625949827329612,0.33507312061074834
email-Eu-core-labeled,986,16064,calibrated_matched,0.5113,False,2,202,302,8245,0.5132594621513944,0.41585277609990806,0.5083332199421816,0.09248044384227355,0.515371000525522,0.40577086612774493,0.4160484354291004,0.0004801794430347517,0.41643037652366144,-0.010277569301355483,-0.010659510395916505,8,9,8.0,0.04217362403869629,0.5704285884014412,0.3495580456135925,0.5625949827329612,0.33507312061074834
email-Eu-core-labeled,986,16064,calibrated_matched,0.5113,True,3,203,303,8175,0.5089018924302788,0.41585277609990806,0.41861407674626033,0.0027613006463522716,0.5182226337102189,0.3951694757790302,0.4160484354291004,0.0004801794430347517,0.41643037652366144,-0.020878959650070195,-0.021260900744631217,8,8,8.0,0.042475680937059224,0.5400973007184715,0.3267156205849273,0.5625949827329612,0.33507312061074834
email-Eu-core-labeled,986,16064,calibrated_matched,0.5113,False,3,203,303,8175,0.5089018924302788,0.41585277609990806,0.5136232004414143,0.09777042434150623,0.5236829971289361,0.40157965041291516,0.4160484354291004,0.0004801794430347517,0.41643037652366144,-0.01446878501618526,-0.014850726110746282,8,9,8.0,0.04356281296350062,0.5867077149785956,0.4126828334947448,0.5625949827329612,0.33507312061074834
email-Eu-core-labeled,986,16064,calibrated_matched,0.5113,True,4,204,304,8216,0.5114541832669323,0.41585277609990806,0.41858573028314267,0.002732954183234604,0.5039231122994627,0.3904368984470484,0.4160484354291004,0.0004801794430347517,0.41643037652366144,-0.02561153698205204,-0.025993478076613064,8,8,8.0,0.04334031499456614,0.5271422496115675,0.35859938161275223,0.5625949827329612,0.33507312061074834
email-Eu-core-labeled,986,16064,calibrated_matched,0.5113,False,4,204,304,8216,0.5114541832669323,0.41585277609990806,0.5097480756905327,0.09389529959062465,0.5181137909595734,0.40198057720871994,0.4160484354291004,0.0004801794430347517,0.41643037652366144,-0.01406785822038048,-0.014449799314941503,8,10,8.0,0.03945131797809154,0.5929604862119146,0.4151479310406251,0.5625949827329612,0.33507312061074834
wiki-Vote,7066,100736,paper,0.8,False,0,200,300,33457,0.33212555590851334,0.42397618528227865,0.49381695440239215,0.0698407691201135,0.5171013703966844,0.41371630129833376,0.4244251061295442,0.0027917105133192103,0.42680377656904833,-0.01070880483121045,-0.013087475270714577,7,9,6.4,0.262513980967924,,,,
wiki-Vote,7066,100736,paper,0.8,False,1,201,301,33673,0.3342697744599746,0.42397618528227865,0.4922134832332402,0.06823729795096156,0.5146985936174399,0.40466804117793737,0.4244251061295442,0.0027917105133192103,0.42680377656904833,-0.01975706495160684,-0.022135735391110967,7,14,6.4,0.2668250510469079,,,,
wiki-Vote,7066,100736,paper,0.8,False,2,202,302,33715,0.33468670584498095,0.42397618528227865,0.4941125668268722,0.07013638154459356,0.5057182260008564,0.401283698875104,0.4244251061295442,0.0027917105133192103,0.42680377656904833,-0.023141407254440194,-0.02552007769394432,7,15,6.4,0.2516613459447399,,,,
wiki-Vote,7066,100736,paper,0.8,False,3,203,303,33601,0.33355503494282085,0.42397618528227865,0.4965274029744126,0.07255121769213396,0.5097948122863694,0.3988176609378293,0.4244251061295442,0.0027917105133192103,0.42680377656904833,-0.025607445191714928,-0.027986115631219055,7,13,6.4,0.251544993952848,,,,
wiki-Vote,7066,100736,paper,0.8,False,4,204,304,33563,0.33317781130876745,0.42397618528227865,0.4971374703488862,0.07316128506660757,0.503773107363205,0.39648967952997455,0.4244251061295442,0.0027917105133192103,0.42680377656904833,-0.027935426599569657,-0.030314097039073784,7,12,6.4,0.27300329494755715,,,,
wiki-Vote,7066,100736,paper,1.0,False,0,200,300,38257,0.37977485705209657,0.42397618528227865,0.4864160077873949,0.06243982250511626,0.5069591856226914,0.4157465959310913,0.4244251061295442,0.0027917105133192103,0.42680377656904833,-0.008678510198452893,-0.01105718063795702,7,8,6.4,0.26719475409481674,,,,
wiki-Vote,7066,100736,paper,1.0,False,1,201,301,38451,0.3817006829733164,0.42397618528227865,0.48601833411678363,0.062042148834504984,0.4907876268071184,0.41287628375991325,0.4244251061295442,0.0027917105133192103,0.42680377656904833,-0.011548822369630951,-0.013927492809135078,7,8,6.4,0.28397498198319227,,,,
wiki-Vote,7066,100736,paper,1.0,False,2,202,302,38586,0.3830408195679797,0.42397618528227865,0.4871018139201921,0.06312562863791343,0.5052688743769814,0.4114217617152876,0.4244251061295442,0.0027917105133192103,0.42680377656904833,-0.013003344414256601,-0.015382014853760728,7,9,6.4,0.2643857249058783,,,,
wiki-Vote,7066,100736,paper,1.0,False,3,203,303,38349,0.38068813532401524,0.42397618528227865,0.4891685237946699,0.06519233851239126,0.5081441652992555,0.4119928863727357,0.4244251061295442,0.0027917105133192103,0.42680377656904833,-0.012432219756808527,-0.014810890196312654,7,10,6.4,0.26190074591431767,,,,
wiki-Vote,7066,100736,paper,1.0,False,4,204,304,38347,0.38066828144853876,0.42397618528227865,0.4906937040842623,0.06671751880198368,0.5058642274840875,0.41494871752202717,0.4244251061295442,0.0027917105133192103,0.42680377656904833,-0.009476388607517039,-0.011855059047021166,7,8,6.4,0.2787110209465027,,,,
wiki-Vote,7066,100736,calibrated,0.9,False,0,200,300,90744,0.9008100381194409,0.42397618528227865,0.4416806899796926,0.01770450469741397,0.44305482524778617,0.4215723151177852,0.4244251061295442,0.0027917105133192103,0.42680377656904833,-0.002852791011759004,-0.005231461451263131,7,6,6.4,0.38469955197069794,,,,
wiki-Vote,7066,100736,calibrated,0.9,False,1,201,301,90631,0.899688294155019,0.42397618528227865,0.44186591160331673,0.01788972632103808,0.4432126877065848,0.421952283599001,0.4244251061295442,0.0027917105133192103,0.42680377656904833,-0.002472822530543206,-0.004851492970047333,7,8,6.4,0.41615277191158384,,,,
wiki-Vote,7066,100736,calibrated,0.9,False,2,202,302,90644,0.8998173443456162,0.42397618528227865,0.4414988905705168,0.017522705288238127,0.4412762913144292,0.4205042368374451,0.4244251061295442,0.0027917105133192103,0.42680377656904833,-0.003920869292099116,-0.006299539731603243,7,6,6.4,0.37487097294069827,,,,
wiki-Vote,7066,100736,calibrated,0.9,False,3,203,303,90732,0.9006909148665819,0.42397618528227865,0.4412855938569586,0.01730940857467994,0.431511660835088,0.4161474234375311,0.4244251061295442,0.0027917105133192103,0.42680377656904833,-0.008277682692013122,-0.010656353131517249,7,18,6.4,0.36944504105485976,,,,
wiki-Vote,7066,100736,calibrated,0.9,False,4,204,304,90729,0.9006611340533672,0.42397618528227865,0.44100957572875776,0.017033390446479113,0.4433288691545661,0.4249181503801651,0.4244251061295442,0.0027917105133192103,0.42680377656904833,0.000493044250620911,-0.001885626188883216,7,6,6.4,0.3924453629879281,,,,
wiki-Vote,7066,100736,calibrated_matched,0.3798,True,0,200,300,38182,0.3790303367217281,0.42397618528227865,0.42589856574233903,0.00192238046006038,0.5132205611360795,0.4012840352060929,0.4244251061295442,0.0027917105133192103,0.42680377656904833,-0.0231410709234513,-0.025519741362955428,7,7,6.4,0.29508363304194063,,,,
wiki-Vote,7066,100736,calibrated_matched,0.3798,False,0,200,300,38182,0.3790303367217281,0.42397618528227865,0.5003765773602524,0.07640039207797378,0.5138938326094424,0.4106782269243918,0.4244251061295442,0.0027917105133192103,0.42680377656904833,-0.013746879205152385,-0.01612554964465651,7,10,6.4,0.2880170400021598,,,,
wiki-Vote,7066,100736,calibrated_matched,0.3798,True,1,201,301,38214,0.379347998729352,0.42397618528227865,0.41887551460005534,-0.005100670682223307,0.5095619388695793,0.3995944869781596,0.4244251061295442,0.0027917105133192103,0.42680377656904833,-0.024830619151384625,-0.027209289590888752,7,6,6.4,0.28947695600800216,,,,
wiki-Vote,7066,100736,calibrated_matched,0.3798,False,1,201,301,38214,0.379347998729352,0.42397618528227865,0.49756386041527323,0.07358767513299458,0.4969462733098039,0.39935626106815725,0.4244251061295442,0.0027917105133192103,0.42680377656904833,-0.025068845061386957,-0.027447515500891084,7,11,6.4,0.28514381195418537,,,,
wiki-Vote,7066,100736,calibrated_matched,0.3798,True,2,202,302,38323,0.38043003494282085,0.42397618528227865,0.42639342030870625,0.0024172350264276,0.5148871414754009,0.4081461247809041,0.4244251061295442,0.0027917105133192103,0.42680377656904833,-0.016278981348640087,-0.018657651788144214,7,6,6.4,0.3036433110246435,,,,
wiki-Vote,7066,100736,calibrated_matched,0.3798,False,2,202,302,38323,0.38043003494282085,0.42397618528227865,0.501293759225707,0.07731757394342831,0.5086789131425538,0.401144354078758,0.4244251061295442,0.0027917105133192103,0.42680377656904833,-0.023280752050786224,-0.02565942249029035,7,9,6.4,0.27611333795357496,,,,
wiki-Vote,7066,100736,calibrated_matched,0.3798,True,3,203,303,38219,0.3793976334180432,0.42397618528227865,0.42307097603126104,-0.0009052092510176135,0.510769040920326,0.40512362658191176,0.4244251061295442,0.0027917105133192103,0.42680377656904833,-0.01930147954763245,-0.021680149987136577,7,9,6.4,0.28930831397883594,,,,
wiki-Vote,7066,100736,calibrated_matched,0.3798,False,3,203,303,38219,0.3793976334180432,0.42397618528227865,0.49896890341001876,0.07499271812774011,0.5196519117421228,0.41439627687385705,0.4244251061295442,0.0027917105133192103,0.42680377656904833,-0.010028829255687155,-0.012407499695191282,7,7,6.4,0.2636333799455315,,,,
wiki-Vote,7066,100736,calibrated_matched,0.3798,True,4,204,304,38209,0.37929836404066075,0.42397618528227865,0.42981102585902287,0.005834840576744216,0.5141738472866175,0.4111789560178415,0.4244251061295442,0.0027917105133192103,0.42680377656904833,-0.013246150111702715,-0.015624820551206842,7,5,6.4,0.2982771520037204,,,,
wiki-Vote,7066,100736,calibrated_matched,0.3798,False,4,204,304,38209,0.37929836404066075,0.42397618528227865,0.5027715225573561,0.07879533727507748,0.5208646701452604,0.4169955507606173,0.4244251061295442,0.0027917105133192103,0.42680377656904833,-0.007429555368926921,-0.009808225808431048,7,8,6.4,0.2742730249883607,,,,
ca-HepTh,8638,24806,paper,0.8,False,0,200,300,11728,0.47278884140933647,0.7618818232012058,0.8148522169865755,0.05297039378536972,0.8784298529573922,0.6255396785123668,0.7613665933802884,0.0010545325366254318,0.7623597616252422,-0.13582691486792164,-0.1368200831128754,47,494,48.8,0.21512290195096284,,,,
ca-HepTh,8638,24806,paper,0.8,False,1,201,301,11786,0.4751269854067564,0.7618818232012058,0.8159264520120666,0.054044628810860806,0.8761395668596308,0.6281538408939463,0.7613665933802884,0.0010545325366254318,0.7623597616252422,-0.13321275248634212,-0.1342059207312959,47,504,48.8,0.21608795097563416,,,,
ca-HepTh,8638,24806,paper,0.8,False,2,202,302,11870,0.47851326292026125,0.7618818232012058,0.8148885461638972,0.05300672296269138,0.8742590433146501,0.6370342777148117,0.7613665933802884,0.0010545325366254318,0.7623597616252422,-0.12433231566547676,-0.12532548391043052,47,484,48.8,0.22146626492030919,,,,
ca-HepTh,8638,24806,paper,0.8,False,3,203,303,11847,0.4775860678868016,0.7618818232012058,0.8178084197216716,0.05592659652046583,0.8749432682930842,0.6345420678932764,0.7613665933802884,0.0010545325366254318,0.7623597616252422,-0.12682452548701206,-0.12781769373196583,47,499,48.8,0.22325324593111873,,,,
ca-HepTh,8638,24806,paper,0.8,False,4,204,304,11879,0.4788760783681367,0.7618818232012058,0.8150954044635089,0.05321358126230313,0.8763393754266875,0.639447309866807,0.7613665933802884,0.0010545325366254318,0.7623597616252422,-0.12191928351348147,-0.12291245175843524,47,480,48.8,0.2156217460287735,,,,
ca-HepTh,8638,24806,paper,1.0,False,0,200,300,13318,0.5368862372006773,0.7618818232012058,0.8098458556969584,0.04796403249575265,0.85771416732035,0.6694920030862537,0.7613665933802884,0.0010545325366254318,0.7623597616252422,-0.09187459029403477,-0.09286775853898854,47,300,48.8,0.22179123398382217,,,,
ca-HepTh,8638,24806,paper,1.0,False,1,201,301,13346,0.5380149963718455,0.7618818232012058,0.8104747870760596,0.04859296387485379,0.856169710481923,0.6770938182952297,0.7613665933802884,0.0010545325366254318,0.7623597616252422,-0.0842727750850587,-0.08526594333001247,47,269,48.8,0.21867043001111597,,,,
ca-HepTh,8638,24806,paper,1.0,False,2,202,302,13446,0.5420462791260179,0.7618818232012058,0.8117768837039645,0.049895060502758715,0.856562100451983,0.6735846245231129,0.7613665933802884,0.0010545325366254318,0.7623597616252422,-0.0877819688571756,-0.08877513710212936,47,266,48.8,0.21676260500680655,,,,
ca-HepTh,8638,24806,paper,1.0,False,3,203,303,13401,0.5402322018866403,0.7618818232012058,0.8119955625246646,0.05011373932345886,0.8552426745437729,0.671923794045323,0.7613665933802884,0.0010545325366254318,0.7623597616252422,-0.08944279933496546,-0.09043596757991923,47,295,48.8,0.22104273701552302,,,,
ca-HepTh,8638,24806,paper,1.0,False,4,204,304,13415,0.5407965814722244,0.7618818232012058,0.8104623178558724,0.04858049465466663,0.8570026793122811,0.6733136992777732,0.7613665933802884,0.0010545325366254318,0.7623597616252422,-0.08805289410251527,-0.08904606234746903,47,268,48.8,0.22023823100607842,,,,
ca-HepTh,8638,24806,calibrated,0.9,False,0,200,300,22387,0.9024832701765702,0.7618818232012058,0.7751673059544667,0.013285482753260913,0.7746638957563179,0.7527144626011463,0.7613665933802884,0.0010545325366254318,0.7623597616252422,-0.008652130779142175,-0.009645299024095944,47,52,48.8,0.24942131293937564,,,,
ca-HepTh,8638,24806,calibrated,0.9,False,1,201,301,22364,0.9015560751431105,0.7618818232012058,0.7745087820877902,0.012626958886584383,0.7740891767072313,0.7558731447396794,0.7613665933802884,0.0010545325366254318,0.7623597616252422,-0.005493448640609078,-0.006486616885562846,47,49,48.8,0.25022494001314044,,,,
ca-HepTh,8638,24806,calibrated,0.9,False,2,202,302,22304,0.8991373054906071,0.7618818232012058,0.7753227161661653,0.013440892964959539,0.7774543007369539,0.7561508995688995,0.7613665933802884,0.0010545325366254318,0.7623597616252422,-0.005215693811388977,-0.0062088620563427455,47,54,48.8,0.24884529691189528,,,,
ca-HepTh,8638,24806,calibrated,0.9,False,3,203,303,22309,0.8993388696283158,0.7618818232012058,0.7740241549362584,0.012142331735052636,0.775971016670868,0.753313369572603,0.7613665933802884,0.0010545325366254318,0.7623597616252422,-0.008053223807685472,-0.00904639205263924,47,51,48.8,0.2430737529648468,,,,
ca-HepTh,8638,24806,calibrated,0.9,False,4,204,304,22343,0.9007095057647343,0.7618818232012058,0.7754268487707052,0.013545025569499436,0.7762896215573749,0.7538237154081702,0.7613665933802884,0.0010545325366254318,0.7623597616252422,-0.007542877972118278,-0.008536046217072046,47,50,48.8,0.24572585301939398,,,,
ca-HepTh,8638,24806,calibrated_matched,0.5369,True,0,200,300,13259,0.5345077803757156,0.7618818232012058,0.7631824823499117,0.0013006591487059183,0.8569361470536122,0.6373089821861642,0.7613665933802884,0.0010545325366254318,0.7623597616252422,-0.12405761119412428,-0.12505077943907805,47,150,48.8,0.1996444599935785,,,,
ca-HepTh,8638,24806,calibrated_matched,0.5369,False,0,200,300,13259,0.5345077803757156,0.7618818232012058,0.8271274224986138,0.06524559929740803,0.8724262338295856,0.6610507308543695,0.7613665933802884,0.0010545325366254318,0.7623597616252422,-0.10031586252591895,-0.10130903077087272,47,162,48.8,0.21395649097394198,,,,
ca-HepTh,8638,24806,calibrated_matched,0.5369,True,1,201,301,13350,0.5381762476820124,0.7618818232012058,0.7599106758761984,-0.001971147325007361,0.8562504004825425,0.6377752562822269,0.7613665933802884,0.0010545325366254318,0.7623597616252422,-0.12359133709806158,-0.12458450534301535,47,138,48.8,0.19762563100084662,,,,
ca-HepTh,8638,24806,calibrated_matched,0.5369,False,1,201,301,13350,0.5381762476820124,0.7618818232012058,0.8251391827631189,0.06325735956191314,0.8707481799436093,0.655754303642171,0.7613665933802884,0.0010545325366254318,0.7623597616252422,-0.10561228973811743,-0.1066054579830712,47,151,48.8,0.21177891606930643,,,,
ca-HepTh,8638,24806,calibrated_matched,0.5369,True,2,202,302,13249,0.5341046521002983,0.7618818232012058,0.763695747417686,0.0018139242164801894,0.8579662214134631,0.6377412798134129,0.7613665933802884,0.0010545325366254318,0.7623597616252422,-0.12362531356687556,-0.12461848181182933,47,132,48.8,0.1976621689973399,,,,
ca-HepTh,8638,24806,calibrated_matched,0.5369,False,2,202,302,13249,0.5341046521002983,0.7618818232012058,0.828078876537697,0.06619705333649117,0.8748612200639105,0.6663906447614064,0.7613665933802884,0.0010545325366254318,0.7623597616252422,-0.09497594861888203,-0.0959691168638358,47,140,48.8,0.20870910200756043,,,,
ca-HepTh,8638,24806,calibrated_matched,0.5369,True,3,203,303,13312,0.5366443602354269,0.7618818232012058,0.7643503833649528,0.002468560163746969,0.8588469409378333,0.6457874998239171,0.7613665933802884,0.0010545325366254318,0.7623597616252422,-0.1155790935563713,-0.11657226180132507,47,129,48.8,0.1936686410335824,,,,
ca-HepTh,8638,24806,calibrated_matched,0.5369,False,3,203,303,13312,0.5366443602354269,0.7618818232012058,0.8274491778492225,0.06556735464801666,0.8721372305288826,0.6643552118109016,0.7613665933802884,0.0010545325366254318,0.7623597616252422,-0.09701138156938682,-0.09800454981434059,47,141,48.8,0.21097536897286773,,,,
ca-HepTh,8638,24806,calibrated_matched,0.5369,True,4,204,304,13344,0.5379343707167621,0.7618818232012058,0.7598778011359719,-0.002004022065233868,0.8554332989318973,0.6475639700673207,0.7613665933802884,0.0010545325366254318,0.7623597616252422,-0.11380262331296775,-0.11479579155792152,47,118,48.8,0.19432528095785528,,,,
ca-HepTh,8638,24806,calibrated_matched,0.5369,False,4,204,304,13344,0.5379343707167621,0.7618818232012058,0.8265196661241148,0.06463784292290897,0.8714525850093302,0.6699000839272573,0.7613665933802884,0.0010545325366254318,0.7623597616252422,-0.09146650945303114,-0.09245967769798491,47,127,48.8,0.22132105799391866,,,,
ca-CondMat,21363,91286,paper,0.8,False,0,200,300,43063,0.47173717766141576,0.731159427192281,0.7909781611307044,0.05981873393842341,0.8300407942373739,0.6608146052621006,0.7307902175437482,0.0012269957340993946,0.7324642748961809,-0.06997561228164761,-0.07164966963408037,54,287,55.2,0.6205985459964722,,,,
ca-CondMat,21363,91286,paper,0.8,False,1,201,301,43024,0.47130994895164646,0.731159427192281,0.7919541289952273,0.06079470180294633,0.8307669364637025,0.656704875316754,0.7307902175437482,0.0012269957340993946,0.7324642748961809,-0.07408534222699414,-0.0757593995794269,54,289,55.2,0.6147531250026077,,,,
ca-CondMat,21363,91286,paper,0.8,False,2,202,302,43107,0.47221917928269397,0.731159427192281,0.7911867836233707,0.060027356431089696,0.8302495813009262,0.6593910179550434,0.7307902175437482,0.0012269957340993946,0.7324642748961809,-0.07139919958870478,-0.07307325694113753,54,290,55.2,0.603947318973951,,,,
ca-CondMat,21363,91286,paper,0.8,False,3,203,303,43159,0.47278881756238633,0.731159427192281,0.7936728462182723,0.06251341902599128,0.83072599387555,0.6579821074794145,0.7307902175437482,0.0012269957340993946,0.7324642748961809,-0.07280811006433363,-0.07448216741676639,54,299,55.2,0.6057117088930681,,,,
ca-CondMat,21363,91286,paper,0.8,False,4,204,304,43110,0.4722520430295993,0.731159427192281,0.790470055482673,0.05931062829039202,0.8292210940374097,0.6551816250233188,0.7307902175437482,0.0012269957340993946,0.7324642748961809,-0.0756085925204294,-0.07728264987286215,54,335,55.2,0.6111148960189894,,,,
ca-CondMat,21363,91286,paper,1.0,False,0,200,300,48934,0.5360515303551475,0.731159427192281,0.7851844298746574,0.05402500268237642,0.8122399109232822,0.6733615395319161,0.7307902175437482,0.0012269957340993946,0.7324642748961809,-0.057428678011832046,-0.0591027353642648,54,160,55.2,0.6208390099927783,,,,
ca-CondMat,21363,91286,paper,1.0,False,1,201,301,48801,0.5345945709090112,0.731159427192281,0.7883290674107651,0.05716964021848414,0.8168872879366306,0.6797605886538203,0.7307902175437482,0.0012269957340993946,0.7324642748961809,-0.0510296288899279,-0.05270368624236066,54,165,55.2,0.6165780549636111,,,,
ca-CondMat,21363,91286,paper,1.0,False,2,202,302,48881,0.5354709374931533,0.731159427192281,0.7863353471568899,0.05517591996460891,0.8149331619182784,0.677520670160137,0.7307902175437482,0.0012269957340993946,0.7324642748961809,-0.05326954738361123,-0.05494360473604398,54,159,55.2,0.6348168589174747,,,,
ca-CondMat,21363,91286,paper,1.0,False,3,203,303,48844,0.5350656179479877,0.731159427192281,0.7880971101577758,0.05693768296549484,0.8172886955601953,0.6809746336634965,0.7307902175437482,0.0012269957340993946,0.7324642748961809,-0.049815583880251646,-0.0514896412326844,54,158,55.2,0.6303213950013742,,,,
ca-CondMat,21363,91286,paper,1.0,False,4,204,304,48848,0.5351094362771948,0.731159427192281,0.7857324630180305,0.05457303582574946,0.8148571445505021,0.6787940509505777,0.7307902175437482,0.0012269957340993946,0.7324642748961809,-0.05199616659317052,-0.05367022394560328,54,176,55.2,0.6255249850219116,,,,
ca-CondMat,21363,91286,calibrated,0.9,False,0,200,300,82200,0.9004666652060557,0.731159427192281,0.754282924784367,0.023123497592085984,0.7546732936550222,0.7233312837114562,0.7307902175437482,0.0012269957340993946,0.7324642748961809,-0.007458933832292014,-0.00913299118472477,54,56,55.2,0.7233960899757221,,,,
ca-CondMat,21363,91286,calibrated,0.9,False,1,201,301,82137,0.8997765265210438,0.731159427192281,0.7558979875174198,0.02473856032513877,0.756814860137466,0.725039534034622,0.7307902175437482,0.0012269957340993946,0.7324642748961809,-0.00575068350912622,-0.007424740861558976,54,61,55.2,0.710774413892068,,,,
ca-CondMat,21363,91286,calibrated,0.9,False,2,202,302,82133,0.8997327081918366,0.731159427192281,0.7550070770101229,0.02384764981784193,0.7561957958734349,0.7237469228437193,0.7307902175437482,0.0012269957340993946,0.7324642748961809,-0.007043294700028846,-0.008717352052461602,54,60,55.2,0.7172814169898629,,,,
ca-CondMat,21363,91286,calibrated,0.9,False,3,203,303,82146,0.8998751177617598,0.731159427192281,0.7559174601720791,0.02475803297979806,0.7559924100979182,0.7235110009746928,0.7307902175437482,0.0012269957340993946,0.7324642748961809,-0.007279216569055391,-0.008953273921488147,54,54,55.2,0.7353840100113302,,,,
ca-CondMat,21363,91286,calibrated,0.9,False,4,204,304,82175,0.9001928006485113,0.731159427192281,0.7561457773980135,0.024986350205732477,0.7563347801986402,0.7232293734912685,0.7307902175437482,0.0012269957340993946,0.7324642748961809,-0.007560844052479698,-0.009234901404912454,54,54,55.2,0.7378251909976825,,,,
ca-CondMat,21363,91286,calibrated_matched,0.5361,True,0,200,300,48970,0.5364458953180116,0.731159427192281,0.727802645681066,-0.00335678151121499,0.808377539953218,0.6501904962933348,0.7307902175437482,0.0012269957340993946,0.7324642748961809,-0.08059972125041337,-0.08227377860284613,54,77,55.2,0.5715337180299684,,,,
ca-CondMat,21363,91286,calibrated_matched,0.5361,False,0,200,300,48970,0.5364458953180116,0.731159427192281,0.7986118204921316,0.06745239329985064,0.8262446057979596,0.6629656964888597,0.7307902175437482,0.0012269957340993946,0.7324642748961809,-0.06782452105488845,-0.06949857840732121,54,101,55.2,0.6132264980114996,,,,
ca-CondMat,21363,91286,calibrated_matched,0.5361,True,1,201,301,48806,0.5346493438205201,0.731159427192281,0.7289289863186563,-0.002230440873624673,0.8092683086052228,0.6414802294505247,0.7307902175437482,0.0012269957340993946,0.7324642748961809,-0.08930998809322344,-0.09098404544565619,54,81,55.2,0.5698259989731014,,,,
ca-CondMat,21363,91286,calibrated_matched,0.5361,False,1,201,301,48806,0.5346493438205201,0.731159427192281,0.8007612085162291,0.06960178132394812,0.829035114758941,0.663277001702902,0.7307902175437482,0.0012269957340993946,0.7324642748961809,-0.06751321584084613,-0.06918727319327889,54,103,55.2,0.6035191980190575,,,,
ca-CondMat,21363,91286,calibrated_matched,0.5361,True,2,202,302,49019,0.5369826698507986,0.731159427192281,0.7282814520169913,-0.0028779751752896487,0.8095633166813753,0.6452263527294975,0.7307902175437482,0.0012269957340993946,0.7324642748961809,-0.08556386481425071,-0.08723792216668347,54,94,55.2,0.583262010011822,,,,
ca-CondMat,21363,91286,calibrated_matched,0.5361,False,2,202,302,49019,0.5369826698507986,0.731159427192281,0.8003928742300519,0.0692334470377709,0.8289544560808907,0.6684516139263,0.7307902175437482,0.0012269957340993946,0.7324642748961809,-0.06233860361744814,-0.0640126609698809,54,114,55.2,0.6193715090630576,,,,
ca-CondMat,21363,91286,calibrated_matched,0.5361,True,3,203,303,48809,0.5346822075674255,0.731159427192281,0.7344214650244562,0.0032620378321751575,0.8108946444008212,0.643852089963491,0.7307902175437482,0.0012269957340993946,0.7324642748961809,-0.08693812758025721,-0.08861218493268996,54,88,55.2,0.5688093240605667,,,,
ca-CondMat,21363,91286,calibrated_matched,0.5361,False,3,203,303,48809,0.5346822075674255,0.731159427192281,0.8019528787763286,0.0707934515840476,0.8298535820324686,0.6699356678011983,0.7307902175437482,0.0012269957340993946,0.7324642748961809,-0.06085454974254989,-0.06252860709498265,54,111,55.2,0.6163276470033452,,,,
ca-CondMat,21363,91286,calibrated_matched,0.5361,True,4,204,304,48816,0.5347588896435379,0.731159427192281,0.729761285269006,-0.0013981419232750314,0.8106572488124829,0.6515260470924037,0.7307902175437482,0.0012269957340993946,0.7324642748961809,-0.07926417045134448,-0.08093822780377724,54,81,55.2,0.5752644840395078,,,,
ca-CondMat,21363,91286,calibrated_matched,0.5361,False,4,204,304,48816,0.5347588896435379,0.731159427192281,0.8006231985074879,0.06946377131520687,0.8294860373369345,0.6681322830400885,0.7307902175437482,0.0012269957340993946,0.7324642748961809,-0.06265793450365964,-0.0643319918560924,54,108,55.2,0.610738055082038,,,,
email-Enron,33696,180811,paper,0.8,False,0,200,300,70416,0.3894453324189347,0.612428927514086,0.7557367762989351,0.14330784878484915,0.7901583293386669,0.5574896611993446,0.6070973046936826,0.002093816749709252,0.6093568592460408,-0.049607643494337994,-0.05186719804669615,192,373,171.2,0.8963838380295783,,,,
email-Enron,33696,180811,paper,0.8,False,1,201,301,70303,0.3888203704420638,0.612428927514086,0.7552033882252298,0.14277446071114386,0.7940756996985467,0.561329184683553,0.6070973046936826,0.002093816749709252,0.6093568592460408,-0.04576812001012964,-0.0480276745624878,192,402,171.2,0.9096657709451392,,,,
email-Enron,33696,180811,paper,0.8,False,2,202,302,70361,0.38914114738594446,0.612428927514086,0.7549794762429312,0.1425505487288452,0.7911389319111147,0.5536583724029281,0.6070973046936826,0.002093816749709252,0.6093568592460408,-0.05343893229075447,-0.05569848684311263,192,378,171.2,0.8956744809402153,,,,
email-Enron,33696,180811,paper,0.8,False,3,203,303,70044,0.3873879354685279,0.612428927514086,0.7580549372433114,0.14562600972922546,0.794678368419024,0.5600602117351636,0.6070973046936826,0.002093816749709252,0.6093568592460408,-0.04703709295851899,-0.049296647510877145,192,393,171.2,0.8908452319446951,,,,
email-Enron,33696,180811,paper,0.8,False,4,204,304,70112,0.38776401878204314,0.612428927514086,0.7551960507642356,0.14276712325014962,0.7933739207836012,0.5610166154794846,0.6070973046936826,0.002093816749709252,0.6093568592460408,-0.046080689214198056,-0.04834024376655621,192,393,171.2,0.9106292870128527,,,,
email-Enron,33696,180811,paper,1.0,False,0,200,300,78617,0.4348020861562626,0.612428927514086,0.7465213769638388,0.13409244944975285,0.776475217503416,0.5767602901950565,0.6070973046936826,0.002093816749709252,0.6093568592460408,-0.030337014498626136,-0.03259656905098429,192,218,171.2,0.9694555889582261,,,,
email-Enron,33696,180811,paper,1.0,False,1,201,301,78475,0.4340167357074514,0.612428927514086,0.7463305533636828,0.13390162584959686,0.776214729632781,0.5742575038260277,0.6070973046936826,0.002093816749709252,0.6093568592460408,-0.03283980086765492,-0.03509935542001308,192,218,171.2,0.944880494964309,,,,
email-Enron,33696,180811,paper,1.0,False,2,202,302,78495,0.43412734844672063,0.612428927514086,0.7464119652289991,0.13398303771491316,0.7771830073806183,0.5739207022247004,0.6070973046936826,0.002093816749709252,0.6093568592460408,-0.03317660246898224,-0.0354361570213404,192,202,171.2,0.9073072100291029,,,,
email-Enron,33696,180811,paper,1.0,False,3,203,303,78440,0.43382316341373034,0.612428927514086,0.748531093868686,0.13610216635460004,0.7766250537800989,0.5677826136289045,0.6070973046936826,0.002093816749709252,0.6093568592460408,-0.03931469106477814,-0.041574245617136296,192,211,171.2,0.9271057549631223,,,,
email-Enron,33696,180811,paper,1.0,False,4,204,304,78496,0.4341328790836841,0.612428927514086,0.7451571592800564,0.13272823176597048,0.7767984495107345,0.5714556191228287,0.6070973046936826,0.002093816749709252,0.6093568592460408,-0.0356416855708539,-0.037901240123212054,192,211,171.2,0.957872997969389,,,,
email-Enron,33696,180811,calibrated,0.9,False,0,200,300,162660,0.8996134084762543,0.612428927514086,0.6435237846528437,0.031094857138757703,0.6463060874798654,0.6116915154871337,0.6070973046936826,0.002093816749709252,0.6093568592460408,0.004594210793451126,0.0023346562410929694,192,158,171.2,1.2699788039317355,,,,
email-Enron,33696,180811,calibrated,0.9,False,1,201,301,162568,0.8991045898756159,0.612428927514086,0.6438190176829391,0.03139009016885319,0.645692271568938,0.610302161860342,0.6070973046936826,0.002093816749709252,0.6093568592460408,0.003204857166659414,0.0009453026143012577,192,154,171.2,1.2548114970559254,,,,
email-Enron,33696,180811,calibrated,0.9,False,2,202,302,162751,0.900116696439929,0.612428927514086,0.6435787212576729,0.03114979374358695,0.641815087120507,0.6071998336416121,0.6070973046936826,0.002093816749709252,0.6093568592460408,0.00010252894792950329,-0.002157025604428653,192,152,171.2,1.2074251009617,,,,
email-Enron,33696,180811,calibrated,0.9,False,3,203,303,162739,0.9000503287963675,0.612428927514086,0.6432277746288105,0.03079884711472458,0.6503091902989744,0.6153597825107002,0.6070973046936826,0.002093816749709252,0.6093568592460408,0.00826247781701761,0.006002923264659454,192,142,171.2,1.249658202053979,,,,
email-Enron,33696,180811,calibrated,0.9,False,4,204,304,162679,0.8997184905785599,0.612428927514086,0.6434606758460246,0.03103174833193867,0.649779081518998,0.615028226007868,0.6070973046936826,0.002093816749709252,0.6093568592460408,0.00793092131418538,0.0056713667618272234,192,132,171.2,1.3416532040573657,,,,
email-Enron,33696,180811,calibrated_matched,0.4348,True,0,200,300,78680,0.43515051628496054,0.612428927514086,0.6148739696596414,0.0024450421455554094,0.7600795066034922,0.5142245002669609,0.6070973046936826,0.002093816749709252,0.6093568592460408,-0.09287280442672174,-0.0951323589790799,192,102,171.2,0.8623060289537534,,,,
email-Enron,33696,180811,calibrated_matched,0.4348,False,0,200,300,78680,0.43515051628496054,0.612428927514086,0.7648610014366438,0.15243207392255786,0.7981503385713019,0.5669184882706634,0.6070973046936826,0.002093816749709252,0.6093568592460408,-0.04017881642301924,-0.04243837097537739,192,129,171.2,0.8915514429099858,,,,
email-Enron,33696,180811,calibrated_matched,0.4348,True,1,201,301,78546,0.43440941093185703,0.612428927514086,0.6091841990753357,-0.003244728438750233,0.7565054719000942,0.5096374045874472,0.6070973046936826,0.002093816749709252,0.6093568592460408,-0.0974599001062354,-0.09971945465859355,192,124,171.2,0.8555684040766209,,,,
email-Enron,33696,180811,calibrated_matched,0.4348,False,1,201,301,78546,0.43440941093185703,0.612428927514086,0.763757110153016,0.15132818263893,0.7960851500718084,0.5634936646467021,0.6070973046936826,0.002093816749709252,0.6093568592460408,-0.043603640046980474,-0.04586319459933863,192,131,171.2,0.9040648200316355,,,,
email-Enron,33696,180811,calibrated_matched,0.4348,True,2,202,302,78504,0.43417712417939175,0.612428927514086,0.6083994164888973,-0.00402951102518867,0.7590516880839072,0.5040838469907609,0.6070973046936826,0.002093816749709252,0.6093568592460408,-0.1030134577029217,-0.10527301225527985,192,108,171.2,0.8574854580219835,,,,
email-Enron,33696,180811,calibrated_matched,0.4348,False,2,202,302,78504,0.43417712417939175,0.612428927514086,0.7637113752342036,0.15128244772011767,0.7957318910528965,0.5616858700245534,0.6070973046936826,0.002093816749709252,0.6093568592460408,-0.045411434669129225,-0.04767098922148738,192,129,171.2,0.9186216390226036,,,,
email-Enron,33696,180811,calibrated_matched,0.4348,True,3,203,303,78653,0.4350011890869471,0.612428927514086,0.6093244271820966,-0.0031045003319893905,0.7565560992685693,0.5091111740131071,0.6070973046936826,0.002093816749709252,0.6093568592460408,-0.09798613068057549,-0.10024568523293365,192,99,171.2,0.8755917829694226,,,,
email-Enron,33696,180811,calibrated_matched,0.4348,False,3,203,303,78653,0.4350011890869471,0.612428927514086,0.7640171568821309,0.15158822936804495,0.7957841751498186,0.5675844346223993,0.6070973046936826,0.002093816749709252,0.6093568592460408,-0.039512870071283346,-0.0417724246236415,192,122,171.2,0.8965653729392216,,,,
email-Enron,33696,180811,calibrated_matched,0.4348,True,4,204,304,78719,0.43536621112653545,0.612428927514086,0.613148642961733,0.0007197154476470402,0.7624960984335559,0.5204283533273334,0.6070973046936826,0.002093816749709252,0.6093568592460408,-0.08666895136634922,-0.08892850591870738,192,126,171.2,0.8780769510194659,,,,
email-Enron,33696,180811,calibrated_matched,0.4348,False,4,204,304,78719,0.43536621112653545,0.612428927514086,0.7634036006166415,0.15097467310255552,0.7958357926666868,0.5635295182302238,0.6070973046936826,0.002093816749709252,0.6093568592460408,-0.043567786463458824,-0.04582734101581698,192,124,171.2,0.9222002800088376,,,,
com-DBLP,317080,1049866,paper,0.8,False,0,200,300,492881,0.46947038955447645,0.8270797363743959,0.8702144434183943,0.043134707043998355,0.9077293135146683,0.7404205416056852,0.8257006657068924,0.000939476700848766,0.8266042187620449,-0.08528012410120722,-0.08618367715635977,239,10782,229.0,10.41150559997186,,,,
com-DBLP,317080,1049866,paper,0.8,False,1,201,301,492405,0.46901699835979066,0.8270797363743959,0.870593079004418,0.043513342630022045,0.907581658865934,0.739451373688719,0.8257006657068924,0.000939476700848766,0.8266042187620449,-0.08624929201817333,-0.08715284507332588,239,10645,229.0,10.625024177017622,,,,
com-DBLP,317080,1049866,paper,0.8,False,2,202,302,492547,0.4691522537161885,0.8270797363743959,0.8702936305739131,0.043213894199517155,0.9076047815867013,0.737261634930291,0.8257006657068924,0.000939476700848766,0.8266042187620449,-0.08843903077660142,-0.08934258383175397,239,10696,229.0,10.42321987694595,,,,
com-DBLP,317080,1049866,paper,1.0,False,0,200,300,557142,0.530679153339569,0.8270797363743959,0.8667754169286193,0.039695680554223345,0.8948387505913251,0.7679255264654973,0.8257006657068924,0.000939476700848766,0.8266042187620449,-0.0577751392413951,-0.05867869229654765,239,5232,229.0,10.266107223927975,,,,
com-DBLP,317080,1049866,paper,1.0,False,1,201,301,556914,0.5304619827673246,0.8270797363743959,0.8670705791893437,0.0399908428149478,0.8951700635460307,0.7688869358648942,0.8257006657068924,0.000939476700848766,0.8266042187620449,-0.05681372984199817,-0.05771728289715072,239,5202,229.0,10.082209904910997,,,,
com-DBLP,317080,1049866,paper,1.0,False,2,202,302,556620,0.5301819470294304,0.8270797363743959,0.8670369088655603,0.03995717249116437,0.8948311640835694,0.7672688636136684,0.8257006657068924,0.000939476700848766,0.8266042187620449,-0.05843180209322396,-0.05933535514837651,239,5294,229.0,10.291557154036127,,,,
com-DBLP,317080,1049866,calibrated,0.9,False,0,200,300,944813,0.8999367538333464,0.8270797363743959,0.8401243411988498,0.01304460482445391,0.8417320515819412,0.8224943694420431,0.8257006657068924,0.000939476700848766,0.8266042187620449,-0.003206296264849251,-0.004109849320001802,239,190,229.0,11.663261819048785,,,,
com-DBLP,317080,1049866,calibrated,0.9,False,1,201,301,944417,0.899559562839448,0.8270797363743959,0.8401502539374335,0.013070517563037565,0.8414923670641895,0.8219568347925208,0.8257006657068924,0.000939476700848766,0.8266042187620449,-0.003743830914371582,-0.004647383969524133,239,189,229.0,11.585054268012755,,,,
com-DBLP,317080,1049866,calibrated,0.9,False,2,202,302,945001,0.9001158243051971,0.8270797363743959,0.8400434532561041,0.012963716881708165,0.841570253199944,0.8216542447404496,0.8257006657068924,0.000939476700848766,0.8266042187620449,-0.00404642096644281,-0.00494997402159536,239,183,229.0,11.704050333006307,,,,
com-DBLP,317080,1049866,calibrated_matched,0.5307,True,0,200,300,556645,0.5302057595921765,0.8270797363743959,0.8264820131317704,-0.0005977232426255252,0.8874627272263507,0.7304353672863035,0.8257006657068924,0.000939476700848766,0.8266042187620449,-0.09526529842058884,-0.09616885147574139,239,1853,229.0,9.315226051025093,,,,
com-DBLP,317080,1049866,calibrated_matched,0.5307,False,0,200,300,556645,0.5302057595921765,0.8270797363743959,0.876978888416201,0.04989915204180506,0.9044377125612867,0.7543632161253196,0.8257006657068924,0.000939476700848766,0.8266042187620449,-0.07133744958157273,-0.07224100263672528,239,1938,229.0,9.900460520992056,,,,
com-DBLP,317080,1049866,calibrated_matched,0.5307,True,1,201,301,557322,0.530850603791341,0.8270797363743959,0.826839948685847,-0.0002397876885489314,0.8893267890378309,0.7351530787854428,0.8257006657068924,0.000939476700848766,0.8266042187620449,-0.0905475869214496,-0.09145113997660215,239,1885,229.0,9.210136268986389,,,,
com-DBLP,317080,1049866,calibrated_matched,0.5307,False,1,201,301,557322,0.530850603791341,0.8270797363743959,0.8770627269740146,0.04998299059961864,0.9049616569446324,0.7562335306594904,0.8257006657068924,0.000939476700848766,0.8266042187620449,-0.06946713504740198,-0.07037068810255453,239,1969,229.0,9.768329113954678,,,,
com-DBLP,317080,1049866,calibrated_matched,0.5307,True,2,202,302,556815,0.53036768501885,0.8270797363743959,0.8274147665545234,0.0003350301801274824,0.8895896594597142,0.7341478324255569,0.8257006657068924,0.000939476700848766,0.8266042187620449,-0.09155283328133546,-0.092456386336488,239,1829,229.0,9.211130445008166,,,,
com-DBLP,317080,1049866,calibrated_matched,0.5307,False,2,202,302,556815,0.53036768501885,0.8270797363743959,0.8772799399479705,0.050200203573574576,0.9049434187507023,0.7531251404348251,0.8257006657068924,0.000939476700848766,0.8266042187620449,-0.07257552527206723,-0.07347907832721978,239,1913,229.0,9.777279525995255,,,,
com-Amazon,334863,925872,paper,0.8,False,0,200,300,477548,0.5157818791366409,0.9295759329493654,0.9298438950423115,0.00026796209294610573,0.9505493497448081,0.8477251727698598,0.9294378798472908,0.000310109859936624,0.929799686947217,-0.08171270707743095,-0.08207451417735723,326,15380,306.0,10.380414261016995,,,,
com-Amazon,334863,925872,paper,0.8,False,1,201,301,477142,0.5153433735980784,0.9295759329493654,0.9294855939217196,-9.03390276457694e-05,0.9505244255952453,0.8477747294570456,0.9294378798472908,0.000310109859936624,0.929799686947217,-0.08166315039024519,-0.08202495749017147,326,15542,306.0,10.535612270003185,,,,
com-Amazon,334863,925872,paper,0.8,False,2,202,302,477895,0.5161566609639345,0.9295759329493654,0.9293433313365018,-0.00023260161286353664,0.9504484061807826,0.8463524600014494,0.9294378798472908,0.000310109859936624,0.929799686947217,-0.08308541984584139,-0.08344722694576767,326,15549,306.0,10.50429220800288,,,,
com-Amazon,334863,925872,paper,1.0,False,0,200,300,545260,0.5889150984153317,0.9295759329493654,0.9296372852062688,6.135225690340196e-05,0.9436601135607882,0.8852632053536156,0.9294378798472908,0.000310109859936624,0.929799686947217,-0.04417467449367518,-0.04453648159360146,326,7737,306.0,10.056443560984917,,,,
com-Amazon,334863,925872,paper,1.0,False,1,201,301,544863,0.5884863134428949,0.9295759329493654,0.929334408940693,-0.0002415240086723891,0.9434756301363464,0.8851684125510831,0.9294378798472908,0.000310109859936624,0.929799686947217,-0.04426946729620762,-0.0446312743961339,326,7873,306.0,10.19468782201875,,,,
com-Amazon,334863,925872,paper,1.0,False,2,202,302,545495,0.5891689131975046,0.9295759329493654,0.9291835105771503,-0.00039242237221503995,0.943334274985083,0.8841124983033223,0.9294378798472908,0.000310109859936624,0.929799686947217,-0.04532538154396848,-0.04568718864389476,326,7932,306.0,10.195060489000753,,,,
com-Amazon,334863,925872,calibrated,0.9,False,0,200,300,833334,0.9000531390948209,0.9295759329493654,0.9287798989930863,-0.0007960339562790297,0.9292729782111202,0.9272716854270462,0.9294378798472908,0.000310109859936624,0.929799686947217,-0.0021661944202445715,-0.0025280015201708528,326,328,306.0,10.464003909029998,,,,
com-Amazon,334863,925872,calibrated,0.9,False,1,201,301,832788,0.8994634247498574,0.9295759329493654,0.9288707829247825,-0.0007051500245828235,0.9293536242012336,0.9272899329930385,0.9294378798472908,0.000310109859936624,0.929799686947217,-0.002147946854252236,-0.0025097539541785174,326,336,306.0,10.657595437951386,,,,
com-Amazon,334863,925872,calibrated,0.9,False,2,202,302,833212,0.8999213714206715,0.9295759329493654,0.9289378358637973,-0.0006380970855680568,0.9292252932826623,0.9271757346912529,0.9294378798472908,0.000310109859936624,0.929799686947217,-0.0022621451560378425,-0.0026239522559641237,326,325,306.0,10.599759452044964,,,,
com-Amazon,334863,925872,calibrated_matched,0.5889,True,0,200,300,545325,0.5889853025040178,0.9295759329493654,0.9297051850094429,0.00012925206007752266,0.9384957410793986,0.8861612935192968,0.9294378798472908,0.000310109859936624,0.929799686947217,-0.043276586327993916,-0.0436383934279202,326,4397,306.0,9.086080431938171,,,,
com-Amazon,334863,925872,calibrated_matched,0.5889,False,0,200,300,545325,0.5889853025040178,0.9295759329493654,0.9290896385975382,-0.0004862943518271212,0.9417558414366092,0.886591055383871,0.9294378798472908,0.000310109859936624,0.929799686947217,-0.04284682446341981,-0.04320863156334609,326,4379,306.0,9.88733705400955,,,,
com-Amazon,334863,925872,calibrated_matched,0.5889,True,1,201,301,544802,0.5884204296058202,0.9295759329493654,0.9291148665191472,-0.00046106643021814886,0.9387494703912618,0.8861420942472625,0.9294378798472908,0.000310109859936624,0.929799686947217,-0.043295785600028225,-0.043657592699954506,326,4639,306.0,9.197835281025618,,,,
com-Amazon,334863,925872,calibrated_matched,0.5889,False,1,201,301,544802,0.5884204296058202,0.9295759329493654,0.9284510805730587,-0.001124852376306662,0.9414645136340608,0.8860390287111827,0.9294378798472908,0.000310109859936624,0.929799686947217,-0.043398851136108085,-0.04376065823603437,326,4610,306.0,9.91892058600206,,,,
com-Amazon,334863,925872,calibrated_matched,0.5889,True,2,202,302,545507,0.589181873952339,0.9295759329493654,0.9303359737707005,0.0007600408213351839,0.9384388709955456,0.8854551827299215,0.9294378798472908,0.000310109859936624,0.929799686947217,-0.04398269711736924,-0.04434450421729552,326,4519,306.0,9.183039881056175,,,,
com-Amazon,334863,925872,calibrated_matched,0.5889,False,2,202,302,545507,0.589181873952339,0.9295759329493654,0.9293837496885661,-0.0001921832607992835,0.9412653138836274,0.8861469475789374,0.9294378798472908,0.000310109859936624,0.929799686947217,-0.043290932268353344,-0.043652739368279625,326,4471,306.0,9.905535005033016,,,,
