network,graph,arm,n,m,m_arm,n_runs,target_ret,e_used,realized_ret,status,ret_core,frac_core,n_fill,Q_base_mean,Q_base_std,Q_base_best,nc_base,T_leiden_orig,Q_native_mean,Q_native_std,Q_orig_mean,Q_orig_std,Q_orig_best,Q_pre_refine_mean,nc_arm_mean,nc_arm_std,dQ_honest_vs_mean,dQ_honest_vs_best,T_jaccard,T_prep,T_leiden_arm,T_arm_total,budget,n_restarts,Q_matched_best,dQ_vs_matched,pooled_sd,sig_2sd,meanJ,deltaJ,notes
email-Eu-core,real,A_baseline,986,16064,16064,5,1.0,,1.0,ok,,,,0.4160484354291004,0.00042948555040947707,0.41643037652366144,8.0,0.05982747019988892,0.4160484354291004,0.00042948555040947707,0.4160484354291004,0.00042948555040947707,0.41643037652366144,,8.0,0.0,0.0,-0.00038194109456102243,,,0.05982747019988892,0.05982747019988892,,,,,,,,,
email-Eu-core,real,B_weight,986,16064,16064,3,1.0,,1.0,ok,,,,0.4160484354291004,0.00042948555040947707,0.41643037652366144,8.0,0.05982747019988892,0.4160905110416155,0.00027386499165281826,0.4160905110416155,0.00027386499165281826,0.4163164499156016,,7.333333333333333,0.4714045207910317,4.207561251506897e-05,-0.00033986548204595346,0.021271163999699638,8.046999937505461e-06,0.058683129999735684,0.07996234099937283,0.07996234099937283,2,0.4173622891247511,-0.0012717780831356107,0.0003601804212221492,0,0.16453655635255474,0.09160591896757657,"w=1+J, weighted Leiden, scored unweighted"
email-Eu-core,real,Bshuf_weight,986,16064,16064,6,1.0,,1.0,ok,,,,0.4160484354291004,0.00042948555040947707,0.41643037652366144,8.0,0.05982747019988892,0.4151241716065477,0.0016114388337112062,0.4151241716065477,0.0016114388337112062,0.4172684979857711,,7.166666666666667,0.37267799624996495,-0.0009242638225527289,-0.0013062049171137513,0.021271163999699638,0.0003013195005223679,0.06095794699998199,0.082530430500204,0.082530430500204,2,0.4173622891247511,-0.0022381175182034085,0.0011792355474634962,0,0.16453655635255474,0.09160591896757657,"J permuted across edges (seeds 500,501) x 3 Leiden seeds"
email-Eu-core,real,C_seed,986,16064,8065,3,0.5,0.726562,0.502054,ok,,,,0.4160484354291004,0.00042948555040947707,0.41643037652366144,8.0,0.05982747019988892,0.4168221611086365,0.0006958771919556387,0.4168221611086365,0.0006958771919556387,0.4173363118120149,0.38792988270606155,8.0,0.0,0.0007737256795360969,0.0003917845849750745,0.021271163999699638,0.00925370799996017,0.0780639043332485,0.10858877633290831,0.10858877633290831,2,0.4173622891247511,-0.0005401280161145827,0.0005782313137035197,0,0.16453655635255474,0.09160591896757657,Leiden on L-Spar@0.5 then optimise on G from that membership
email-Eu-core,real,L_lspar05,986,16064,8065,3,0.5,0.726562,0.502054,ok,,,,0.4160484354291004,0.00042948555040947707,0.41643037652366144,8.0,0.05982747019988892,0.6754206464909068,9.33167863360675e-05,0.38792988270606155,0.0014743532590156113,0.3899810602584682,,11.666666666666666,0.4714045207910317,-0.02811855272303887,-0.028500493817599892,0.021271163999699638,0.010541577999902074,0.03256724066704919,0.0643799826666509,0.0643799826666509,2,0.4173622891247511,-0.02943240641868955,0.0010858580409935006,0,0.16453655635255474,0.09160591896757657,pure L-Spar deletion (Exp L reproduction)
email-Eu-core,real,D_protected,986,16064,8032,6,0.5,0.724588,0.5,ok,0.499875,0.999751,2,0.4160484354291004,0.00042948555040947707,0.41643037652366144,8.0,0.05982747019988892,0.6760470167491556,0.00027207082468655425,0.38823503232980267,0.0011774290838085558,0.3899442847385358,,12.0,0.0,-0.02781340309929775,-0.028195344193858773,0.021271163999699638,0.014291704999322974,0.032169447833439335,0.06773231683246195,0.06773231683246195,2,0.4173622891247511,-0.02912725679494843,0.0008862271394537595,0,0.16453655635255474,0.09160591896757657,L-Spar core (largest e with ret<=0.5) + uniform random fill
email-Eu-core,real,U_uniform05,986,16064,8032,6,0.5,,0.5,ok,,,,0.4160484354291004,0.00042948555040947707,0.41643037652366144,8.0,0.05982747019988892,0.4280931759350381,0.001371369662075733,0.39852647977200323,0.0032332918731332507,0.4049592664420765,,69.5,9.844626283748239,-0.017521955657097188,-0.01790389675165821,0.0,0.0047085429996513994,0.042097782166517085,0.046806325166168485,0.046806325166168485,1,0.41458975012549415,-0.01606327035349092,0.0023063644741107225,0,,,"uniform random 50% of edges (no J computed, no T_jaccard)"
wiki-Vote,real,A_baseline,7066,100736,100736,5,1.0,,1.0,ok,,,,0.4244251061295442,0.0024969817925130345,0.42680377656904833,6.4,0.4010124227999768,0.4244251061295442,0.0024969817925130345,0.4244251061295442,0.0024969817925130345,0.42680377656904833,,6.4,0.48989794855663565,0.0,-0.002378670439504127,,,0.4010124227999768,0.4010124227999768,,,,,,,,,
wiki-Vote,real,B_weight,7066,100736,100736,3,1.0,,1.0,ok,,,,0.4244251061295442,0.0024969817925130345,0.42680377656904833,6.4,0.4010124227999768,0.42187899589726935,0.006030694549174811,0.42187899589726935,0.006030694549174811,0.4289750041347523,,8.666666666666666,3.0912061651652345,-0.0025461102322748563,-0.004924780671778983,0.17766630000005534,3.790800019487506e-05,0.44578056333345256,0.6234847713337028,0.6234847713337028,2,0.42936553688762724,-0.007486540990357893,0.004615419526846308,0,0.05920337393994462,0.012616533699281271,"w=1+J, weighted Leiden, scored unweighted"
wiki-Vote,real,Bshuf_weight,7066,100736,100736,6,1.0,,1.0,ok,,,,0.4244251061295442,0.0024969817925130345,0.42680377656904833,6.4,0.4010124227999768,0.4248239694337735,0.002998717523997997,0.4248239694337735,0.002998717523997997,0.42996962917570897,,6.333333333333333,0.4714045207910317,0.00039886330422927996,-0.001979807135274847,0.17766630000005534,0.0011298515000817133,0.4231039861667038,0.6019001376668409,0.6019001376668409,2,0.42936553688762724,-0.0045415674538537565,0.0027592775196484207,0,0.05920337393994462,0.012616533699281271,"J permuted across edges (seeds 500,501) x 3 Leiden seeds"
wiki-Vote,real,C_seed,7066,100736,50546,3,0.5,0.71875,0.501767,ok,,,,0.4244251061295442,0.0024969817925130345,0.42680377656904833,6.4,0.4010124227999768,0.42719936440395045,0.0019870726909666076,0.42719936440395045,0.0019870726909666076,0.43000249165979554,0.41511560445615814,6.0,0.0,0.0027742582744062494,0.00039558783490212246,0.17766630000005534,0.057807821999631415,0.571954317999977,0.8074284399996637,0.8074284399996637,2,0.42936553688762724,-0.002166172483676787,0.0022564768945556347,0,0.05920337393994462,0.012616533699281271,Leiden on L-Spar@0.5 then optimise on G from that membership
wiki-Vote,real,L_lspar05,7066,100736,50546,3,0.5,0.71875,0.501767,ok,,,,0.4244251061295442,0.0024969817925130345,0.42680377656904833,6.4,0.4010124227999768,0.5786808026672795,0.0009198144739382917,0.41511560445615814,0.0012549414546620882,0.41626579908562944,,8.333333333333334,1.247219128924647,-0.009309501673386067,-0.011688172112890194,0.17766630000005534,0.05752702900008444,0.24339461066635218,0.47858793966649193,0.47858793966649193,2,0.42936553688762724,-0.014249932431469103,0.00197608149209123,0,0.05920337393994462,0.012616533699281271,pure L-Spar deletion (Exp L reproduction)
wiki-Vote,real,D_protected,7066,100736,50368,6,0.5,0.717469,0.5,ok,0.49999,0.99998,1,0.4244251061295442,0.0024969817925130345,0.42680377656904833,6.4,0.4010124227999768,0.5781449092901046,0.0027078169107803683,0.4142005957828169,0.0023599729827718427,0.41742584511879166,,7.833333333333333,0.372677996249965,-0.010224510346727278,-0.012603180786231405,0.17766630000005534,0.07430756699977792,0.24148687833348959,0.49346074533332285,0.49346074533332285,2,0.42936553688762724,-0.015164941104810314,0.0024294434086385543,0,0.05920337393994462,0.012616533699281271,L-Spar core (largest e with ret<=0.5) + uniform random fill
wiki-Vote,real,U_uniform05,7066,100736,50368,6,0.5,,0.5,ok,,,,0.4244251061295442,0.0024969817925130345,0.42680377656904833,6.4,0.4010124227999768,0.4347911301689746,0.0033818438795411316,0.4052405206031564,0.003854800034887502,0.4094749839895871,,1387.8333333333333,15.614274096337478,-0.0191845855263878,-0.021563255965891925,0.0,0.029621691999636823,0.3034286438332856,0.33305033583292243,0.33305033583292243,1,0.42936553688762724,-0.024125016284470835,0.0032476454071457906,0,,,"uniform random 50% of edges (no J computed, no T_jaccard)"
ca-HepTh,real,A_baseline,8638,24806,24806,5,1.0,,1.0,ok,,,,0.7613665933802884,0.0009432025745519009,0.7623597616252422,48.8,0.2460641152001699,0.7613665933802884,0.0009432025745519009,0.7613665933802884,0.0009432025745519009,0.7623597616252422,,48.8,0.7483314773547882,0.0,-0.0009931682449537682,,,0.2460641152001699,0.2460641152001699,,,,,,,,,
ca-HepTh,real,B_weight,8638,24806,24806,3,1.0,,1.0,ok,,,,0.7613665933802884,0.0009432025745519009,0.7623597616252422,48.8,0.2460641152001699,0.7619576764086203,0.0006118983255960682,0.7619576764086203,0.0006118983255960682,0.7625030244371399,,56.333333333333336,1.247219128924647,0.0005910830283318846,-0.00040208521662188357,0.01094043499961117,8.207999599108007e-06,0.23889753166683173,0.249846174666042,0.249846174666042,2,0.7621034738723506,-0.00014579746373022395,0.0007950002067636856,0,0.17753779599819214,0.1495730603972822,"w=1+J, weighted Leiden, scored unweighted"
ca-HepTh,real,Bshuf_weight,8638,24806,24806,6,1.0,,1.0,ok,,,,0.7613665933802884,0.0009432025745519009,0.7623597616252422,48.8,0.2460641152001699,0.7590283117348603,0.001281694684708509,0.7590283117348603,0.001281694684708509,0.7607574664911282,,49.166666666666664,1.7716909687891083,-0.002338281645428153,-0.003331449890381921,0.01094043499961117,0.0003912894999302807,0.23877647900008014,0.2501082034996216,0.2501082034996216,2,0.7621034738723506,-0.0030751621374902616,0.0011252493860143579,0,0.17753779599819214,0.1495730603972822,"J permuted across edges (seeds 500,501) x 3 Leiden seeds"
ca-HepTh,real,C_seed,8638,24806,12418,3,0.5,0.265625,0.500605,ok,,,,0.7613665933802884,0.0009432025745519009,0.7623597616252422,48.8,0.2460641152001699,0.7565382487022134,0.001060231778876172,0.7565382487022134,0.001060231778876172,0.7579577669453651,0.6890628792396277,48.0,0.816496580927726,-0.004828344678075025,-0.005821512923028793,0.01094043499961117,0.011759132999941357,0.385716441667076,0.40841600966662855,0.40841600966662855,2,0.7621034738723506,-0.005565225170137134,0.0010034247658843851,0,0.17753779599819214,0.1495730603972822,Leiden on L-Spar@0.5 then optimise on G from that membership
ca-HepTh,real,L_lspar05,8638,24806,12418,3,0.5,0.265625,0.500605,ok,,,,0.7613665933802884,0.0009432025745519009,0.7623597616252422,48.8,0.2460641152001699,0.9464211128260084,0.0004145673529603829,0.6890628792396277,0.001322196043203601,0.69064076473944,,314.6666666666667,1.247219128924647,-0.07230371414066072,-0.07329688238561449,0.01094043499961117,0.012258892999852833,0.18550287499995952,0.20870220299942352,0.20870220299942352,1,0.7621034738723506,-0.07304059463272283,0.0011484410026868148,0,0.17753779599819214,0.1495730603972822,pure L-Spar deletion (Exp L reproduction)
ca-HepTh,real,D_protected,8638,24806,12403,6,0.5,0.26265,0.5,ok,0.498146,0.996291,46,0.7613665933802884,0.0009432025745519009,0.7623597616252422,48.8,0.2460641152001699,0.9449570706902147,0.00014775768492643674,0.6875355462032329,0.0014260797266180112,0.689943253365376,,313.3333333333333,1.699673171197595,-0.07383104717705558,-0.07482421542200934,0.01094043499961117,0.017116252000505483,0.18734342299997783,0.21540011000009449,0.21540011000009449,1,0.7621034738723506,-0.07456792766911768,0.0012089943100180903,0,0.17753779599819214,0.1495730603972822,L-Spar core (largest e with ret<=0.5) + uniform random fill
ca-HepTh,real,U_uniform05,8638,24806,12403,6,0.5,,0.5,ok,,,,0.7613665933802884,0.0009432025745519009,0.7623597616252422,48.8,0.2460641152001699,0.8138111697320829,0.0004890172822321671,0.6207682094387711,0.003119363147910359,0.6238507585776961,,1624.8333333333333,9.28110386155057,-0.14059838394151736,-0.14159155218647113,0.0,0.006643794000410708,0.2622173948332905,0.2688611888337012,0.2688611888337012,2,0.7621034738723506,-0.14133526443357947,0.0023043499674726665,0,,,"uniform random 50% of edges (no J computed, no T_jaccard)"
ca-CondMat,real,A_baseline,21363,91286,91286,5,1.0,,1.0,ok,,,,0.7307902175437482,0.0010974583478194013,0.7324642748961809,55.2,0.7509357559998534,0.7307902175437482,0.0010974583478194013,0.7307902175437482,0.0010974583478194013,0.7324642748961809,,55.2,3.1240998703626612,0.0,-0.0016740573524327562,,,0.7509357559998534,0.7509357559998534,,,,,,,,,
ca-CondMat,real,B_weight,21363,91286,91286,3,1.0,,1.0,ok,,,,0.7307902175437482,0.0010974583478194013,0.7324642748961809,55.2,0.7509357559998534,0.7291436303450736,0.0008731883560045819,0.7291436303450736,0.0008731883560045819,0.7299997491243924,,64.33333333333333,1.247219128924647,-0.0016465871986746095,-0.0033206445511073657,0.04921093899974949,2.844199934770586e-05,0.7206135963336541,0.7698529773327513,0.7698529773327513,2,0.7293820280333824,-0.00023839768830880015,0.0009916836013216298,0,0.22651137325897247,0.17775830796554387,"w=1+J, weighted Leiden, scored unweighted"
ca-CondMat,real,Bshuf_weight,21363,91286,91286,6,1.0,,1.0,ok,,,,0.7307902175437482,0.0010974583478194013,0.7324642748961809,55.2,0.7509357559998534,0.728573985695229,0.0007415581559853669,0.728573985695229,0.0007415581559853669,0.7294995780480567,,53.333333333333336,4.268749491621899,-0.0022162318485191568,-0.003890289200951913,0.04921093899974949,0.0010248444996250328,0.710874946166617,0.7611107296659915,0.7611107296659915,2,0.7293820280333824,-0.0008080423381533475,0.0009365690908595338,0,0.22651137325897247,0.17775830796554387,"J permuted across edges (seeds 500,501) x 3 Leiden seeds"
ca-CondMat,real,C_seed,21363,91286,45385,3,0.5,0.5,0.497174,ok,,,,0.7307902175437482,0.0010974583478194013,0.7324642748961809,55.2,0.7509357559998534,0.72200205684381,0.000714159910162213,0.72200205684381,0.000714159910162213,0.7227887253401781,0.6634735868100281,50.0,2.160246899469287,-0.008788160699938152,-0.010462218052370909,0.04921093899974949,0.053053851000186114,1.1154376256666485,1.217702415666584,1.217702415666584,2,0.7293820280333824,-0.007379971189572343,0.0009258615453947177,0,0.22651137325897247,0.17775830796554387,Leiden on L-Spar@0.5 then optimise on G from that membership
ca-CondMat,real,L_lspar05,21363,91286,45385,3,0.5,0.5,0.497174,ok,,,,0.7307902175437482,0.0010974583478194013,0.7324642748961809,55.2,0.7509357559998534,0.9293203227871233,0.00010250843758751478,0.6634735868100281,0.0006033449825035122,0.6643021411293307,,503.0,1.4142135623730951,-0.06731663073372007,-0.06899068808615283,0.04921093899974949,0.05136122100066132,0.5146930456667178,0.6152652056671286,0.6152652056671286,1,0.7293820280333824,-0.06590844122335426,0.0008855619665248314,0,0.22651137325897247,0.17775830796554387,pure L-Spar deletion (Exp L reproduction)
ca-CondMat,real,D_protected,21363,91286,45643,6,0.5,0.5,0.5,ok,0.497174,0.994347,258,0.7307902175437482,0.0010974583478194013,0.7324642748961809,55.2,0.7509357559998534,0.9266348447494998,0.00014510391527623162,0.6648685024205575,0.0013586031412775358,0.6662692581109244,,497.1666666666667,2.3392781412697,-0.06592171512319067,-0.06759577247562343,0.04921093899974949,0.06729133750013716,0.5248120450000897,0.6413143214999764,0.6413143214999764,1,0.7293820280333824,-0.06451352561282486,0.0012349528980264142,0,0.22651137325897247,0.17775830796554387,L-Spar core (largest e with ret<=0.5) + uniform random fill
ca-CondMat,real,U_uniform05,21363,91286,45643,6,0.5,,0.5,ok,,,,0.7307902175437482,0.0010974583478194013,0.7324642748961809,55.2,0.7509357559998534,0.7651976912208133,0.001678315729064592,0.6442268332165563,0.0015856678205246955,0.6474432830527742,,2450.6666666666665,4.714045207910316,-0.0865633843271919,-0.08823744167962466,0.0,0.026954960999773903,0.7092726348331174,0.7362275958328913,0.7362275958328913,1,0.7293820280333824,-0.0851551948168261,0.001363590345786818,0,,,"uniform random 50% of edges (no J computed, no T_jaccard)"
email-Enron,real,A_baseline,33696,180811,180811,5,1.0,,1.0,ok,,,,0.6070973046936826,0.0018727666339110201,0.6093568592460408,171.2,1.201428551400022,0.6070973046936826,0.0018727666339110201,0.6070973046936826,0.0018727666339110201,0.6093568592460408,,171.2,21.103554203024665,0.0,-0.002259554552358156,,,1.201428551400022,1.201428551400022,,,,,,,,,
email-Enron,real,B_weight,33696,180811,180811,3,1.0,,1.0,ok,,,,0.6070973046936826,0.0018727666339110201,0.6093568592460408,171.2,1.201428551400022,0.6153404750020331,0.003380240928464329,0.6153404750020331,0.003380240928464329,0.6194738289186026,,196.33333333333334,8.498365855987974,0.008243170308350534,0.0059836157559923775,0.2609222820001378,5.927599977439968e-05,1.2168967266667703,1.4778782846666825,1.4778782846666825,2,0.605125368663654,0.010215106338379187,0.0027325156540773743,1,0.1102391233989402,0.07722595456349811,"w=1+J, weighted Leiden, scored unweighted"
email-Enron,real,Bshuf_weight,33696,180811,180811,6,1.0,,1.0,ok,,,,0.6070973046936826,0.0018727666339110201,0.6093568592460408,171.2,1.201428551400022,0.6168187301057518,0.0020055945345124164,0.6168187301057518,0.0020055945345124164,0.6188965089205197,,149.5,13.5,0.009721425412069218,0.007461870859711062,0.2609222820001378,0.0019893944995601487,1.2205880878333726,1.4834997643330705,1.4834997643330705,2,0.605125368663654,0.011693361442097872,0.0019403175386977888,1,0.1102391233989402,0.07722595456349811,"J permuted across edges (seeds 500,501) x 3 Leiden seeds"
email-Enron,real,C_seed,33696,180811,91382,3,0.5,0.630932,0.505401,ok,,,,0.6070973046936826,0.0018727666339110201,0.6093568592460408,171.2,1.201428551400022,0.615401104994516,0.001770745081223284,0.615401104994516,0.001770745081223284,0.6169883763863692,0.5851803795767809,143.66666666666666,11.67142760000773,0.00830380030083333,0.006044245748475174,0.2609222820001378,0.10790997900039656,1.7883845506664027,2.1572168116669372,2.1572168116669372,2,0.605125368663654,0.010275736330861984,0.0018224698910773351,1,0.1102391233989402,0.07722595456349811,Leiden on L-Spar@0.5 then optimise on G from that membership
email-Enron,real,L_lspar05,33696,180811,91382,3,0.5,0.630932,0.505401,ok,,,,0.6070973046936826,0.0018727666339110201,0.6093568592460408,171.2,1.201428551400022,0.8061014567210761,0.0019292398812708062,0.5851803795767809,1.715662397262196e-05,0.5852023816132285,,367.0,7.483314773547883,-0.021916925116901687,-0.024176479669259843,0.2609222820001378,0.10832611699970585,0.8520506496667318,1.2212990486665753,1.2212990486665753,2,0.605125368663654,-0.019944989086873033,0.0013243015545631122,0,0.1102391233989402,0.07722595456349811,pure L-Spar deletion (Exp L reproduction)
email-Enron,real,D_protected,33696,180811,90406,6,0.5,0.63093,0.500003,ok,0.482205,0.964405,3218,0.6070973046936826,0.0018727666339110201,0.6093568592460408,171.2,1.201428551400022,0.7975223682426106,0.0028904070726982777,0.5794554538913012,0.0038317798149030188,0.5844396514546143,,587.8333333333334,9.388231403671774,-0.027641850802381462,-0.02990140535473962,0.2609222820001378,0.14255882100042072,0.8671010783336897,1.2705821813342482,1.2705821813342482,2,0.605125368663654,-0.02566991477235281,0.0030157744788850364,0,0.1102391233989402,0.07722595456349811,L-Spar core (largest e with ret<=0.5) + uniform random fill
email-Enron,real,U_uniform05,33696,180811,90406,6,0.5,,0.500003,ok,,,,0.6070973046936826,0.0018727666339110201,0.6093568592460408,171.2,1.201428551400022,0.6272096988440943,0.004260962446403989,0.5387816439907714,0.005497521936566917,0.5461823237246939,,6946.333333333333,36.84954394410993,-0.06831566070291117,-0.07057521525526933,0.0,0.05454756000062844,1.2914025720001518,1.3459501320007803,1.3459501320007803,2,0.605125368663654,-0.06634372467288252,0.004106701980185857,0,,,"uniform random 50% of edges (no J computed, no T_jaccard)"
