network,arm,rewire_seed,n,m,n_comms,Q,p_intra,sd_s,mu_s,delta,mu_intra,mu_inter,r_pb,auc_s,auc_prod,term_sorting,term_scale,term_granularity,term_sum,log_ratio,hb,deg_R2,hub_inter_frac,nonhub_inter_frac,hub_inter_lift,assort_deg,transitivity,avg_local_cc,tri_intra,tri_inter,tri_frac_intra_ge1,tri_frac_inter_ge1,comm_size_mean,comm_size_max_frac,comm_size_gini,seconds
ca-GrQc,real,,4158,13422,42,0.8513623535140842,0.8959171509462077,0.28700993739820324,0.3097898971837282,0.08723506953795679,0.3188695717586444,0.2316345022206876,0.09281489735988588,0.5235911226462407,0.4671170327863241,0.0,0.0,0.0,0.0,0.0,0.47820995409767336,0.20120241734161926,0.1005940594059406,0.10618729096989966,0.9664806480648065,0.639186140675376,0.6288944756689877,0.5568782161697932,11.728316008316009,1.6492483894058698,0.9212474012474012,0.7816750178954903,99.0,0.06132756132756133,0.3693052978767266,0.0
ca-GrQc,null,7,4158,13422,32,0.3755152786939579,0.47429593205185516,0.26375884703748337,0.3097898971837282,0.1881161130195167,0.4086833030446811,0.2205671900251644,0.3561347313683673,0.6836155867729855,0.31843758749179846,1.344701959350822,-0.08448161274324188,-0.4917673756488708,0.7684529709587093,0.7684529709587112,1.8210792461556047,0.0418153626971115,0.6155074778568317,0.4310635042081102,1.1708250237803848,-0.013963112859942504,0.010701170152554198,0.010021919830696408,0.16619541313226516,0.19571995464852607,0.13305058121269242,0.15617913832199545,129.9375,0.12914862914862915,0.5713233525733525,0.0
ca-GrQc,null,8,4158,13422,28,0.3781424548211699,0.4776486365668306,0.26355749698258574,0.3097898971837282,0.18987571124986563,0.40897173383793833,0.2190960225880727,0.35985676943780276,0.6868789159695815,0.3130638839903985,1.355098930805422,-0.08524529119533879,-0.49209035648165056,0.7777632831284327,0.7777632831284345,1.6953421093080474,0.03237024607968442,0.6129548762736535,0.42735042735042733,1.1734531948858906,-0.01173681687407307,0.01010885446145341,0.008372427638591362,0.15411012322570583,0.18770503494508628,0.11823428482296054,0.1480530594779632,148.5,0.14333814333814335,0.5435649007077576,0.0
com-Amazon,real,,334863,925872,326,0.9295759329493654,0.9451295643458275,0.20114929505015844,0.36167310384156776,0.00961229304191441,0.3622005345484131,0.3525882415064987,0.01088236694343647,0.47479526403351635,0.48985983726264626,0.0,0.0,0.0,0.0,0.0,1.0418094342918638,0.017262590189954685,0.06266357055047125,0.04977474983119635,1.142027939151348,-0.058819619706587924,0.20522444916452576,0.3967463932787564,2.2668932392759884,0.34838493789736824,0.8021413168561565,0.25059543727732614,1027.1871165644172,0.04138707471413683,0.7581095109145359,0.7
com-Amazon,null,7,334863,925872,240,0.42320764235213043,0.47336780894119274,0.20762858541447118,0.36167310384156776,0.14028482386482682,0.43555160800580034,0.2952667841409735,0.3373468099164723,0.691057112652669,0.30920286553882964,3.433967743011138,0.031703442695523276,-0.7850391781234366,2.6806320075832244,2.6806320075832186,2.162345530947853,0.01786154618831859,0.6626559106775364,0.44327327076234874,1.258289793005722,0.0011627131072449695,6.583139410999749e-05,5.974343467374366e-05,0.0007826082988422874,0.000613215092884654,0.0007734816714505405,0.000613215092884654,1395.2625,0.07830963707546071,0.903994954653097,0.7
com-Amazon,null,8,334863,925872,236,0.42370217419399814,0.4789409335199682,0.20780799974092035,0.36167310384156776,0.13753141509678596,0.4333350946035768,0.2958036795067908,0.33061618195566916,0.6867563857877673,0.3129660212898066,3.413814363707933,0.03256718144176924,-0.7855719852080358,2.660809559941667,2.660809559941662,2.114710269716607,0.018305188291070196,0.6549738205004962,0.43906516374958426,1.2570049398144314,0.0010968242427950164,5.5987447327194124e-05,5.0500084838755224e-05,0.0006269196595690942,0.000555516402243623,0.0006224094461908993,0.0005492979350543287,1418.9110169491526,0.07621922995374228,0.9050004993187954,0.7
com-DBLP,real,,317080,1049866,239,0.8270797363743959,0.8499037019962548,0.25698134117891985,0.3020194958213715,0.1468700896069604,0.3240641525588546,0.17719406295189422,0.20412754827009175,0.6835260159268223,0.3027549532355141,0.0,0.0,0.0,0.0,0.0,1.5830536132375563,0.018963081558088124,0.22408037491172883,0.08321514974555769,1.4929107372530768,0.26652083086595424,0.3063766130023435,0.6324308280637171,6.9816146186476296,2.8148380832714603,0.9374090116946939,0.8902596125167375,1326.694560669456,0.07773432572221521,0.751661658449249,0.8
com-DBLP,null,7,317080,1049866,546,0.364141229016162,0.4442557431138831,0.2503461146209098,0.3020194958213715,0.1943592193725269,0.4100335157605222,0.21567429638799532,0.38576099006902104,0.7126538819467504,0.2900827827258348,0.6364729458876613,-0.02615906097601871,-0.33015424365813084,0.2801596412535118,0.28015964125349757,2.229618030415055,0.018813758855279583,0.6665246284929811,0.4385234412522912,1.1993369616225569,-0.0012333851890343264,0.0002016446619786731,0.00018712915894594038,0.003601988812394272,0.004648157447763931,0.003559107993199102,0.004576172708528649,580.7326007326008,0.0970606786930743,0.9682508568341797,0.9
com-DBLP,null,8,317080,1049866,500,0.36520104546134846,0.43781587364482705,0.25021326141207056,0.3020194958213715,0.19869324172699232,0.41372168233433787,0.21502844060734555,0.39396515620270767,0.7188110082017775,0.2839065229657976,0.657517434270167,-0.026689879969008373,-0.3286138696440535,0.3022136846571051,0.3022136846570999,2.3863840694196936,0.017591928103198207,0.6756461742886848,0.44219986791228905,1.2018236421386068,-9.786229318841187e-05,0.00020632766642353302,0.00017509373560136573,0.0031458855472013365,0.005164193569155803,0.0031045495683653577,0.005067619083118441,634.16,0.08298852024725621,0.9644485177242337,0.9
com-Youtube,real,,1134890,2987624,5921,0.7188132473549275,0.8322054582504358,0.41306581476087467,0.3798637311790239,0.2458885725709366,0.42112249153501863,0.17523391896408202,0.22244532665644134,0.6266009893802026,0.4006959158060216,0.0,0.0,0.0,0.0,0.0,3.9964982827449793,0.03156204976901833,0.18633613026307957,0.09169945348656439,1.110501738138711,-0.036909908395276324,0.006218559818028638,0.08080227776188081,3.229554397126352,2.272982423943811,0.4788037888973932,0.41256156407151706,191.67201486235433,0.14947616068517652,0.9705012299470304,12.1
com-Youtube,null,7,1134890,2987624,31820,0.4023795123982135,0.43702152613581896,0.42610195882662194,0.3798637311790239,0.5522074013661895,0.6907446112566665,0.138537209890477,0.6428149993343201,0.8756815900599494,0.18318168437542565,1.061175619444033,0.03107171956127925,-0.28320211247093807,0.8090452265343742,0.8090452265343748,14.159949946973228,0.03495544203641976,0.6466685078888448,0.1897477412941142,1.1486558330556242,-0.0294261312531707,0.003716774378124893,0.0074982686374264924,0.20463429877394965,3.099426980774902,0.05899256772074727,0.37136259429430285,35.6659333752357,0.06494726361145133,0.9425083728629571,13.0
com-Youtube,null,8,1134890,2987624,31687,0.402366845908905,0.43691709532390954,0.425867773540362,0.3798637311790239,0.55172323851002,0.6905296548965454,0.13880641638652533,0.6425873763767972,0.8752062162390413,0.18390878704432576,1.0608214533646738,0.030521969298420805,-0.2831753579171981,0.8081680647458966,0.8081680647459001,13.971684723684866,0.034576803077189466,0.6465510672449096,0.19038315900385244,1.1482342331398494,-0.029439097245362086,0.0036875553143198925,0.007632561671679768,0.20743727323985095,3.071105285683715,0.05920355094136105,0.3697785148726728,35.81563417174235,0.06405378494832098,0.9427267242959294,13.1
wiki-Talk,real,,2388953,4656682,203,0.5994607566204193,0.6611943869046674,0.4141225389895084,0.5130161346641239,0.5134569796725614,0.6869782414601634,0.173521261787602,0.5868337340293939,0.8412955350743322,0.26231796718800815,0.0,0.0,0.0,0.0,0.0,10.477241814036514,0.014454517738762163,0.3394350158972249,0.025294748124330118,1.0018577106681972,-0.060433194620241895,0.002192440092038029,0.05266912913791363,3.143031505320607,11.366623777500301,0.2314467296227442,0.6139816569585032,11768.241379310344,0.09719948446034728,0.6889876911863313,124.0
wiki-Talk,null,7,2388953,4656682,148186,0.4877919631272215,0.4917164195450752,0.5249073528441645,0.5130161346641235,0.8313168890769068,0.9355608595367833,0.10424397045987645,0.791761432402628,0.9669955565888043,0.10290004711759433,0.2995185919867666,0.23705985831890292,-0.054733640737716686,0.48184480956795284,0.4818448095679581,105.69260236720544,0.03983894903391305,0.5490524661044549,0.004787638146295314,1.080208936934459,-0.054632059688544926,0.01421542261603606,0.04430462046461827,0.7049953117500601,74.95324462433167,0.09157219926743639,0.8342369709093905,16.121313754335766,0.027764464181589173,0.8741300192167345,112.2
wiki-Talk,null,8,2388953,4656682,148309,0.4878183620347952,0.49179265408288564,0.5249753901282435,0.5130161346641237,0.8312596362286738,0.9354683881599238,0.10420875193125005,0.7916062887316503,0.9669332657924176,0.10329339774911216,0.29932262528945003,0.23718946761980744,-0.054736155777998195,0.4817759371312593,0.4817759371312501,105.56807511732195,0.03952159709899283,0.5489615035444464,0.004674840467484047,1.0801919884762523,-0.05463180293122999,0.014213491861441028,0.044270588112564284,0.7019700260510139,74.95703552836184,0.09167109874495769,0.834337181394091,16.107943550290273,0.027668187695613935,0.8740559369415721,113.1
cit-Patents,real,,3764117,16511740,65,0.8268148384917874,0.8585731122219705,0.22482202983642172,0.22796610169491519,0.03777313262183041,0.2333082382832471,0.19553510566141669,0.05854620821291157,0.49943009403683936,0.5029630051867284,0.0,0.0,0.0,0.0,0.0,0.7228255041251593,0.05034107968058432,0.13151449274081184,0.14742046595006114,0.9299115239474461,0.1675193971508378,0.06714270729710764,0.07583658571886821,1.5135903439316911,0.4656115696958381,0.505611102740472,0.26800699210861234,57909.49230769231,0.06669293223350921,0.5124553289349443,27.1
cit-Patents,null,7,3764117,16511740,6829,0.2962161335251311,0.3649053945859128,0.22125269097885178,0.22796610169491485,0.16592456903600508,0.33334390039533934,0.16741933135933426,0.3610201901424483,0.6871850432273414,0.3147859646927125,1.8191175587163508,-0.016003664280720427,-0.3231786854525884,1.479935208983042,1.4799352089830593,1.9402382640355045,0.013056768983682798,0.72314847566583,0.5724002663014509,1.1386468559189398,-0.0001537566184976992,1.2892605755552264e-05,1.2639216726050982e-05,0.00026621421315028504,0.00025985749129095963,0.0002658822752286513,0.00025966677019643417,551.1959291257871,0.07580901443818032,0.9943055032720143,32.4
cit-Patents,null,8,3764117,16511740,6937,0.2971996048031519,0.3691019844062467,0.2212636940917669,0.22796610169491577,0.1644370440641022,0.33170910648505963,0.16727206242095743,0.35862641363394737,0.6854965330477792,0.316403872443167,1.8124648896852442,-0.015953934538326154,-0.3255812417539348,1.4709297133929833,1.4709297133930004,1.9247949652411007,0.01384170021164055,0.7186206978902759,0.5684375669417018,1.1390441563110079,0.0004126703896659672,1.2749652399981344e-05,1.156822041208693e-05,0.0002700788709062377,0.0002529464663522643,0.00026975070702907333,0.00025227450230502866,542.614530776993,0.07848241699182039,0.9943279584038895,31.7
wiki-topcats,real,,1791489,25444207,29,0.6452102104337216,0.7344312204345768,0.07326517944478658,0.07040852167253626,0.02292302181395417,0.0764961605996197,0.053573138785665525,0.13817781600351434,0.6084335994778489,0.35292829348745397,0.0,0.0,0.0,0.0,0.0,5.076474747838267,0.07985097987757395,0.2980834694876927,0.15344011827280582,1.1224341580191637,-0.025802323412966593,0.0020944651826936,0.274576282537496,6.644743677697139,4.757929742065744,0.8952512492628574,0.7964061080446642,61775.48275862069,0.14712789193793543,0.5854593196131723,619.6
wiki-topcats,null,7,1791489,25444207,71,0.1411925073360886,0.29210307084830744,0.07700865228569734,0.07040852167253621,0.028657755897107624,0.09069525906847764,0.062037503171370016,0.16922157454080322,0.6050798646626985,0.38769744563689446,0.20266757065987992,0.049832328544051764,-0.029217505689840367,0.22328239351409132,0.22328239351408183,6.919963224569779,0.04094250082862361,0.7387830630025813,0.6266696853713656,1.043630834629981,-0.02366271764172241,0.002096034296348809,0.026148358845184634,2.40264702957928,7.693841663133813,0.35861965781663924,0.5020161142570602,25232.23943661972,0.1708841081357463,0.8752496772316685,590.4
wiki-topcats,null,8,1791489,25444207,107,0.14113235395144003,0.2977655385369251,0.07700087138795784,0.07040852167253621,0.028108904709550513,0.09014756323356439,0.06203865852401388,0.16692699270097353,0.6028550925517551,0.38861019508102584,0.18901516988503125,0.049731284172762104,-0.03480175929167696,0.20394469476611637,0.20394469476611501,6.754382977204335,0.040635348324024934,0.7332112505662445,0.6207965162806572,1.0441117472911123,-0.02366330060715995,0.0020943232522092764,0.0260542273726789,2.4198394542638146,7.72207002104736,0.3603146768231067,0.5025868043400309,16742.88785046729,0.18212503677108818,0.9188272943089273,583.0
