network,algo,arm,seed,k,giant_share,top3_share,Q_orig
email-Eu-core,infomap,baseline,100,15,0.329615,0.574037,0.402892854239789
email-Eu-core,infomap,baseline,101,16,0.539554,0.737323,0.3166801133054933
email-Eu-core,infomap,baseline,102,15,0.524341,0.742394,0.3230067272927712
email-Eu-core,infomap,dspar_0.5,100,22,0.117647,0.325558,0.387334428006351
email-Eu-core,infomap,dspar_0.5,101,20,0.13286,0.355984,0.3868624109141124
email-Eu-core,infomap,dspar_0.5,102,21,0.123732,0.343813,0.3834257521395989
email-Eu-core,louvain,baseline,100,7,0.241379,0.610548,0.4122440939212523
email-Eu-core,louvain,baseline,101,8,0.191684,0.541582,0.412987310128262
email-Eu-core,louvain,baseline,102,7,0.30426,0.597363,0.415309908972799
email-Eu-core,louvain,dspar_0.5,100,10,0.267748,0.541582,0.40564989055543277
email-Eu-core,louvain,dspar_0.5,101,9,0.226166,0.498986,0.4045556134525644
email-Eu-core,louvain,dspar_0.5,102,10,0.198783,0.474645,0.40109685061422634
email-Eu-core,labelprop,baseline,100,1,1.0,1.0,0.0
email-Eu-core,labelprop,baseline,101,1,1.0,1.0,0.0
email-Eu-core,labelprop,baseline,102,1,1.0,1.0,0.0
email-Eu-core,labelprop,dspar_0.5,100,3,0.894523,1.0,0.11161484423672355
email-Eu-core,labelprop,dspar_0.5,101,7,0.458418,0.773834,0.36595589597536154
email-Eu-core,labelprop,dspar_0.5,102,2,0.915822,1.0,0.09896423201305836
wiki-Vote,infomap,baseline,100,99,0.596377,0.88013,0.27053621901729596
wiki-Vote,infomap,baseline,101,84,0.369658,0.912963,0.3906262143095848
wiki-Vote,infomap,baseline,102,58,0.450467,0.867252,0.3992045561326046
wiki-Vote,infomap,dspar_0.5,100,105,0.269459,0.574583,0.3910430321225237
wiki-Vote,infomap,dspar_0.5,101,93,0.269601,0.647608,0.39559743234126565
wiki-Vote,infomap,dspar_0.5,102,97,0.181857,0.522502,0.3861259557921646
wiki-Vote,louvain,baseline,100,6,0.305123,0.793094,0.42749861722534727
wiki-Vote,louvain,baseline,101,15,0.386923,0.862723,0.4176793788189069
wiki-Vote,louvain,baseline,102,7,0.315596,0.791537,0.4261974678765021
wiki-Vote,louvain,dspar_0.5,100,6,0.283753,0.704783,0.4187721866408058
wiki-Vote,louvain,dspar_0.5,101,7,0.287857,0.713416,0.4185866374263691
wiki-Vote,louvain,dspar_0.5,102,8,0.306821,0.705067,0.4157305569438096
wiki-Vote,labelprop,baseline,100,2,0.999292,1.0,7.941151087019036e-05
wiki-Vote,labelprop,baseline,101,2,0.999292,1.0,7.941151087019036e-05
wiki-Vote,labelprop,baseline,102,2,0.999292,1.0,7.941151087019036e-05
wiki-Vote,labelprop,dspar_0.5,100,3,0.65709,1.0,0.3064092390847548
wiki-Vote,labelprop,dspar_0.5,101,3,0.730824,1.0,0.25368247661592813
wiki-Vote,labelprop,dspar_0.5,102,6,0.353524,0.821398,0.40941006801913776
ca-HepTh,infomap,baseline,100,569,0.017365,0.040403,0.6771243950044984
ca-HepTh,infomap,baseline,101,560,0.015166,0.039477,0.678283931587761
ca-HepTh,infomap,baseline,102,578,0.022922,0.046307,0.6788867282936649
ca-HepTh,infomap,dspar_0.5,100,959,0.003705,0.010188,0.528775706155567
ca-HepTh,infomap,dspar_0.5,101,973,0.003705,0.010303,0.5265739433821934
ca-HepTh,infomap,dspar_0.5,102,957,0.004515,0.011693,0.5275406321806663
ca-HepTh,louvain,baseline,100,51,0.078375,0.196342,0.7554214902596985
ca-HepTh,louvain,baseline,101,49,0.080922,0.207108,0.7556982066346416
ca-HepTh,louvain,baseline,102,50,0.115883,0.206761,0.7506227564796634
ca-HepTh,louvain,dspar_0.5,100,225,0.037624,0.094814,0.6314867777728455
ca-HepTh,louvain,dspar_0.5,101,225,0.043992,0.091341,0.6361138838255618
ca-HepTh,louvain,dspar_0.5,102,222,0.032183,0.0859,0.6320698219083091
ca-HepTh,labelprop,baseline,100,541,0.339778,0.368025,0.6301717355055443
ca-HepTh,labelprop,baseline,101,603,0.194837,0.272285,0.6741572833032402
ca-HepTh,labelprop,baseline,102,560,0.296596,0.330169,0.6483026360831897
ca-HepTh,labelprop,dspar_0.5,100,1178,0.004862,0.014239,0.4906599212143789
ca-HepTh,labelprop,dspar_0.5,101,1161,0.005673,0.013197,0.4968428430404049
ca-HepTh,labelprop,dspar_0.5,102,1194,0.004631,0.012387,0.4845548639576494
ca-CondMat,infomap,baseline,100,1115,0.006741,0.018022,0.6459860399798139
ca-CondMat,infomap,baseline,101,1123,0.005336,0.014137,0.6419487551091274
ca-CondMat,infomap,baseline,102,1118,0.006038,0.016711,0.6432220948585864
ca-CondMat,infomap,dspar_0.5,100,1604,0.003698,0.008285,0.5328652632616375
ca-CondMat,infomap,dspar_0.5,101,1603,0.003698,0.007958,0.533163768969202
ca-CondMat,infomap,dspar_0.5,102,1608,0.002387,0.006834,0.5298103097323626
ca-CondMat,louvain,baseline,100,52,0.05444,0.145485,0.7262320988899674
ca-CondMat,louvain,baseline,101,57,0.05898,0.159388,0.7226825004166774
ca-CondMat,louvain,baseline,102,55,0.061836,0.144409,0.7235309392121032
ca-CondMat,louvain,dspar_0.5,100,121,0.02846,0.07719,0.6496925143694164
ca-CondMat,louvain,dspar_0.5,101,125,0.028554,0.082947,0.6506854695652118
ca-CondMat,louvain,dspar_0.5,102,130,0.030239,0.079624,0.6504703561344326
ca-CondMat,labelprop,baseline,100,1539,0.017507,0.051631,0.6274508251637304
ca-CondMat,labelprop,baseline,101,1564,0.027103,0.054814,0.6205954952964211
ca-CondMat,labelprop,baseline,102,1526,0.028273,0.062585,0.6274214927413805
ca-CondMat,labelprop,dspar_0.5,100,2193,0.004634,0.012124,0.49308762958688546
ca-CondMat,labelprop,dspar_0.5,101,2174,0.003838,0.01086,0.49249026602332396
ca-CondMat,labelprop,dspar_0.5,102,2211,0.003932,0.010298,0.49139665271732363
email-Enron,infomap,baseline,100,1217,0.043981,0.118471,0.5304353214842447
email-Enron,infomap,baseline,101,1205,0.055704,0.140402,0.5362590162897451
email-Enron,infomap,baseline,102,1255,0.049205,0.125297,0.5266551833027531
email-Enron,infomap,dspar_0.5,100,1461,0.036058,0.059977,0.3607718787664963
email-Enron,infomap,dspar_0.5,101,1460,0.036058,0.06069,0.3635892427287839
email-Enron,infomap,dspar_0.5,102,1442,0.036058,0.058909,0.35857825808087224
email-Enron,louvain,baseline,100,167,0.149751,0.333274,0.6017147062795162
email-Enron,louvain,baseline,101,171,0.147139,0.367521,0.61021583861073
email-Enron,louvain,baseline,102,176,0.133369,0.385951,0.6066594563873108
email-Enron,louvain,dspar_0.5,100,72,0.093275,0.243026,0.5615080583990167
email-Enron,louvain,dspar_0.5,101,79,0.084461,0.221896,0.5606874896324241
email-Enron,louvain,dspar_0.5,102,79,0.077012,0.207028,0.5489306457394038
email-Enron,labelprop,baseline,100,895,0.658654,0.754422,0.30745756344079067
email-Enron,labelprop,baseline,101,895,0.658387,0.749169,0.3029120523633906
email-Enron,labelprop,baseline,102,898,0.648208,0.751276,0.3188679128867562
email-Enron,labelprop,dspar_0.5,100,1196,0.370934,0.438895,0.41308594210016675
email-Enron,labelprop,dspar_0.5,101,1211,0.348647,0.432989,0.43757532304642544
email-Enron,labelprop,dspar_0.5,102,1397,0.084639,0.207888,0.4915291684543749
com-DBLP,infomap,baseline,100,14273,0.001974,0.003926,0.730548991838175
com-DBLP,infomap,baseline,101,14306,0.001602,0.003608,0.7300964820040312
com-DBLP,infomap,baseline,102,14318,0.002186,0.005043,0.730710933693526
com-DBLP,infomap,dspar_0.5,100,23169,0.000369,0.001053,0.5973176742273287
com-DBLP,infomap,dspar_0.5,101,23225,0.000344,0.000987,0.5962918302553819
com-DBLP,infomap,dspar_0.5,102,23135,0.00041,0.001148,0.5992616813381586
com-DBLP,louvain,baseline,100,202,0.06892,0.154677,0.8208458990819893
com-DBLP,louvain,baseline,101,240,0.079292,0.161906,0.8212744594558619
com-DBLP,louvain,baseline,102,219,0.062549,0.14825,0.821327320623374
com-DBLP,louvain,dspar_0.5,100,3064,0.026025,0.05077,0.7344709558315566
com-DBLP,louvain,dspar_0.5,101,3061,0.028583,0.052573,0.7351751412221458
com-DBLP,louvain,dspar_0.5,102,3062,0.02934,0.055046,0.7355082073834496
com-DBLP,labelprop,baseline,100,24643,0.013277,0.025672,0.6857763206452225
com-DBLP,labelprop,baseline,101,20884,0.273612,0.276202,0.6786564582076071
com-DBLP,labelprop,baseline,102,24254,0.037104,0.054731,0.6928298906986838
com-DBLP,labelprop,dspar_0.5,100,37237,0.000457,0.001145,0.5219326933652199
com-DBLP,labelprop,dspar_0.5,101,37162,0.00077,0.001656,0.5258160190356195
com-DBLP,labelprop,dspar_0.5,102,37237,0.000615,0.001255,0.5220109482377934
com-Amazon,infomap,baseline,100,15383,0.00126,0.003342,0.83259535472681
com-Amazon,infomap,baseline,101,15388,0.001147,0.003288,0.8328196134602386
com-Amazon,infomap,baseline,102,15354,0.001141,0.003225,0.8325392315024517
com-Amazon,infomap,dspar_0.5,100,31304,0.000785,0.002117,0.6663741043410646
com-Amazon,infomap,dspar_0.5,101,31303,0.000756,0.002096,0.6668339677376416
com-Amazon,infomap,dspar_0.5,102,31256,0.000785,0.002061,0.6670129936237625
com-Amazon,louvain,baseline,100,231,0.037338,0.106533,0.9259752003127877
com-Amazon,louvain,baseline,101,244,0.033957,0.099139,0.9259056134528141
com-Amazon,louvain,baseline,102,252,0.039335,0.112553,0.9258687111945618
com-Amazon,louvain,dspar_0.5,100,12032,0.029549,0.074708,0.8306620360355496
com-Amazon,louvain,dspar_0.5,101,12044,0.027647,0.079197,0.8318114253465044
com-Amazon,louvain,dspar_0.5,102,12044,0.030371,0.079483,0.8309350731930009
com-Amazon,labelprop,baseline,100,22482,0.003243,0.006188,0.7845622029379078
com-Amazon,labelprop,baseline,101,22561,0.001738,0.004757,0.7830345742252282
com-Amazon,labelprop,baseline,102,22396,0.004205,0.009099,0.7842501134787626
com-Amazon,labelprop,dspar_0.5,100,41906,0.001209,0.002279,0.5754948143172056
com-Amazon,labelprop,dspar_0.5,101,41777,0.001087,0.001998,0.5760228823663844
com-Amazon,labelprop,dspar_0.5,102,41787,0.001192,0.002237,0.576491814646155
