network,n,m,algo,sparsifier,target_ret,realized_ret,m_sparse,e_used,n_spar_seeds,n_algo_seeds,Q_base_mean,Q_base_std,Q_base_best,k_base,T_algo_orig,Q_sparse_native,Q_orig_mean,Q_orig_std,Q_orig_best,k_sparse,T_algo_sparse,T_sparsify,dQ_naive,dQ_honest_vs_mean,dQ_honest_vs_best,dQ_bestbest,dQ_vs_matched,Q_matched_best,budget,n_restarts,pooled_sd,T_pipeline,speedup_vs_single,speedup_algo_only
email-Eu-core,986,16064,infomap,dspar,0.8,0.8016994521912351,12878.5,,2,3,0.3475265649460178,0.03923498442085562,0.402892854239789,15.333333333333334,0.03258574032224715,0.46443113019333654,0.40283871433206003,0.0033893799817392603,0.4096121370004297,15.333333333333334,0.027014431165298447,0.00642797551699914,0.11690456524731874,0.05531214938604223,-5.413990772895616e-05,0.00671928276064071,-0.0001570009207236267,0.40299571525278366,0.03344240668229759,2,0.02784665059899842,0.03344240668229759,0.9743838304405315,1.2062345537782546
email-Eu-core,986,16064,infomap,dspar,0.5,0.5013072709163346,8053.0,,2,3,0.3475265649460178,0.03923498442085562,0.402892854239789,15.333333333333334,0.03258574032224715,0.5036641101470015,0.38475811230509577,0.0033068365300739154,0.39119501087098313,20.666666666666668,0.025936605990864336,0.00432105953223072,0.15613754520098372,0.037231547359077966,-0.01813474193469322,-0.01169784336880586,-0.014169755732837186,0.39892786803793295,0.030257665523095056,1,0.027841687900892562,0.030257665523095056,1.0769416529300688,1.2563610031985233
email-Eu-core,986,16064,infomap,lspar,0.5,0.5020542828685259,8065.0,0.726562,1,3,0.3475265649460178,0.03923498442085562,0.402892854239789,15.333333333333334,0.03258574032224715,0.6590758390413088,0.35851755362865445,0.004374333740292233,0.3620551332394527,26.0,0.01983642700361088,0.03254795499378815,0.31154927409529104,0.010990988682636649,-0.04437530061113454,-0.04083772100033628,-0.04447816162412921,0.40299571525278366,0.05238438199739903,2,0.027915218055535967,0.05238438199739903,0.6220506776975069,1.6427222662788756
email-Eu-core,986,16064,louvain,dspar,0.8,0.8016994521912351,12878.5,,2,3,0.41351377100743775,0.001305801484542352,0.415309908972799,7.333333333333333,0.009916482997747758,0.47421977023457584,0.41199590049703255,0.0018287149610915127,0.4144606444118943,8.333333333333334,0.008544659668890139,0.00642797551699914,0.0607059992271381,-0.0015178705104051948,-0.003314008475766461,-0.0008492645609047278,-0.003985952252576752,0.4159818527496093,0.01497263518588928,2,0.0015889172297437245,0.01497263518588928,0.6623071272779951,1.1605474509244913
email-Eu-core,986,16064,louvain,dspar,0.5,0.5013072709163346,8053.0,,2,3,0.41351377100743775,0.001305801484542352,0.415309908972799,7.333333333333333,0.009916482997747758,0.5168094388494403,0.40313232720264364,0.003325990266641607,0.40718633806407833,9.5,0.006034161342540756,0.00432105953223072,0.10329566784200256,-0.01038144380479411,-0.012177581770155377,-0.008123570908720679,-0.012849525546965668,0.4159818527496093,0.010355220874771476,2,0.002526591455976581,0.010355220874771476,0.9576312391276348,1.6433904290620616
email-Eu-core,986,16064,louvain,lspar,0.5,0.5020542828685259,8065.0,0.726562,1,3,0.41351377100743775,0.001305801484542352,0.415309908972799,7.333333333333333,0.009916482997747758,0.6736094864686296,0.38410797484861353,0.005203246640415461,0.3883955742021952,12.0,0.003996356991895785,0.03254795499378815,0.26009571546119187,-0.029405796158824216,-0.031201934124185482,-0.026914334770603787,-0.03187387790099577,0.4159818527496093,0.03654431198568394,5,0.0037933423993905292,0.03654431198568394,0.27135503335327515,2.481380671911294
email-Eu-core,986,16064,labelprop,dspar,0.8,0.8016994521912351,12878.5,,2,3,0.0,0.0,0.0,1.0,0.00241256901063025,0.11592167212276777,0.09729812657673587,0.0015253633993950483,0.10068786846823363,2.0,0.004788647163271283,0.00642797551699914,0.11592167212276777,0.09729812657673587,0.09729812657673587,0.10068786846823363,0.09729812657673587,0.0,0.011216622680270422,6,0.0010785948034860028,0.011216622680270422,0.21508871960843076,0.5038101426921888
email-Eu-core,986,16064,labelprop,dspar,0.5,0.5013072709163346,8053.0,,2,3,0.0,0.0,0.0,1.0,0.00241256901063025,0.2139853277009581,0.1567115792773874,0.07173986990969437,0.2962154548824126,3.8333333333333335,0.0037032661590880402,0.00432105953223072,0.2139853277009581,0.1567115792773874,0.1567115792773874,0.2962154548824126,0.1567115792773874,0.0,0.00802432569131876,4,0.050727748494585646,0.00802432569131876,0.3006569154141294,0.6514705956820465
email-Eu-core,986,16064,labelprop,lspar,0.5,0.5020542828685259,8065.0,0.726562,1,3,0.0,0.0,0.0,1.0,0.00241256901063025,0.5365347884458612,0.3071212915085178,0.031406804566592374,0.3339872523259799,12.0,0.0021035566460341215,0.03254795499378815,0.5365347884458612,0.3071212915085178,0.3071212915085178,0.3339872523259799,0.22787654861753187,0.07924474289098594,0.034651511639822274,16,0.022207964484438097,0.034651511639822274,0.069623773869007,1.1468999492733964
wiki-Vote,7066,100736,infomap,dspar,0.8,0.7990936705844981,80497.5,,2,3,0.3534556631531618,0.05873739665641116,0.3992045561326046,80.33333333333333,0.27011228166520596,0.4404456115186303,0.407968389710643,0.008332590949607182,0.4179043373927836,73.33333333333333,0.22266097216440053,0.022520240512676537,0.08698994836546853,0.054512726557481184,0.008763833578038394,0.018699781260179016,-0.0051433134235086,0.4131117031341516,0.24518121267707707,1,0.04194945671821065,0.24518121267707707,1.1016842551511687,1.2131101334892673
wiki-Vote,7066,100736,infomap,dspar,0.5,0.4993001508894536,50297.5,,2,3,0.3534556631531618,0.05873739665641116,0.3992045561326046,80.33333333333333,0.27011228166520596,0.4764138610640071,0.3914411332506062,0.004174350127049118,0.3959269060409478,92.83333333333333,0.2784865391731728,0.015718224516604096,0.12295819791084533,0.03798547009744441,-0.007763422881998383,-0.0032776500916567586,-0.021670569883545376,0.4131117031341516,0.2942047636897769,2,0.04163836551160345,0.2942047636897769,0.9181098167058398,0.969929399342496
wiki-Vote,7066,100736,infomap,lspar,0.5,0.5017669949174078,50546.0,0.71875,1,3,0.3534556631531618,0.05873739665641116,0.3992045561326046,80.33333333333333,0.27011228166520596,0.5507694684656976,0.38162222712663496,0.0023150350410066013,0.38445168194789686,120.66666666666667,0.17501305299811065,0.2696259470540099,0.19731380531253584,0.02816656397347317,-0.01758232900596962,-0.01475287418470772,-0.031489476007516615,0.4131117031341516,0.44463900005212054,2,0.04156585830470525,0.44463900005212054,0.6074867063697593,1.543383633608871
wiki-Vote,7066,100736,louvain,dspar,0.8,0.7990936705844981,80497.5,,2,3,0.4237918213069187,0.0043546689337567775,0.42749861722534727,9.333333333333334,0.06989155800935502,0.4575388020682018,0.4221439344501554,0.0026837272878632865,0.4264673202813064,6.833333333333333,0.05930150401157638,0.022520240512676537,0.033746980761283074,-0.0016478868567633143,-0.005354682775191855,-0.0010312969440408604,-0.007577192785363895,0.4297211272355193,0.08182174452425292,2,0.003617010760161519,0.08182174452425292,0.8541929583112023,1.178579855170475
wiki-Vote,7066,100736,louvain,dspar,0.5,0.4993001508894536,50297.5,,2,3,0.4237918213069187,0.0043546689337567775,0.42749861722534727,9.333333333333334,0.06989155800935502,0.4830723471900608,0.41009079498515727,0.0031452878807796906,0.41507025742094733,12.0,0.04475736400733391,0.015718224516604096,0.05928052588314209,-0.013701026321761456,-0.017407822240189996,-0.012428359804399935,-0.019630332250362037,0.4297211272355193,0.06047558852393801,2,0.0037984192353929277,0.06047558852393801,1.155698682976684,1.561565555958627
wiki-Vote,7066,100736,louvain,lspar,0.5,0.5017669949174078,50546.0,0.71875,1,3,0.4237918213069187,0.0043546689337567775,0.42749861722534727,9.333333333333334,0.06989155800935502,0.5757486145747609,0.40967287230406074,0.004970537655356211,0.4149616825248763,8.0,0.027493594990422327,0.2696259470540099,0.15195679326784217,-0.014118949002857983,-0.017825744921286524,-0.012536934700470959,-0.020048254931458565,0.4297211272355193,0.2971195420444322,6,0.004672760752806654,0.2971195420444322,0.235230431254849,2.54210328018953
wiki-Vote,7066,100736,labelprop,dspar,0.8,0.7990936705844981,80497.5,,2,3,7.941151087019036e-05,0.0,7.941151087019036e-05,2.0,0.02905662767201041,0.05964916822750096,0.05659931461825279,0.12633795621737856,0.3390995705336487,3.3333333333333335,0.02510040916968137,0.022520240512676537,0.05956975671663077,0.0565199031073826,0.0565199031073826,0.3390201590227785,0.056500051005699964,9.926361255282516e-05,0.04762064968235791,2,0.08933442556255752,0.04762064968235791,0.6101686530071652,1.1576156976400103
wiki-Vote,7066,100736,labelprop,dspar,0.5,0.4993001508894536,50297.5,,2,3,7.941151087019036e-05,0.0,7.941151087019036e-05,2.0,0.02905662767201041,0.23891116666446424,0.21075948712572878,0.15190638255008065,0.3384320124007224,2.6666666666666665,0.04773441433402089,0.015718224516604096,0.23883175515359406,0.2106800756148586,0.2106800756148586,0.3383526008898522,0.2106205206401554,0.00013896648557337152,0.06345263885062499,3,0.10741403320667986,0.06345263885062499,0.45792622967837704,0.6087144480015418
wiki-Vote,7066,100736,labelprop,lspar,0.5,0.5017669949174078,50546.0,0.71875,1,3,7.941151087019036e-05,0.0,7.941151087019036e-05,2.0,0.02905662767201041,0.3000208558349155,0.21984555125659613,0.13926925604589055,0.38837784583672547,8.0,0.03557221566249306,0.2696259470540099,0.2999414443240453,0.21976613974572595,0.21976613974572595,0.38829843432585526,-0.12094241143496051,0.34078796269155665,0.30519816271650296,14,0.09847823536085479,0.30519816271650296,0.09520577520317829,0.8168349126098263
ca-HepTh,8638,24806,infomap,dspar,0.8,0.8004918164960091,19857.0,,2,3,0.6780983516286415,0.0007313387707696279,0.6788867282936649,569.0,0.277373695319208,0.7120836662183629,0.6319135368418538,0.0013007622404158168,0.6336585407559866,637.3333333333334,0.22952801900100894,0.006089888483984396,0.03398531458972143,-0.04618481478678771,-0.046973191451811114,-0.04522818753767832,-0.04579185626691096,0.6777053931087648,0.23561790748499334,2,0.001055186903757435,0.23561790748499334,1.1772182270860467,1.208452443089263
ca-HepTh,8638,24806,infomap,dspar,0.5,0.4992138998629364,12383.5,,2,3,0.6780983516286415,0.0007313387707696279,0.6788867282936649,569.0,0.277373695319208,0.8106531561815181,0.5270067618617057,0.0015498110610870379,0.5289889208076928,951.8333333333334,0.21152235715999268,0.004259531997377053,0.1325548045528766,-0.15109158976693582,-0.15187996643195922,-0.14989780748597215,-0.15069863124705907,0.6777053931087648,0.21578188915736973,2,0.0012117695165951652,0.21578188915736973,1.2854354756201036,1.3113209357316602
ca-HepTh,8638,24806,infomap,lspar,0.5,0.5006046924131259,12418.0,0.265625,1,3,0.6780983516286415,0.0007313387707696279,0.6788867282936649,569.0,0.277373695319208,0.8837131814476917,0.5710132512789503,0.0005864897375146451,0.5718151310998253,963.3333333333334,0.18086495300910124,0.019489765050821006,0.20561482981905022,-0.10708510034969121,-0.10787347701471461,-0.10707159719383963,-0.10669214182981446,0.6777053931087648,0.20035471805992225,2,0.0006628825724971308,0.20035471805992225,1.384413094960164,1.5335955955228673
ca-HepTh,8638,24806,louvain,dspar,0.8,0.8004918164960091,19857.0,,2,3,0.7539141511246679,0.0023301075826255234,0.7556982066346416,50.0,0.03756289401402076,0.7915285214555898,0.732436843150178,0.002867750615828363,0.7361642941989657,56.833333333333336,0.029174428995853912,0.006089888483984396,0.037614370330921965,-0.02147730797448988,-0.023261363484463615,-0.019533912435675926,-0.024026874112193397,0.7564637172623714,0.03526431747983831,2,0.002612794953798797,0.03526431747983831,1.0651813702476056,1.287527993070883
ca-HepTh,8638,24806,louvain,dspar,0.5,0.4992138998629364,12383.5,,2,3,0.7539141511246679,0.0023301075826255234,0.7556982066346416,50.0,0.03756289401402076,0.88406885401229,0.6324104656531467,0.002231210012305427,0.6351868383035164,223.33333333333334,0.022980189338947337,0.004259531997377053,0.1301547028876221,-0.12150368547152113,-0.12328774098149486,-0.12051136833112519,-0.12385583153788027,0.756266297191027,0.02723972133632439,1,0.0022811948037838575,0.02723972133632439,1.378974973724505,1.6345772204042868
ca-HepTh,8638,24806,louvain,lspar,0.5,0.5006046924131259,12418.0,0.265625,1,3,0.7539141511246679,0.0023301075826255234,0.7556982066346416,50.0,0.03756289401402076,0.9454213217922526,0.6849170561162722,0.0008481577548387253,0.685744381317186,320.0,0.018638009981562693,0.019489765050821006,0.19150717066758471,-0.06899709500839568,-0.07078115051836942,-0.06995382531745564,-0.0715466611460992,0.7564637172623714,0.038127775032383696,2,0.0017533928429907012,0.038127775032383696,0.9851845270833887,2.015391882029206
ca-HepTh,8638,24806,labelprop,dspar,0.8,0.8004918164960091,19857.0,,2,3,0.6508772182973247,0.018049071240165488,0.6741572833032402,568.0,0.09539688599761575,0.6865557442556942,0.611475006679635,0.0051536959836834435,0.6174208146436181,806.8333333333334,0.043350461821925514,0.006089888483984396,0.03567852595836951,-0.03940221161768975,-0.06268227662360526,-0.05673646865962212,-0.027798364533430542,0.6392733712130655,0.04944035030590991,1,0.013272707992809978,0.04944035030590991,1.9295349933273507,2.2005967638703803
ca-HepTh,8638,24806,labelprop,dspar,0.5,0.4992138998629364,12383.5,,2,3,0.6508772182973247,0.018049071240165488,0.6741572833032402,568.0,0.09539688599761575,0.778590166121126,0.4915909772717592,0.008052346726403073,0.5056569138572821,1169.0,0.0327788659875902,0.004259531997377053,0.12771294782380127,-0.1592862410255655,-0.182566306031481,-0.16850036944595814,-0.14768239394130628,0.6392733712130655,0.037038397984967254,1,0.013975143298635317,0.037038397984967254,2.5756212792015036,2.910316849696149
ca-HepTh,8638,24806,labelprop,lspar,0.5,0.5006046924131259,12418.0,0.265625,1,3,0.6508772182973247,0.018049071240165488,0.6741572833032402,568.0,0.09539688599761575,0.8516283829491075,0.5245753037822132,0.0046176385371536136,0.5311054905147957,1165.0,0.021655568018710863,0.019489765050821006,0.20075116465178278,-0.12630191451511152,-0.14958197952102703,-0.1430517927884445,-0.11469806743085231,0.6392733712130655,0.04114533306953187,1,0.013173677510330498,0.04114533306953187,2.318534785862681,4.405189737585773
ca-CondMat,21363,91286,infomap,dspar,0.8,0.800166509650987,73044.0,,2,3,0.6437189633158426,0.0016852449831069067,0.6459860399798139,1118.6666666666667,0.9864787893602625,0.6951100802250263,0.6118622923044201,0.001577479875102376,0.6140828192937837,1215.5,0.976450535497861,0.022164717025589198,0.05139111690918374,-0.03185667101142242,-0.03412374767539372,-0.03190322068603013,-0.032452871647136616,0.6443151639515567,0.9986152525234502,2,0.00163225203468092,0.9986152525234502,0.9878467075958238,1.010270109440094
ca-CondMat,21363,91286,infomap,dspar,0.5,0.5003231601779023,45672.5,,2,3,0.6437189633158426,0.0016852449831069067,0.6459860399798139,1118.6666666666667,0.9864787893602625,0.7582174002567933,0.5315344974271433,0.0024178608270789864,0.5353904927869467,1603.1666666666667,0.8285240119924614,0.015101813012734056,0.11449843694095074,-0.11218446588869924,-0.11445154255267054,-0.11059554719286713,-0.11177900680019137,0.6433135042273347,0.8436258250051955,1,0.002083998756262834,0.8436258250051955,1.1693321376857888,1.1906459862134187
ca-CondMat,21363,91286,infomap,lspar,0.5,0.49717371776614155,45385.0,0.5,1,3,0.6437189633158426,0.0016852449831069067,0.6459860399798139,1118.6666666666667,0.9864787893602625,0.8703655856874071,0.5525929176500625,0.0008599567728312287,0.5534148870516927,1965.0,0.5796373160167908,0.09601449297042564,0.22664662237156452,-0.09112604566578009,-0.09339312232975139,-0.09257115292812113,-0.09072058657727222,0.6433135042273347,0.6756518089872164,1,0.0013378296424106657,0.6756518089872164,1.460040180812906,1.7018897198324725
ca-CondMat,21363,91286,louvain,dspar,0.8,0.800166509650987,73044.0,,2,3,0.7241485128395827,0.001513486090546014,0.7262320988899674,54.666666666666664,0.15528015934008485,0.7701077464229941,0.7058858107286774,0.00146933808400944,0.7078791724586877,65.5,0.11963798065941471,0.022164717025589198,0.04595923358341136,-0.018262702110905304,-0.020346288161290027,-0.018352926431279726,-0.018373803331165783,0.7242596140598432,0.14180269768500392,2,0.001491575434129429,0.14180269768500392,1.0950437606273142,1.2979169197291642
ca-CondMat,21363,91286,louvain,dspar,0.5,0.5003231601779023,45672.5,,2,3,0.7241485128395827,0.001513486090546014,0.7262320988899674,54.666666666666664,0.15528015934008485,0.8312801115347046,0.6468955146967136,0.003591196727128569,0.6532470321204955,126.33333333333333,0.08216746231967893,0.015101813012734056,0.1071315986951219,-0.07725299814286912,-0.07933658419325385,-0.07298506676947192,-0.07535447532372719,0.7222499900204408,0.09726927533241299,1,0.0027556609079506865,0.09726927533241299,1.5963947383119952,1.8898010837423123
ca-CondMat,21363,91286,louvain,lspar,0.5,0.49717371776614155,45385.0,0.5,1,3,0.7241485128395827,0.001513486090546014,0.7262320988899674,54.666666666666664,0.15528015934008485,0.9283684791504325,0.6613483854631871,0.00047183824827928806,0.6619362752399023,506.3333333333333,0.055308712006080896,0.09601449297042564,0.20421996631084982,-0.06280012737639562,-0.06488371342678034,-0.06429582365006514,-0.0629112285966561,0.7242596140598432,0.15132320497650653,2,0.0011209976536138522,0.15132320497650653,1.026149025618329,2.8075171832425356
ca-CondMat,21363,91286,labelprop,dspar,0.8,0.800166509650987,73044.0,,2,3,0.6251559377338439,0.0032247420068935713,0.6274508251637304,1543.0,0.17706741899019107,0.6567393527864608,0.5785314506247464,0.0037063592504513786,0.5846306572970794,1754.0,0.1833094831672497,0.022164717025589198,0.03158341505261686,-0.0466244871090975,-0.048919374538983984,-0.04282016786665099,0.15933651117990383,0.4191949394448426,0.2054742001928389,1,0.0034739070154820267,0.2054742001928389,0.861750131276881,0.9659479473227065
ca-CondMat,21363,91286,labelprop,dspar,0.5,0.5003231601779023,45672.5,,2,3,0.6251559377338439,0.0032247420068935713,0.6274508251637304,1543.0,0.17706741899019107,0.7165690212867646,0.48709079777586645,0.0029568262027247338,0.49275505500356037,2216.0,0.15338533500713916,0.015101813012734056,0.09141308355292066,-0.13806513995797748,-0.14036002738786396,-0.13469577016017004,0.06789585833102385,0.4191949394448426,0.16848714801987322,1,0.0030936856824945506,0.16848714801987322,1.0509253736629562,1.1543960117305194
ca-CondMat,21363,91286,labelprop,lspar,0.5,0.49717371776614155,45385.0,0.5,1,3,0.6251559377338439,0.0032247420068935713,0.6274508251637304,1543.0,0.17706741899019107,0.8332637343640831,0.5089358717647956,0.0015724732877256218,0.5110149621075315,2526.0,0.0851514496607706,0.09601449297042564,0.20810779663023915,-0.11622006596904833,-0.11851495339893481,-0.11643586305619891,0.089740932319953,0.4191949394448426,0.18116594263119623,1,0.0025368911340097554,0.18116594263119623,0.9773769640061509,2.079441039413875
email-Enron,33696,180811,infomap,dspar,0.8,0.7991051429393123,144487.0,,2,3,0.5311165070255809,0.003950224661695713,0.5362590162897451,1225.6666666666667,1.335976206988562,0.5633717316759105,0.48564450717115415,0.0040785961441031195,0.4900854799157972,1081.8333333333333,1.4842948765144683,0.04101336750318296,0.032255224650329595,-0.04547199985442674,-0.050614509118591,-0.04617353637394794,-0.058158969235088454,0.5438034764062426,1.5253082440176513,2,0.004014923497687213,1.5253082440176513,0.8758729340304422,0.9000746604514331
email-Enron,33696,180811,infomap,dspar,0.5,0.5001355006056047,90430.0,,2,3,0.5311165070255809,0.003950224661695713,0.5362590162897451,1225.6666666666667,1.335976206988562,0.6327529815348685,0.3632435315778307,0.0027035345589771598,0.3675424923003825,1440.3333333333333,1.1495449938326299,0.028084156976547092,0.10163647450928759,-0.1678729754477502,-0.17301548471191447,-0.16871652398936265,-0.18055994482841192,0.5438034764062426,1.177629150809177,1,0.003384772812867419,1.177629150809177,1.1344625819347125,1.1621782654494999
email-Enron,33696,180811,infomap,lspar,0.5,0.5054006669948178,91382.0,0.630932,1,3,0.5311165070255809,0.003950224661695713,0.5362590162897451,1225.6666666666667,1.335976206988562,0.6878807840303697,0.40598561308559994,0.0005175152238208172,0.4066957367246667,1570.6666666666667,1.0206278679931227,0.40106899198144674,0.1567642770047888,-0.12513089393998095,-0.1302734032041452,-0.12956327956507846,-0.13781786332064266,0.5438034764062426,1.4216968599745694,2,0.0028170992957965934,1.4216968599745694,0.9397053933230599,1.3089748466456377
email-Enron,33696,180811,louvain,dspar,0.8,0.7991051429393123,144487.0,,2,3,0.6061966670925191,0.0034859664539151638,0.61021583861073,171.33333333333334,0.2840307976778907,0.6647868517874406,0.6001173612831934,0.004740532751698051,0.6082426689780462,124.33333333333333,0.3061328025069088,0.04101336750318296,0.0585901846949215,-0.006079305809325697,-0.010098477327536659,-0.001973169632683791,-0.006733326624742575,0.606850687907936,0.34714617001009174,2,0.004160805984887048,0.34714617001009174,0.818187905312721,0.927802559385908
email-Enron,33696,180811,louvain,dspar,0.5,0.5001355006056047,90430.0,,2,3,0.6061966670925191,0.0034859664539151638,0.61021583861073,171.33333333333334,0.2840307976778907,0.7593199378181675,0.5641195686940509,0.0043028877243223105,0.5706733948079008,77.5,0.19145285034513412,0.028084156976547092,0.15312327072564846,-0.04207709839846818,-0.046096269916679145,-0.03954244380282923,-0.04273111921388506,0.606850687907936,0.21953700732168122,1,0.003915788865985084,0.21953700732168122,1.2937718389397037,1.4835548134481429
email-Enron,33696,180811,louvain,lspar,0.5,0.5054006669948178,91382.0,0.630932,1,3,0.6061966670925191,0.0034859664539151638,0.61021583861073,171.33333333333334,0.2840307976778907,0.7973224205678249,0.5776745327595942,0.0017247972069605235,0.57997886650785,367.6666666666667,0.1757731973193586,0.40106899198144674,0.1911257534753058,-0.02852213433292483,-0.03254130585113579,-0.03023697210288001,-0.02917615514834171,0.606850687907936,0.5768421893008053,3,0.002750171587643277,0.5768421893008053,0.49238908482433735,1.6158936744027086
email-Enron,33696,180811,labelprop,dspar,0.8,0.7991051429393123,144487.0,,2,3,0.30974584289697915,0.006711906754044637,0.3188679128867562,896.0,0.20431455998914316,0.36360401579373886,0.3140080814658164,0.04271736591329164,0.35441179352417596,936.0,0.35211579229993123,0.04101336750318296,0.053858172896759704,0.004262238568837229,-0.00485983142093982,0.035543880637419756,0.005609832599880793,0.3083982488659356,0.3931291598031142,2,0.03057632288916573,0.3931291598031142,0.5197135722302243,0.5802482150959836
email-Enron,33696,180811,labelprop,dspar,0.5,0.5001355006056047,90430.0,,2,3,0.30974584289697915,0.006711906754044637,0.3188679128867562,896.0,0.20431455998914316,0.6453214612807295,0.45441577813627143,0.030352074688608947,0.49408150244647236,1281.3333333333333,0.7325573698229467,0.028084156976547092,0.3355756183837504,0.14466993523929228,0.13554786524951523,0.17521358955971617,0.14601752927033584,0.3083982488659356,0.7606415267994938,4,0.021980652062414868,0.7606415267994938,0.2686082113460534,0.278905882877848
email-Enron,33696,180811,labelprop,lspar,0.5,0.5054006669948178,91382.0,0.630932,1,3,0.30974584289697915,0.006711906754044637,0.3188679128867562,896.0,0.20431455998914316,0.7153823613197948,0.46919667480405125,0.009420139460117546,0.48091969999699774,1826.0,0.4494095730090824,0.40106899198144674,0.4056365184228157,0.1594508319070721,0.15032876191729505,0.16205178711024154,0.16079842593811566,0.3083982488659356,0.8504785649905291,5,0.008178897227715167,0.8504785649905291,0.24023481413834152,0.4546288558588716
