network,algo,arm,target_ret,spar_seed,algo_seed,realized_ret,m_sparse,Q_native,Q_orig,k,t_detect
email-Eu-core,infomap,baseline,1.0,,100,1.0,16064,0.402892854239789,0.402892854239789,15,0.03466788900550455
email-Eu-core,infomap,baseline,1.0,,101,1.0,16064,0.3166801133054933,0.3166801133054933,16,0.03154573997016996
email-Eu-core,infomap,baseline,1.0,,102,1.0,16064,0.3230067272927712,0.3230067272927712,15,0.03154359199106693
email-Eu-core,infomap,dspar,0.8,200,300,0.801295,12872,0.46009105261114747,0.3990471734048617,17,0.025079790968447924
email-Eu-core,infomap,dspar,0.8,200,301,0.801295,12872,0.4705285917931339,0.4096121370004297,13,0.027817507041618228
email-Eu-core,infomap,dspar,0.8,200,302,0.801295,12872,0.46494466986895105,0.40400092894420825,16,0.026855228003114462
email-Eu-core,infomap,dspar,0.8,201,300,0.802104,12885,0.46196343312810617,0.40042701300128175,17,0.027144127001520246
email-Eu-core,infomap,dspar,0.8,201,301,0.802104,12885,0.4643465183862078,0.4019240382376123,15,0.02710259798914194
email-Eu-core,infomap,dspar,0.8,201,302,0.802104,12885,0.46471251537247266,0.40202099540396674,14,0.02808733598794788
email-Eu-core,infomap,dspar,0.5,200,300,0.499938,8031,0.5013223878873923,0.38414627331684226,20,0.022399752982892096
email-Eu-core,infomap,dspar,0.5,200,301,0.499938,8031,0.500220801101001,0.38483449868975306,21,0.02566231699893251
email-Eu-core,infomap,dspar,0.5,200,302,0.499938,8031,0.5044491476117767,0.39119501087098313,20,0.025927904003765434
email-Eu-core,infomap,dspar,0.5,201,300,0.502677,8075,0.5045764763392726,0.3800662308900604,20,0.02532116399379447
email-Eu-core,infomap,dspar,0.5,201,301,0.502677,8075,0.507081145223284,0.38487854987234826,20,0.02424641401739791
email-Eu-core,infomap,dspar,0.5,201,302,0.502677,8075,0.5043347027192824,0.38342811019058726,23,0.0320620839484036
email-Eu-core,infomap,lspar,0.5,,300,0.502054,8065,0.6574486435959537,0.35235372783021307,27,0.019728060986381024
email-Eu-core,infomap,lspar,0.5,,301,0.502054,8065,0.6605990923867568,0.3620551332394527,25,0.018920088012237102
email-Eu-core,infomap,lspar,0.5,,302,0.502054,8065,0.6591797811412159,0.3611437998162976,26,0.02086113201221451
email-Eu-core,louvain,baseline,1.0,,100,1.0,16064,0.4122440939212523,0.4122440939212523,7,0.005909791972953826
email-Eu-core,louvain,baseline,1.0,,101,1.0,16064,0.412987310128262,0.412987310128262,8,0.012004287971649319
email-Eu-core,louvain,baseline,1.0,,102,1.0,16064,0.415309908972799,0.415309908972799,7,0.011835369048640132
email-Eu-core,louvain,dspar,0.8,200,300,0.801295,12872,0.4762984470896886,0.4134277037610266,8,0.011685421981383115
email-Eu-core,louvain,dspar,0.8,200,301,0.801295,12872,0.47708284124492384,0.4144606444118943,9,0.005084340053144842
email-Eu-core,louvain,dspar,0.8,200,302,0.801295,12872,0.472624423689231,0.4107047923377457,8,0.006510620005428791
email-Eu-core,louvain,dspar,0.8,201,300,0.802104,12885,0.4726839061221706,0.4091514044512933,9,0.012900146015454084
email-Eu-core,louvain,dspar,0.8,201,301,0.802104,12885,0.4749664120787919,0.4131530886693516,8,0.009598865988664329
email-Eu-core,louvain,dspar,0.8,201,302,0.802104,12885,0.4716625911826494,0.4110777693508834,8,0.00548856396926567
email-Eu-core,louvain,dspar,0.5,200,300,0.499938,8031,0.5053385383537683,0.39631525411054985,8,0.0048851059982553124
email-Eu-core,louvain,dspar,0.5,200,301,0.499938,8031,0.5162507734279139,0.40325099510139234,10,0.0045695959706790745
email-Eu-core,louvain,dspar,0.5,200,302,0.499938,8031,0.5157800148134112,0.4033217153175149,11,0.005670173035468906
email-Eu-core,louvain,dspar,0.5,201,300,0.502677,8075,0.5198249767562232,0.40391133269462,9,0.008410665031988174
email-Eu-core,louvain,dspar,0.5,201,301,0.502677,8075,0.5215677788534347,0.40718633806407833,9,0.007120713009499013
email-Eu-core,louvain,dspar,0.5,201,302,0.502677,8075,0.52209455089189,0.40480832792770655,10,0.005548715009354055
email-Eu-core,louvain,lspar,0.5,,300,0.502054,8065,0.673937863046258,0.3871432708688403,11,0.0038049329887144268
email-Eu-core,louvain,lspar,0.5,,301,0.502054,8065,0.6750589003097509,0.3883955742021952,12,0.00368156295735389
email-Eu-core,louvain,lspar,0.5,,302,0.502054,8065,0.6718316960498798,0.37678507947480505,13,0.004502575029619038
email-Eu-core,labelprop,baseline,1.0,,100,1.0,16064,0.0,0.0,1,0.003359975991770625
email-Eu-core,labelprop,baseline,1.0,,101,1.0,16064,0.0,0.0,1,0.002015987003687769
email-Eu-core,labelprop,baseline,1.0,,102,1.0,16064,0.0,0.0,1,0.0018617440364323556
email-Eu-core,labelprop,dspar,0.8,200,300,0.801295,12872,0.11895117221977383,0.10068786846823363,2,0.0037073870189487934
email-Eu-core,labelprop,dspar,0.8,200,301,0.801295,12872,0.11431304683374788,0.09668401027054623,2,0.006505977013148367
email-Eu-core,labelprop,dspar,0.8,200,302,0.801295,12872,0.11431304683374788,0.09668401027054623,2,0.00273725000442937
email-Eu-core,labelprop,dspar,0.8,201,300,0.802104,12885,0.1155962817852743,0.09625851479230003,2,0.00871730997459963
email-Eu-core,labelprop,dspar,0.8,201,301,0.802104,12885,0.11624287806721015,0.09679034538824285,2,0.0018578649614937603
email-Eu-core,labelprop,dspar,0.8,201,302,0.802104,12885,0.11611360699685255,0.09668401027054623,2,0.005206094007007778
email-Eu-core,labelprop,dspar,0.5,200,300,0.499938,8031,0.15746338808118407,0.11145935237821121,3,0.0054150299984030426
email-Eu-core,labelprop,dspar,0.5,200,301,0.499938,8031,0.1334616990713716,0.09715160771257597,2,0.003851545974612236
email-Eu-core,labelprop,dspar,0.5,200,302,0.499938,8031,0.13447849116487812,0.09768246951189255,2,0.0035554690402932465
email-Eu-core,labelprop,dspar,0.5,201,300,0.502677,8075,0.19670587468489092,0.1369226913777906,4,0.002938446996267885
email-Eu-core,labelprop,dspar,0.5,201,301,0.502677,8075,0.2758578343509476,0.20083789980144162,5,0.0026285109925083816
email-Eu-core,labelprop,dspar,0.5,201,302,0.502677,8075,0.3859446788524763,0.2962154548824126,7,0.0038305939524434507
email-Eu-core,labelprop,lspar,0.5,,300,0.502054,8065,0.5766729790384926,0.32431911539288577,14,0.0017242840258404613
email-Eu-core,labelprop,lspar,0.5,,301,0.502054,8065,0.45956340474500235,0.2630575068066877,11,0.002495783963240683
email-Eu-core,labelprop,lspar,0.5,,302,0.502054,8065,0.5733679815540889,0.3339872523259799,11,0.00209060194902122
wiki-Vote,infomap,baseline,1.0,,100,1.0,100736,0.27053621901729596,0.27053621901729596,99,0.3004039680236019
wiki-Vote,infomap,baseline,1.0,,101,1.0,100736,0.3906262143095848,0.3906262143095848,84,0.2612496090005152
wiki-Vote,infomap,baseline,1.0,,102,1.0,100736,0.3992045561326046,0.3992045561326046,58,0.24868326797150075
wiki-Vote,infomap,dspar,0.8,200,300,0.800171,80606,0.44020481255009436,0.4061360417879525,77,0.21419376402627677
wiki-Vote,infomap,dspar,0.8,200,301,0.800171,80606,0.4393681470563388,0.40951081516373705,68,0.22942285600584
wiki-Vote,infomap,dspar,0.8,200,302,0.800171,80606,0.45000747350383286,0.4176056719270285,64,0.2244950360036455
wiki-Vote,infomap,dspar,0.8,201,300,0.798017,80389,0.42596640411649245,0.3942442968445855,67,0.21460565098095685
wiki-Vote,infomap,dspar,0.8,201,301,0.798017,80389,0.4338096518373932,0.40240917514777114,84,0.22973530396120623
wiki-Vote,infomap,dspar,0.8,201,302,0.798017,80389,0.45331718004763033,0.4179043373927836,80,0.2235132220084779
wiki-Vote,infomap,dspar,0.5,200,300,0.498829,50250,0.47343478428751756,0.38454750085313977,93,0.3602026649750769
wiki-Vote,infomap,dspar,0.5,200,301,0.498829,50250,0.47707817687680976,0.3959269060409478,88,0.3011147979996167
wiki-Vote,infomap,dspar,0.5,200,302,0.498829,50250,0.476706049850251,0.392368886672537,100,0.26765706902369857
wiki-Vote,infomap,dspar,0.5,201,300,0.499772,50345,0.47964646363372115,0.395470137910771,87,0.23351626499788836
wiki-Vote,infomap,dspar,0.5,201,301,0.499772,50345,0.4762782278492525,0.38728876618421965,96,0.24739684601081535
wiki-Vote,infomap,dspar,0.5,201,302,0.499772,50345,0.47533946388649084,0.3930446018420217,93,0.2610315920319408
wiki-Vote,infomap,lspar,0.5,,300,0.501767,50546,0.5515325118741444,0.38445168194789686,116,0.1615303049911745
wiki-Vote,infomap,lspar,0.5,,301,0.501767,50546,0.5518708801615474,0.3816339358072682,119,0.16432389098918065
wiki-Vote,infomap,lspar,0.5,,302,0.501767,50546,0.548905013361401,0.37878106362473984,127,0.1991849630139768
wiki-Vote,louvain,baseline,1.0,,100,1.0,100736,0.42749861722534727,0.42749861722534727,6,0.0710943040321581
wiki-Vote,louvain,baseline,1.0,,101,1.0,100736,0.4176793788189069,0.4176793788189069,15,0.09187456400832161
wiki-Vote,louvain,baseline,1.0,,102,1.0,100736,0.4261974678765021,0.4261974678765021,7,0.046705805987585336
wiki-Vote,louvain,dspar,0.8,200,300,0.800171,80606,0.4606521872434747,0.4264673202813064,6,0.04428775899577886
wiki-Vote,louvain,dspar,0.8,200,301,0.800171,80606,0.45877291949898646,0.4233818964561867,7,0.05420703801792115
wiki-Vote,louvain,dspar,0.8,200,302,0.800171,80606,0.4538931665100453,0.41961946485871604,8,0.09697863698238507
wiki-Vote,louvain,dspar,0.8,201,300,0.798017,80389,0.4604912271142856,0.4241296230664324,7,0.04294553102226928
wiki-Vote,louvain,dspar,0.8,201,301,0.798017,80389,0.4552853382522669,0.4198074981233736,6,0.05069762404309586
wiki-Vote,louvain,dspar,0.8,201,302,0.798017,80389,0.4561379737901514,0.4194578039149174,7,0.06669243500800803
wiki-Vote,louvain,dspar,0.5,200,300,0.498829,50250,0.4717195722878145,0.41051225137530356,17,0.03718412294983864
wiki-Vote,louvain,dspar,0.5,200,301,0.498829,50250,0.4827668693349173,0.40423664972837714,9,0.04465189098846167
wiki-Vote,louvain,dspar,0.5,200,302,0.498829,50250,0.4974032710081434,0.41507025742094733,8,0.041995990031864494
wiki-Vote,louvain,dspar,0.5,201,300,0.499772,50345,0.4829988832345327,0.4100927838102513,12,0.04061606404138729
wiki-Vote,louvain,dspar,0.5,201,301,0.499772,50345,0.4798926763756934,0.4102405351075267,18,0.042697225988376886
wiki-Vote,louvain,dspar,0.5,201,302,0.499772,50345,0.48365281089926326,0.41039229246853715,8,0.061398890044074506
wiki-Vote,louvain,lspar,0.5,,300,0.501767,50546,0.5815653656382437,0.4149616825248763,9,0.028170039993710816
wiki-Vote,louvain,lspar,0.5,,301,0.501767,50546,0.5728013627373938,0.41103854595985173,8,0.027500861033331603
wiki-Vote,louvain,lspar,0.5,,302,0.501767,50546,0.5728791153486451,0.40301838842745413,7,0.026809883944224566
wiki-Vote,labelprop,baseline,1.0,,100,1.0,100736,7.941151087019036e-05,7.941151087019036e-05,2,0.017232779995538294
wiki-Vote,labelprop,baseline,1.0,,101,1.0,100736,7.941151087019036e-05,7.941151087019036e-05,2,0.05283830198459327
wiki-Vote,labelprop,baseline,1.0,,102,1.0,100736,7.941151087019036e-05,7.941151087019036e-05,2,0.01709880103589967
wiki-Vote,labelprop,dspar,0.8,200,300,0.800171,80606,0.00014885982572058118,0.0001191152707874039,4,0.010903232963755727
wiki-Vote,labelprop,dspar,0.8,200,301,0.800171,80606,0.00014885982572058118,0.0001191152707874039,4,0.01326454698573798
wiki-Vote,labelprop,dspar,0.8,200,302,0.800171,80606,0.3572738839654158,0.3390995705336487,5,0.02906542900018394
wiki-Vote,labelprop,dspar,0.8,201,300,0.798017,80389,0.00012438607631012254,9.926361255282516e-05,3,0.014373262994922698
wiki-Vote,labelprop,dspar,0.8,201,301,0.798017,80389,9.950983591935611e-05,7.941151087019036e-05,2,0.06367259402759373
wiki-Vote,labelprop,dspar,0.8,201,302,0.798017,80389,9.950983591935611e-05,7.941151087019036e-05,2,0.019323389045894146
wiki-Vote,labelprop,dspar,0.5,200,300,0.498829,50250,0.37923651770995775,0.3384320124007224,3,0.059089095040690154
wiki-Vote,labelprop,dspar,0.5,200,301,0.498829,50250,0.00015918794089248624,7.941151087019036e-05,2,0.06339061603648588
wiki-Vote,labelprop,dspar,0.5,200,302,0.498829,50250,0.38026838523798906,0.3355693429644821,3,0.029566856974270195
wiki-Vote,labelprop,dspar,0.5,201,300,0.499772,50345,0.29205376121565246,0.2531063219230762,3,0.02463886799523607
wiki-Vote,labelprop,dspar,0.5,201,301,0.499772,50345,0.00015888758666595483,7.941151087019036e-05,2,0.06182012800127268
wiki-Vote,labelprop,dspar,0.5,201,302,0.499772,50345,0.3815902602956277,0.3372904224443515,3,0.04790092195617035
wiki-Vote,labelprop,lspar,0.5,,300,0.501767,50546,0.5225551692801825,0.38837784583672547,11,0.04719803499756381
wiki-Vote,labelprop,lspar,0.5,,301,0.501767,50546,0.3066545401922399,0.22384909175362586,9,0.0256439580116421
wiki-Vote,labelprop,lspar,0.5,,302,0.501767,50546,0.07085285803232394,0.04730971617943712,4,0.03387465397827327
ca-HepTh,infomap,baseline,1.0,,100,1.0,24806,0.6771243950044984,0.6771243950044984,569,0.33588840800803155
ca-HepTh,infomap,baseline,1.0,,101,1.0,24806,0.678283931587761,0.678283931587761,560,0.2566605969914235
ca-HepTh,infomap,baseline,1.0,,102,1.0,24806,0.6788867282936649,0.6788867282936649,578,0.23957208095816895
ca-HepTh,infomap,dspar,0.8,200,300,0.800653,19861,0.7127882129574552,0.6316563740950807,640,0.2296303100301884
ca-HepTh,infomap,dspar,0.8,200,301,0.800653,19861,0.7095378892060747,0.6294199709897131,642,0.23097921296721324
ca-HepTh,infomap,dspar,0.8,200,302,0.800653,19861,0.7129672593032763,0.6328178055730018,639,0.18066560302395374
ca-HepTh,infomap,dspar,0.8,201,300,0.800331,19853,0.7117286391348765,0.6319628781815625,639,0.20380132202990353
ca-HepTh,infomap,dspar,0.8,201,301,0.800331,19853,0.7118856448875968,0.6319656514557782,634,0.3026562429731712
ca-HepTh,infomap,dspar,0.8,201,302,0.800331,19853,0.7135943518208976,0.6336585407559866,630,0.22943542298162356
ca-HepTh,infomap,dspar,0.5,200,300,0.497541,12342,0.8122210486785336,0.5289889208076928,954,0.21226587297860533
ca-HepTh,infomap,dspar,0.5,200,301,0.497541,12342,0.8119848300111844,0.5283492061584175,957,0.18436789099359885
ca-HepTh,infomap,dspar,0.5,200,302,0.497541,12342,0.8112669240479828,0.5274560582866683,959,0.20638223696732894
ca-HepTh,infomap,dspar,0.5,201,300,0.500887,12425,0.8088294596553253,0.5241793401370902,948,0.22488280496327206
ca-HepTh,infomap,dspar,0.5,201,301,0.500887,12425,0.8094460201855085,0.5263988305763196,952,0.24714942404534668
ca-HepTh,infomap,dspar,0.5,201,302,0.500887,12425,0.8101706545105742,0.5266682152040456,941,0.19408591301180422
ca-HepTh,infomap,lspar,0.5,,300,0.500605,12418,0.884046661285661,0.5707958784760515,959,0.1906711719930172
ca-HepTh,infomap,lspar,0.5,,301,0.500605,12418,0.8838220083061968,0.5718151310998253,964,0.17361473402706906
ca-HepTh,infomap,lspar,0.5,,302,0.500605,12418,0.8832708747512172,0.5704287442609741,967,0.1783089530072175
ca-HepTh,louvain,baseline,1.0,,100,1.0,24806,0.7554214902596985,0.7554214902596985,51,0.03946384199662134
ca-HepTh,louvain,baseline,1.0,,101,1.0,24806,0.7556982066346416,0.7556982066346416,49,0.036852910998277366
ca-HepTh,louvain,baseline,1.0,,102,1.0,24806,0.7506227564796634,0.7506227564796634,50,0.036371929047163576
ca-HepTh,louvain,dspar,0.8,200,300,0.800653,19861,0.789302389180962,0.7290103103656087,58,0.02964963100384921
ca-HepTh,louvain,dspar,0.8,200,301,0.800653,19861,0.7903514580658114,0.7294138554853488,56,0.02920192200690508
ca-HepTh,louvain,dspar,0.8,200,302,0.800653,19861,0.7925429996367106,0.7361642941989657,60,0.031021798960864544
ca-HepTh,louvain,dspar,0.8,201,300,0.800331,19853,0.7908709227398522,0.7311456738199575,53,0.027321289002429694
ca-HepTh,louvain,dspar,0.8,201,301,0.800331,19853,0.7920834425273787,0.7328861686919472,58,0.029028125980403274
ca-HepTh,louvain,dspar,0.8,201,302,0.800331,19853,0.7940199165828241,0.7360007563392399,56,0.028823807020671666
ca-HepTh,louvain,dspar,0.5,200,300,0.497541,12342,0.8847525412840407,0.6284437646521595,224,0.024763083027210087
ca-HepTh,louvain,dspar,0.5,200,301,0.497541,12342,0.8852192835574872,0.6351868383035164,220,0.022040829993784428
ca-HepTh,louvain,dspar,0.5,200,302,0.497541,12342,0.884118928792263,0.6322101009924245,224,0.025153751019388437
ca-HepTh,louvain,dspar,0.5,201,300,0.500887,12425,0.8831646620163655,0.6313318392571063,226,0.02307156997267157
ca-HepTh,louvain,dspar,0.5,201,301,0.500887,12425,0.8835182718038629,0.6326024181300028,222,0.019840848981402814
ca-HepTh,louvain,dspar,0.5,201,302,0.500887,12425,0.8836394366197202,0.6346878325836709,224,0.02301105303922668
ca-HepTh,louvain,lspar,0.5,,300,0.500605,12418,0.9454542559376319,0.683751258471698,318,0.017092545982450247
ca-HepTh,louvain,lspar,0.5,,301,0.500605,12418,0.9456731017773239,0.685744381317186,322,0.020602550997864455
ca-HepTh,louvain,lspar,0.5,,302,0.500605,12418,0.9451366076618019,0.6852555285599328,320,0.01821893296437338
ca-HepTh,labelprop,baseline,1.0,,100,1.0,24806,0.6301717355055443,0.6301717355055443,541,0.09437802998581901
ca-HepTh,labelprop,baseline,1.0,,101,1.0,24806,0.6741572833032402,0.6741572833032402,603,0.11002873699180782
ca-HepTh,labelprop,baseline,1.0,,102,1.0,24806,0.6483026360831897,0.6483026360831897,560,0.08178389101522043
ca-HepTh,labelprop,dspar,0.8,200,300,0.800653,19861,0.6805519966404865,0.6050676168944709,837,0.0332805429934524
ca-HepTh,labelprop,dspar,0.8,200,301,0.800653,19861,0.6899393093565686,0.6148596459326559,795,0.04778607399202883
ca-HepTh,labelprop,dspar,0.8,200,302,0.800653,19861,0.6894300857451432,0.6158988233900209,796,0.047483641013968736
ca-HepTh,labelprop,dspar,0.8,201,300,0.800331,19853,0.6807477068476689,0.6042701392638327,826,0.033814749971497804
ca-HepTh,labelprop,dspar,0.8,201,301,0.800331,19853,0.6915189915916763,0.6174208146436181,789,0.05434107198379934
ca-HepTh,labelprop,dspar,0.8,201,302,0.800331,19853,0.687146375352622,0.6113329999532119,798,0.043396690976805985
ca-HepTh,labelprop,dspar,0.5,200,300,0.497541,12342,0.7823073078159427,0.5056569138572821,1170,0.04133730399189517
ca-HepTh,labelprop,dspar,0.5,200,301,0.497541,12342,0.7757271683976922,0.4841299460187774,1194,0.02782806195318699
ca-HepTh,labelprop,dspar,0.5,200,302,0.497541,12342,0.7771060395589544,0.4827102400737954,1185,0.03339016000973061
ca-HepTh,labelprop,dspar,0.5,201,300,0.500887,12425,0.7782702363071896,0.49067923743900776,1156,0.027084606990683824
ca-HepTh,labelprop,dspar,0.5,201,301,0.500887,12425,0.7790018825225089,0.4982218802556735,1162,0.030055250972509384
ca-HepTh,labelprop,dspar,0.5,201,302,0.500887,12425,0.7791283621244675,0.48814764598601895,1147,0.03697781200753525
ca-HepTh,labelprop,lspar,0.5,,300,0.500605,12418,0.850259525648176,0.5212731372732027,1169,0.021376862016040832
ca-HepTh,labelprop,lspar,0.5,,301,0.500605,12418,0.8503375151137992,0.521347283558641,1170,0.01942951901583001
ca-HepTh,labelprop,lspar,0.5,,302,0.500605,12418,0.8542881080853475,0.5311054905147957,1156,0.024160323024261743
ca-CondMat,infomap,baseline,1.0,,100,1.0,91286,0.6459860399798139,0.6459860399798139,1115,1.1822675430448726
ca-CondMat,infomap,baseline,1.0,,101,1.0,91286,0.6419487551091274,0.6419487551091274,1123,0.8555163710261695
ca-CondMat,infomap,baseline,1.0,,102,1.0,91286,0.6432220948585864,0.6432220948585864,1118,0.9216524540097453
ca-CondMat,infomap,dspar,0.8,200,300,0.800473,73072,0.6951400769197329,0.6124857638731221,1208,0.8175949080032296
ca-CondMat,infomap,dspar,0.8,200,301,0.800473,73072,0.6948464309877197,0.6113756046309361,1220,1.053054249030538
ca-CondMat,infomap,dspar,0.8,200,302,0.800473,73072,0.6956726998895633,0.6140828192937837,1216,1.0822607390000485
ca-CondMat,infomap,dspar,0.8,201,300,0.79986,73016,0.6950552851228772,0.6117064044917672,1215,1.0883714919909835
ca-CondMat,infomap,dspar,0.8,201,301,0.79986,73016,0.6954837866073657,0.6126226156899687,1218,0.8722811709740199
ca-CondMat,infomap,dspar,0.8,201,302,0.79986,73016,0.6944622018228991,0.6089005458469429,1216,0.9451406539883465
ca-CondMat,infomap,dspar,0.5,200,300,0.500624,45700,0.7575356118535438,0.5317344211642139,1608,1.0011026809806935
ca-CondMat,infomap,dspar,0.5,200,301,0.500624,45700,0.7579453981105994,0.5353904927869467,1600,0.8720746400067583
ca-CondMat,infomap,dspar,0.5,200,302,0.500624,45700,0.7575540881210857,0.5325878165583217,1602,0.9860899240011349
ca-CondMat,infomap,dspar,0.5,201,300,0.500022,45645,0.7596943585869149,0.5322183687520874,1588,0.6579382920172065
ca-CondMat,infomap,dspar,0.5,201,301,0.500022,45645,0.7581665194180467,0.5276865184992873,1614,0.7462807539850473
ca-CondMat,infomap,dspar,0.5,201,302,0.500022,45645,0.7584084254505689,0.5295893668020033,1607,0.7076577809639275
ca-CondMat,infomap,lspar,0.5,,300,0.497174,45385,0.8708484946383558,0.5534148870516927,1963,0.5999997180188075
ca-CondMat,infomap,lspar,0.5,,301,0.497174,45385,0.8698086510391109,0.5514056835023585,1962,0.4862673710449599
ca-CondMat,infomap,lspar,0.5,,302,0.497174,45385,0.8704396113847546,0.552958182396136,1970,0.652644858986605
ca-CondMat,louvain,baseline,1.0,,100,1.0,91286,0.7262320988899674,0.7262320988899674,52,0.1576140340184793
ca-CondMat,louvain,baseline,1.0,,101,1.0,91286,0.7226825004166774,0.7226825004166774,57,0.15489809797145426
ca-CondMat,louvain,baseline,1.0,,102,1.0,91286,0.7235309392121032,0.7235309392121032,55,0.15332834603032097
ca-CondMat,louvain,dspar,0.8,200,300,0.800473,73072,0.7697269896079055,0.7057717841783709,65,0.12101669702678919
ca-CondMat,louvain,dspar,0.8,200,301,0.800473,73072,0.769431067627406,0.7059203002745119,67,0.13618275994667783
ca-CondMat,louvain,dspar,0.8,200,302,0.800473,73072,0.7703470883707526,0.7053328257877401,68,0.10362546797841787
ca-CondMat,louvain,dspar,0.8,201,300,0.79986,73016,0.7689734250744664,0.7032388826293602,64,0.10676413599867374
ca-CondMat,louvain,dspar,0.8,201,301,0.79986,73016,0.770782336018537,0.7078791724586877,64,0.12533935502870008
ca-CondMat,louvain,dspar,0.8,201,302,0.79986,73016,0.7713855718388963,0.7071718990433932,65,0.1248994679772295
ca-CondMat,louvain,dspar,0.5,200,300,0.500624,45700,0.8316062669680011,0.6532470321204955,124,0.07935934595298022
ca-CondMat,louvain,dspar,0.5,200,301,0.500624,45700,0.8305887191224279,0.6492814853875407,122,0.08840070897713304
ca-CondMat,louvain,dspar,0.5,200,302,0.500624,45700,0.8305528192617635,0.647578215843637,126,0.07434192800428718
ca-CondMat,louvain,dspar,0.5,201,300,0.500022,45645,0.8313977510144424,0.6433623381966399,130,0.0785722199943848
ca-CondMat,louvain,dspar,0.5,201,301,0.500022,45645,0.8316607915408651,0.6432213725612915,129,0.08396660297876224
ca-CondMat,louvain,dspar,0.5,201,302,0.500022,45645,0.8318743213007277,0.6446826440706771,127,0.08836396801052615
ca-CondMat,louvain,lspar,0.5,,300,0.497174,45385,0.9282848398900866,0.6613278198107534,501,0.058636684028897434
ca-CondMat,louvain,lspar,0.5,,301,0.497174,45385,0.9284415098474083,0.6607810613389058,507,0.05281046300660819
ca-CondMat,louvain,lspar,0.5,,302,0.497174,45385,0.9283790877138027,0.6619362752399023,511,0.054478988982737064
ca-CondMat,labelprop,baseline,1.0,,100,1.0,91286,0.6274508251637304,0.6274508251637304,1539,0.19341882196022198
ca-CondMat,labelprop,baseline,1.0,,101,1.0,91286,0.6205954952964211,0.6205954952964211,1564,0.16686831699917093
ca-CondMat,labelprop,baseline,1.0,,102,1.0,91286,0.6274214927413805,0.6274214927413805,1526,0.1709151180111803
ca-CondMat,labelprop,dspar,0.8,200,300,0.800473,73072,0.6543620659129628,0.5767420844493045,1754,0.15669083397369832
ca-CondMat,labelprop,dspar,0.8,200,301,0.800473,73072,0.6572451867026357,0.5821157007377513,1771,0.16496061196085066
ca-CondMat,labelprop,dspar,0.8,200,302,0.800473,73072,0.6557756024257072,0.5755618894901504,1729,0.2247011210420169
ca-CondMat,labelprop,dspar,0.8,201,300,0.79986,73016,0.6616317404534803,0.5846306572970794,1733,0.20242626598337665
ca-CondMat,labelprop,dspar,0.8,201,301,0.79986,73016,0.6574421687537307,0.5780977078289995,1753,0.1584315100335516
ca-CondMat,labelprop,dspar,0.8,201,302,0.79986,73016,0.6539793524702481,0.5740406639451934,1784,0.19264655601000413
ca-CondMat,labelprop,dspar,0.5,200,300,0.500624,45700,0.7145365050826339,0.4855950579411536,2226,0.14827306603547186
ca-CondMat,labelprop,dspar,0.5,200,301,0.500624,45700,0.7160405390976388,0.4869478207523546,2192,0.19105905498145148
ca-CondMat,labelprop,dspar,0.5,200,302,0.500624,45700,0.7177186756939348,0.49275505500356037,2205,0.15773779700975865
ca-CondMat,labelprop,dspar,0.5,201,300,0.500022,45645,0.7161030336455866,0.4833344603723207,2229,0.1316989249899052
ca-CondMat,labelprop,dspar,0.5,201,301,0.500022,45645,0.7167323018862312,0.48554745016121026,2238,0.12739130400586873
ca-CondMat,labelprop,dspar,0.5,201,302,0.500022,45645,0.7182830723145627,0.48836494242459894,2206,0.1641518630203791
ca-CondMat,labelprop,lspar,0.5,,300,0.497174,45385,0.8347150614716212,0.5110149621075315,2511,0.08576011197874323
ca-CondMat,labelprop,lspar,0.5,,301,0.497174,45385,0.8333718512647087,0.5085797341372643,2531,0.10531004704535007
ca-CondMat,labelprop,lspar,0.5,,302,0.497174,45385,0.8317042903559195,0.5072129190495911,2536,0.06438418995821849
email-Enron,infomap,baseline,1.0,,100,1.0,180811,0.5304353214842447,0.5304353214842447,1217,1.2437878489727154
email-Enron,infomap,baseline,1.0,,101,1.0,180811,0.5362590162897451,0.5362590162897451,1205,1.2961622109869495
email-Enron,infomap,baseline,1.0,,102,1.0,180811,0.5266551833027531,0.5266551833027531,1255,1.4679785610060208
email-Enron,infomap,dspar,0.8,200,300,0.799913,144633,0.5623154597705754,0.4848592550090582,1090,1.4289343440323137
email-Enron,infomap,dspar,0.8,200,301,0.799913,144633,0.5645596494896793,0.4875678026926876,1075,1.6089272089884616
email-Enron,infomap,dspar,0.8,200,302,0.799913,144633,0.5653039282455323,0.48829697111546233,1080,1.4756307440111414
email-Enron,infomap,dspar,0.8,201,300,0.798298,144341,0.5670039322932718,0.4900854799157972,1087,1.708578502992168
email-Enron,infomap,dspar,0.8,201,301,0.798298,144341,0.5636691929677753,0.4857035459812757,1066,1.4837623340426944
email-Enron,infomap,dspar,0.8,201,302,0.798298,144341,0.557378227288629,0.47735398831264403,1093,1.1999361250200309
email-Enron,infomap,dspar,0.5,200,300,0.500014,90408,0.6343734770370274,0.36445667244157215,1436,1.1308542789774947
email-Enron,infomap,dspar,0.5,200,301,0.500014,90408,0.6317965519559441,0.3584881799468686,1431,1.1036262820125557
email-Enron,infomap,dspar,0.5,200,302,0.500014,90408,0.6343871386930563,0.36381360293641923,1456,1.1874912650091574
email-Enron,infomap,dspar,0.5,201,300,0.500257,90452,0.6307331260572158,0.36237610776851553,1440,1.1519329120055772
email-Enron,infomap,dspar,0.5,201,301,0.500257,90452,0.6341464377983893,0.3675424923003825,1441,1.147802933002822
email-Enron,infomap,dspar,0.5,201,302,0.500257,90452,0.6310811576675781,0.3627841340732262,1438,1.1755622919881716
email-Enron,infomap,lspar,0.5,,300,0.505401,91382,0.6881940245875711,0.40547716833592623,1566,0.8846423569484614
email-Enron,infomap,lspar,0.5,,301,0.505401,91382,0.6880810362874007,0.4066957367246667,1570,1.103400711028371
email-Enron,infomap,lspar,0.5,,302,0.505401,91382,0.6873672912161368,0.405783934196207,1576,1.0738405360025354
email-Enron,louvain,baseline,1.0,,100,1.0,180811,0.6017147062795162,0.6017147062795162,167,0.30378888198174536
email-Enron,louvain,baseline,1.0,,101,1.0,180811,0.61021583861073,0.61021583861073,171,0.20441275602206588
email-Enron,louvain,baseline,1.0,,102,1.0,180811,0.6066594563873108,0.6066594563873108,176,0.3438907550298609
email-Enron,louvain,dspar,0.8,200,300,0.799913,144633,0.6618350239333983,0.5976783380808561,122,0.29313460999401286
email-Enron,louvain,dspar,0.8,200,301,0.799913,144633,0.6704891551614757,0.6082426689780462,127,0.30601815303089097
email-Enron,louvain,dspar,0.8,200,302,0.799913,144633,0.6684433473241238,0.6049726671105812,131,0.3113482790067792
email-Enron,louvain,dspar,0.8,201,300,0.798298,144341,0.6630702534038202,0.5959830366836726,115,0.3259770900476724
email-Enron,louvain,dspar,0.8,201,301,0.798298,144341,0.6632647591360599,0.5978284097129863,121,0.2942757459823042
email-Enron,louvain,dspar,0.8,201,302,0.798298,144341,0.6616185717657658,0.595999047133018,130,0.306042936979793
email-Enron,louvain,dspar,0.5,200,300,0.500014,90408,0.7587636827531999,0.5635306106939814,72,0.16685078100999817
email-Enron,louvain,dspar,0.5,200,301,0.500014,90408,0.7605632673753355,0.5645414299799134,83,0.18388890399364755
email-Enron,louvain,dspar,0.5,200,302,0.500014,90408,0.7580018742385102,0.5561552668454794,72,0.18287396302912384
email-Enron,louvain,dspar,0.5,201,300,0.500257,90452,0.7591358956823767,0.566120194441067,81,0.20524852100061253
email-Enron,louvain,dspar,0.5,201,301,0.500257,90452,0.7589759756534699,0.563696515395963,76,0.22524084901669994
email-Enron,louvain,dspar,0.5,201,302,0.500257,90452,0.7604789312061127,0.5706733948079008,81,0.18461408402072266
email-Enron,louvain,lspar,0.5,,300,0.505401,91382,0.7982110386548612,0.5758296014304057,366,0.17052593198604882
email-Enron,louvain,lspar,0.5,,301,0.505401,91382,0.7981074460080578,0.57997886650785,361,0.16879514895845205
email-Enron,louvain,lspar,0.5,,302,0.505401,91382,0.7956487770405555,0.5772151303405272,376,0.1879985110135749
email-Enron,labelprop,baseline,1.0,,100,1.0,180811,0.30745756344079067,0.30745756344079067,895,0.19589058397104964
email-Enron,labelprop,baseline,1.0,,101,1.0,180811,0.3029120523633906,0.3029120523633906,895,0.2459867520374246
email-Enron,labelprop,baseline,1.0,,102,1.0,180811,0.3188679128867562,0.3188679128867562,898,0.17106634395895526
email-Enron,labelprop,dspar,0.8,200,300,0.799913,144633,0.4057009015937191,0.35441179352417596,936,0.6961845409823582
email-Enron,labelprop,dspar,0.8,200,301,0.799913,144633,0.2717150187118869,0.22225553470539847,929,0.28987165295984596
email-Enron,labelprop,dspar,0.8,200,302,0.799913,144633,0.3638993098364714,0.3162336963264635,919,0.2627638059784658
email-Enron,labelprop,dspar,0.8,201,300,0.798298,144341,0.3744057177373162,0.3248375102639231,940,0.29460473597282544
email-Enron,labelprop,dspar,0.8,201,301,0.798298,144341,0.3859753713410971,0.33774916965144475,925,0.29755398095585406
email-Enron,labelprop,dspar,0.8,201,302,0.798298,144341,0.3799277755419424,0.3285607843234925,967,0.27171603695023805
email-Enron,labelprop,dspar,0.5,200,300,0.500014,90408,0.6813064815423916,0.49408150244647236,1400,0.5972508690319955
email-Enron,labelprop,dspar,0.5,200,301,0.500014,90408,0.6423611124569063,0.4491207438879491,1252,0.6742891349713318
email-Enron,labelprop,dspar,0.5,200,302,0.500014,90408,0.6438161474591879,0.45245707765696264,1208,0.6292854960192926
email-Enron,labelprop,dspar,0.5,201,300,0.500257,90452,0.5947327832675102,0.4013848691159046,1206,0.7918107769801281
email-Enron,labelprop,dspar,0.5,201,301,0.500257,90452,0.6783608469332186,0.48590777566569154,1379,1.089792160957586
email-Enron,labelprop,dspar,0.5,201,302,0.500257,90452,0.6313513960251619,0.44354270004464846,1243,0.612915780977346
email-Enron,labelprop,lspar,0.5,,300,0.505401,91382,0.7139702249354503,0.46881572343944583,1816,0.5433308909996413
email-Enron,labelprop,lspar,0.5,,301,0.505401,91382,0.721029782376532,0.48091969999699774,1806,0.44281666504684836
email-Enron,labelprop,lspar,0.5,,302,0.505401,91382,0.7111470766474023,0.45785460097571024,1856,0.36208116298075765
com-DBLP,infomap,baseline,1.0,,100,1.0,1049866,0.730548991838175,0.730548991838175,14273,21.564999630034436
com-DBLP,infomap,baseline,1.0,,101,1.0,1049866,0.7300964820040312,0.7300964820040312,14306,21.95144713600166
com-DBLP,infomap,baseline,1.0,,102,1.0,1049866,0.730710933693526,0.730710933693526,14318,18.12806575302966
com-DBLP,infomap,dspar,0.8,200,300,0.799992,839884,0.7738723125567276,0.6973977319200044,15552,19.63573533599265
com-DBLP,infomap,dspar,0.8,200,301,0.799992,839884,0.7737553670156705,0.6970529430234982,15584,22.022930510982405
com-DBLP,infomap,dspar,0.8,200,302,0.799992,839884,0.774237505452679,0.6977208775389424,15515,21.706361577031203
com-DBLP,infomap,dspar,0.8,201,300,0.799383,839245,0.7743907527703068,0.697016636111829,15549,22.178354373027105
com-DBLP,infomap,dspar,0.8,201,301,0.799383,839245,0.7745406552282526,0.6974528644731295,15492,18.895755689998623
com-DBLP,infomap,dspar,0.8,201,302,0.799383,839245,0.7746192256270764,0.6976124006242463,15469,18.761630658991635
com-DBLP,infomap,dspar,0.5,200,300,0.499588,524500,0.8396536846313915,0.5974760963871065,23185,16.472753681009635
com-DBLP,infomap,dspar,0.5,200,301,0.499588,524500,0.8398098346276216,0.5989674262015551,23164,13.418884975020774
com-DBLP,infomap,dspar,0.5,200,302,0.499588,524500,0.8396576015962162,0.5971617962198212,23174,16.68472096399637
com-DBLP,infomap,dspar,0.5,201,300,0.500183,525125,0.8393798142403036,0.5969050488410433,23137,13.499027073965408
com-DBLP,infomap,dspar,0.5,201,301,0.500183,525125,0.8397297241119163,0.5974957552911027,23090,16.510972735006362
com-DBLP,infomap,dspar,0.5,201,302,0.500183,525125,0.839568232029774,0.5978807501415689,23100,16.327407089003827
com-DBLP,infomap,lspar,0.5,,300,0.503042,528127,0.9122383155204409,0.6088393671905812,29594,9.857303012977354
com-DBLP,infomap,lspar,0.5,,301,0.503042,528127,0.9120737289433452,0.6084263077910421,29608,9.957995278993621
com-DBLP,infomap,lspar,0.5,,302,0.503042,528127,0.9121664666480351,0.6085701363863083,29614,9.834745315019973
com-DBLP,louvain,baseline,1.0,,100,1.0,1049866,0.8208458990819893,0.8208458990819893,202,5.191728896985296
com-DBLP,louvain,baseline,1.0,,101,1.0,1049866,0.8212744594558619,0.8212744594558619,240,5.963566815014929
com-DBLP,louvain,baseline,1.0,,102,1.0,1049866,0.821327320623374,0.821327320623374,219,4.971579445002135
com-DBLP,louvain,dspar,0.8,200,300,0.799992,839884,0.8525562023359058,0.8059038364383356,195,3.290776754030958
com-DBLP,louvain,dspar,0.8,200,301,0.799992,839884,0.8522609203034666,0.8053544378084847,198,2.836487610009499
com-DBLP,louvain,dspar,0.8,200,302,0.799992,839884,0.8526432450090986,0.8053924638514293,200,2.746575416007545
com-DBLP,louvain,dspar,0.8,201,300,0.799383,839245,0.8527144385562889,0.8053691749025929,200,3.7836633659899235
com-DBLP,louvain,dspar,0.8,201,301,0.799383,839245,0.8521438323897618,0.8035922256389961,209,3.164591750013642
com-DBLP,louvain,dspar,0.8,201,302,0.799383,839245,0.8524510516631504,0.8050900611596494,207,2.9222205829573795
com-DBLP,louvain,dspar,0.5,200,300,0.499588,524500,0.9083804947759748,0.7343352081250096,3068,2.219363109965343
com-DBLP,louvain,dspar,0.5,200,301,0.499588,524500,0.9083615380193019,0.7345114522405923,3069,1.9974777470342815
com-DBLP,louvain,dspar,0.5,200,302,0.499588,524500,0.9083561504978455,0.735145131883289,3073,1.755409095028881
com-DBLP,louvain,dspar,0.5,201,300,0.500183,525125,0.9083877621810015,0.7357011249281482,3081,2.0461767240194604
com-DBLP,louvain,dspar,0.5,201,301,0.500183,525125,0.9080859439310657,0.7330301603835101,3089,2.095528755977284
com-DBLP,louvain,dspar,0.5,201,302,0.500183,525125,0.9078153900967555,0.7327862340510937,3072,1.8655790879856795
com-DBLP,louvain,lspar,0.5,,300,0.503042,528127,0.9638030520202672,0.7226365252126855,10946,1.3592811760026962
com-DBLP,louvain,lspar,0.5,,301,0.503042,528127,0.9638596047409727,0.7240385512103644,10944,1.5668202300439589
com-DBLP,louvain,lspar,0.5,,302,0.503042,528127,0.9638533580996672,0.7225639044860018,10951,1.350208104995545
com-DBLP,labelprop,baseline,1.0,,100,1.0,1049866,0.6857763206452225,0.6857763206452225,24643,14.76545362797333
com-DBLP,labelprop,baseline,1.0,,101,1.0,1049866,0.6786564582076071,0.6786564582076071,20884,54.595120435988065
com-DBLP,labelprop,baseline,1.0,,102,1.0,1049866,0.6928298906986838,0.6928298906986838,24254,27.680529873992782
com-DBLP,labelprop,dspar,0.8,200,300,0.799992,839884,0.7053175284398248,0.6319405521304097,28086,14.513483960006852
com-DBLP,labelprop,dspar,0.8,200,301,0.799992,839884,0.7061848208452655,0.6337495345509675,27891,12.007937595015392
com-DBLP,labelprop,dspar,0.8,200,302,0.799992,839884,0.7057320626920428,0.6329660233038067,27937,9.994832047028467
com-DBLP,labelprop,dspar,0.8,201,300,0.799383,839245,0.7077386660157741,0.6356874098033978,27763,14.292490840016399
com-DBLP,labelprop,dspar,0.8,201,301,0.799383,839245,0.7065636653602225,0.632318107736179,27848,14.3374716140097
com-DBLP,labelprop,dspar,0.8,201,302,0.799383,839245,0.7059746695764891,0.6319465132781246,27936,11.98848825902678
com-DBLP,labelprop,dspar,0.5,200,300,0.499588,524500,0.7783129235815198,0.5210545595329319,37319,9.829619196010754
com-DBLP,labelprop,dspar,0.5,200,301,0.499588,524500,0.7786630997809098,0.5247872360868209,37225,10.998318559024483
com-DBLP,labelprop,dspar,0.5,200,302,0.499588,524500,0.7778720648763762,0.5238043011328484,37374,11.280703306023497
com-DBLP,labelprop,dspar,0.5,201,300,0.500183,525125,0.7789341135061587,0.5195848349019778,37188,12.429947376949713
com-DBLP,labelprop,dspar,0.5,201,301,0.500183,525125,0.7778891529923981,0.5210364041523442,37317,10.31620782596292
com-DBLP,labelprop,dspar,0.5,201,302,0.500183,525125,0.7778452172382221,0.5175049482319043,37318,10.875532103993464
com-DBLP,labelprop,lspar,0.5,,300,0.503042,528127,0.8693982451272164,0.5516547581405845,39599,6.276708782999776
com-DBLP,labelprop,lspar,0.5,,301,0.503042,528127,0.8700532986037595,0.5530646967087375,39507,8.531555371009745
com-DBLP,labelprop,lspar,0.5,,302,0.503042,528127,0.8699070232871468,0.5536335391486974,39560,7.420613466005307
com-Amazon,infomap,baseline,1.0,,100,1.0,925872,0.83259535472681,0.83259535472681,15383,21.245604043011554
com-Amazon,infomap,baseline,1.0,,101,1.0,925872,0.8328196134602386,0.8328196134602386,15388,24.139334598032292
com-Amazon,infomap,baseline,1.0,,102,1.0,925872,0.8325392315024517,0.8325392315024517,15354,22.141463726991788
com-Amazon,infomap,dspar,0.8,200,300,0.800266,740944,0.8325086179260532,0.8009740698946953,17125,24.646942276041955
com-Amazon,infomap,dspar,0.8,200,301,0.800266,740944,0.8317403407785124,0.7999036269629036,17225,30.028815475990996
com-Amazon,infomap,dspar,0.8,200,302,0.800266,740944,0.832332510254365,0.8007850543996095,17148,23.371838733030017
com-Amazon,infomap,dspar,0.8,201,300,0.799548,740279,0.8323193694218248,0.8005838358089101,17186,24.14272882998921
com-Amazon,infomap,dspar,0.8,201,301,0.799548,740279,0.8322196262529352,0.8002624188414877,17202,27.08602649200475
com-Amazon,infomap,dspar,0.8,201,302,0.799548,740279,0.8322219604037773,0.8001700929975154,17186,26.72977744799573
com-Amazon,infomap,dspar,0.5,200,300,0.500018,462953,0.8683462430902023,0.6662464898624252,31321,21.466649979993235
com-Amazon,infomap,dspar,0.5,200,301,0.500018,462953,0.8686114120866493,0.6670269042858479,31286,21.002544606046285
com-Amazon,infomap,dspar,0.5,200,302,0.500018,462953,0.8683117243176616,0.6663212087849876,31271,17.575563793012407
com-Amazon,infomap,dspar,0.5,201,300,0.499861,462807,0.8669403638341636,0.6628595069799553,31645,19.322085563035216
com-Amazon,infomap,dspar,0.5,201,301,0.499861,462807,0.8673266589981523,0.6633136845342734,31594,16.9035660509835
com-Amazon,infomap,dspar,0.5,201,302,0.499861,462807,0.8672643877664459,0.663815184643194,31585,24.897508695023134
com-Amazon,infomap,lspar,0.5,,300,0.541769,501609,0.9146101176876091,0.7064127221671399,27947,13.656103094981518
com-Amazon,infomap,lspar,0.5,,301,0.541769,501609,0.914717843900142,0.706528397722121,27928,13.735887946968433
com-Amazon,infomap,lspar,0.5,,302,0.541769,501609,0.9146044717354251,0.70632567838886,27918,13.533971927012317
com-Amazon,louvain,baseline,1.0,,100,1.0,925872,0.9259752003127877,0.9259752003127877,231,2.851588072022423
com-Amazon,louvain,baseline,1.0,,101,1.0,925872,0.9259056134528141,0.9259056134528141,244,3.4489948760019615
com-Amazon,louvain,baseline,1.0,,102,1.0,925872,0.9258687111945618,0.9258687111945618,252,3.188893847982399
com-Amazon,louvain,dspar,0.8,200,300,0.800266,740944,0.9260990225746921,0.9179638919724357,366,3.2463603719952516
com-Amazon,louvain,dspar,0.8,200,301,0.800266,740944,0.9256260142591203,0.9171791162271767,367,3.70380495802965
com-Amazon,louvain,dspar,0.8,200,302,0.800266,740944,0.926366747405237,0.9183093431437955,366,3.965263592021074
com-Amazon,louvain,dspar,0.8,201,300,0.799548,740279,0.9257551991726561,0.9169219634031825,395,2.8766945900279097
com-Amazon,louvain,dspar,0.8,201,301,0.799548,740279,0.9258454315078286,0.9168869661598401,401,2.9952430080156773
com-Amazon,louvain,dspar,0.8,201,302,0.799548,740279,0.92579057123605,0.9170284120344487,420,3.2001807750202715
com-Amazon,louvain,dspar,0.5,200,300,0.500018,462953,0.9484488419751498,0.831550522051933,12039,3.206003808998503
com-Amazon,louvain,dspar,0.5,200,301,0.500018,462953,0.948656591830447,0.8317342254453587,12053,2.8943109220126644
com-Amazon,louvain,dspar,0.5,200,302,0.500018,462953,0.9485679399469585,0.8321096908650077,12042,2.8471063540200703
com-Amazon,louvain,dspar,0.5,201,300,0.499861,462807,0.948175834746361,0.8305155717428568,12350,3.499110505974386
com-Amazon,louvain,dspar,0.5,201,301,0.499861,462807,0.9479858185348784,0.8307214340778126,12355,3.1631795419962145
com-Amazon,louvain,dspar,0.5,201,302,0.499861,462807,0.9483627099685484,0.8314540181127454,12357,2.8988526379689574
com-Amazon,louvain,lspar,0.5,,300,0.541769,501609,0.9727353598179386,0.8504253464488533,8651,1.7922393710468896
com-Amazon,louvain,lspar,0.5,,301,0.541769,501609,0.9728019961047423,0.849690302791111,8662,1.6361640220275149
com-Amazon,louvain,lspar,0.5,,302,0.541769,501609,0.9727781477298462,0.8495457222917072,8653,1.5179428940173239
com-Amazon,labelprop,baseline,1.0,,100,1.0,925872,0.7845622029379078,0.7845622029379078,22482,14.457361289008986
com-Amazon,labelprop,baseline,1.0,,101,1.0,925872,0.7830345742252282,0.7830345742252282,22561,14.47236574901035
com-Amazon,labelprop,baseline,1.0,,102,1.0,925872,0.7842501134787626,0.7842501134787626,22396,18.160551163950004
com-Amazon,labelprop,dspar,0.8,200,300,0.800266,740944,0.7746444930801901,0.7282180674452156,26538,16.741832230007276
com-Amazon,labelprop,dspar,0.8,200,301,0.800266,740944,0.775796713509349,0.7296663627087105,26371,24.568895671982318
com-Amazon,labelprop,dspar,0.8,200,302,0.800266,740944,0.7765914693274958,0.7312250268662452,26365,18.880513291980606
com-Amazon,labelprop,dspar,0.8,201,300,0.799548,740279,0.7772299644369437,0.731630246730903,26395,19.964643195969984
com-Amazon,labelprop,dspar,0.8,201,301,0.799548,740279,0.775024332369348,0.7281456214775637,26520,17.546684138011187
com-Amazon,labelprop,dspar,0.8,201,302,0.799548,740279,0.7754964339354071,0.7290695996518003,26455,14.220967224042397
com-Amazon,labelprop,dspar,0.5,200,300,0.500018,462953,0.8177304628389604,0.5772068308806393,41659,14.194346998003311
com-Amazon,labelprop,dspar,0.5,200,301,0.500018,462953,0.8168757688015366,0.576344538579812,41766,14.902030400000513
com-Amazon,labelprop,dspar,0.5,200,302,0.500018,462953,0.81773228988957,0.5775594596807335,41650,17.676626409986056
com-Amazon,labelprop,dspar,0.5,201,300,0.499861,462807,0.8160184715131256,0.5745301906058214,41996,14.012007181008812
com-Amazon,labelprop,dspar,0.5,201,301,0.499861,462807,0.8147829670121404,0.5722690196312413,42241,10.277504489000421
com-Amazon,labelprop,dspar,0.5,201,302,0.499861,462807,0.8159325220147366,0.573393574670212,41971,13.854817539977375
com-Amazon,labelprop,lspar,0.5,,300,0.541769,501609,0.8747026734731846,0.6310247294147551,37539,14.080834800959565
com-Amazon,labelprop,lspar,0.5,,301,0.541769,501609,0.8747747536606837,0.6315671141685792,37586,11.385288104007486
com-Amazon,labelprop,lspar,0.5,,302,0.541769,501609,0.8742269495785642,0.6308060347716427,37621,11.623019480961375
