arm,mu,d_nom,lfr_seed,noise_pct,detector,sparsifier,target_ret,realized_ret,status,m_clean,m_noisy,n_added,d_avg_clean,d_avg_noisy,k_planted,m_sparse,AMI_base,ARI_base,Q_noisy_base,Q_clean_base,nc_base,AMI,ARI,Q_noisy_transfer,Q_clean_transfer,nc_sparse,cv_sparse,AMI_chance,dAMI,dARI,dQ_noisy,dQ_clean
C,0.5,25,1,0,leiden,lspar,0.5,0.49893,ok,118093,118093,0,23.6186,23.6186,91,58920,0.755248385781402,0.682987453073491,0.3798409949438528,0.3798409949438528,31.0,0.7670183161792669,0.7512901152381102,0.375600614022818,0.375600614022818,38.333333333333336,0.5305374022977937,-0.0004249143750768,0.0117699303978648,0.0683026621646192,-0.0042403809210347,-0.0042403809210347
C,0.5,25,1,0,metis,lspar,0.5,0.49893,ok,118093,118093,0,23.6186,23.6186,91,58920,0.5362535136266315,0.2986453079265616,0.2216168704870896,0.2216168704870896,91.0,0.573093696969486,0.3179694000619374,0.2189327538687661,0.2189327538687661,91.0,0.028151731740694,-0.0008590916844214,0.0368401833428544,0.0193240921353758,-0.0026841166183235,-0.0026841166183235
C,0.5,25,1,0,leiden,lspar,0.2,0.19936,ok,118093,118093,0,23.6186,23.6186,91,23543,0.755248385781402,0.682987453073491,0.3798409949438528,0.3798409949438528,31.0,0.6962219793243203,0.6891913925445087,0.3557210521676465,0.3557210521676465,49.66666666666666,0.6535308875627153,-0.0007734720187478,-0.0590264064570816,0.0062039394710177,-0.0241199427762062,-0.0241199427762062
C,0.5,25,1,0,metis,lspar,0.2,0.19936,ok,118093,118093,0,23.6186,23.6186,91,23543,0.5362535136266315,0.2986453079265616,0.2216168704870896,0.2216168704870896,91.0,0.5576563980450334,0.2900923573664943,0.1963635143449525,0.1963635143449525,91.0,0.0201663085367649,0.0005402245725152,0.0214028844184018,-0.0085529505600672,-0.025253356142137,-0.025253356142137
C,0.5,25,1,0,leiden,dspar,0.5,0.50111,ok,118093,118093,0,23.6186,23.6186,91,59177,0.755248385781402,0.682987453073491,0.3798409949438528,0.3798409949438528,31.0,0.3303590340235335,0.1916105471947697,0.2869209093987531,0.2869209093987531,16.0,0.6748216196734687,-6.381952682232605e-05,-0.4248893517578684,-0.4913769058787213,-0.0929200855450997,-0.0929200855450997
C,0.5,25,1,0,metis,dspar,0.5,0.50111,ok,118093,118093,0,23.6186,23.6186,91,59177,0.5362535136266315,0.2986453079265616,0.2216168704870896,0.2216168704870896,91.0,0.3883342048111315,0.2008647470327857,0.1870105761218619,0.1870105761218619,91.0,0.0211787629478211,-0.0003852999135043,-0.1479193088154999,-0.0977805608937758,-0.0346062943652277,-0.0346062943652277
C,0.5,25,1,0,leiden,dspar,0.2,0.19963,ok,118093,118093,0,23.6186,23.6186,91,23575,0.755248385781402,0.682987453073491,0.3798409949438528,0.3798409949438528,31.0,0.0809958714253635,0.0320874573641104,0.1162038272182311,0.1162038272182311,251.66666666666663,3.06441808329166,0.0008746439908188,-0.6742525143560384,-0.6508999957093805,-0.2636371677256217,-0.2636371677256217
C,0.5,25,1,0,metis,dspar,0.2,0.19963,ok,118093,118093,0,23.6186,23.6186,91,23575,0.5362535136266315,0.2986453079265616,0.2216168704870896,0.2216168704870896,91.0,0.1045194521895395,0.0233493522736776,0.096593976763623,0.096593976763623,91.0,0.0157588070614497,7.362387807666753e-05,-0.431734061437092,-0.2752959556528839,-0.1250228937234666,-0.1250228937234666
C,0.5,25,1,10,leiden,lspar,0.5,0.504,ok,118093,129902,11809,23.6186,25.9804,91,65471,0.7113394594426997,0.6137488071770415,0.3454465628848234,0.3741146665766703,28.33333333333333,0.7447250581318664,0.7181277738788202,0.3422672442158583,0.3723048203752283,36.0,0.5196051722025045,0.001132060915429,0.0333855986891666,0.1043789667017787,-0.003179318668965,-0.0018098462014419
C,0.5,25,1,10,metis,lspar,0.5,0.504,ok,118093,129902,11809,23.6186,25.9804,91,65471,0.5253481101415163,0.2941527199259978,0.2061621661841969,0.2157834823554958,91.0,0.5406887200727208,0.3031729657549027,0.2012720265811089,0.2122837740007089,91.0,0.0267936559655452,-0.0011671057338785,0.0153406099312045,0.0090202458289048,-0.0048901396030879,-0.0034997083547868
C,0.5,25,1,10,leiden,lspar,0.2,0.1975,ok,118093,129902,11809,23.6186,25.9804,91,25656,0.7113394594426997,0.6137488071770415,0.3454465628848234,0.3741146665766703,28.33333333333333,0.6616730479253815,0.6452597142428429,0.3206957176878706,0.3468884388685438,48.333333333333336,0.6398068257115387,-0.0008354624343556,-0.0496664115173182,0.0315109070658014,-0.0247508451969527,-0.0272262277081264
C,0.5,25,1,10,metis,lspar,0.2,0.1975,ok,118093,129902,11809,23.6186,25.9804,91,25656,0.5253481101415163,0.2941527199259978,0.2061621661841969,0.2157834823554958,91.0,0.5393034180366281,0.2830076867406373,0.1808669256639031,0.1915934471007833,91.0,0.0194309032214151,0.0017215342478716,0.0139553078951117,-0.0111450331853604,-0.0252952405202938,-0.0241900352547124
C,0.5,25,1,10,leiden,dspar,0.5,0.50272,ok,118093,129902,11809,23.6186,25.9804,91,65304,0.7113394594426997,0.6137488071770415,0.3454465628848234,0.3741146665766703,28.33333333333333,0.236527448039207,0.1097156991207339,0.2356045120248911,0.242121436926221,14.666666666666666,0.8425055636083679,0.0011474155678169,-0.4748120114034927,-0.5040331080563075,-0.1098420508599322,-0.1319932296504493
C,0.5,25,1,10,metis,dspar,0.5,0.50272,ok,118093,129902,11809,23.6186,25.9804,91,65304,0.5253481101415163,0.2941527199259978,0.2061621661841969,0.2157834823554958,91.0,0.3022709020542242,0.1440546287384281,0.1631179277641923,0.1624378142006082,91.0,0.0196173392691261,0.0005980703078437,-0.2230772080872921,-0.1500980911875697,-0.0430442384200046,-0.0533456681548875
C,0.5,25,1,10,leiden,dspar,0.2,0.20049,ok,118093,129902,11809,23.6186,25.9804,91,26044,0.7113394594426997,0.6137488071770415,0.3454465628848234,0.3741146665766703,28.33333333333333,0.0507204046625277,0.0172939713920507,0.1007438255995607,0.0939289437530696,140.66666666666666,2.485531069264265,0.0006552873052572,-0.660619054780172,-0.5964548357849908,-0.2447027372852626,-0.2801857228236006
C,0.5,25,1,10,metis,dspar,0.2,0.20049,ok,118093,129902,11809,23.6186,25.9804,91,26044,0.5253481101415163,0.2941527199259978,0.2061621661841969,0.2157834823554958,91.0,0.0777650171813693,0.0144993019723215,0.0883244046190598,0.0811753456569919,91.0,0.0161579701695479,-0.0019051449041093,-0.447583092960147,-0.2796534179536763,-0.117837761565137,-0.1346081366985038
C,0.5,25,1,25,leiden,lspar,0.5,0.49936,ok,118093,147616,29523,23.6186,29.5232,91,73714,0.6676986626369711,0.5763237887912753,0.306210129969806,0.3674969698858316,26.33333333333333,0.7226101183133312,0.6886341994824621,0.3022076741955025,0.3684355095760631,35.0,0.5414590689759792,-7.7755671854734e-05,0.0549114556763601,0.1123104106911867,-0.0040024557743035,0.0009385396902314
C,0.5,25,1,25,metis,lspar,0.5,0.49936,ok,118093,147616,29523,23.6186,29.5232,91,73714,0.4593626570718084,0.2492982710679091,0.1812052780275863,0.2013796693682809,91.0,0.5308958304697139,0.2961726009153848,0.1783403890440053,0.2056161239900036,91.0,0.0266574567429077,-0.0028305420177209,0.0715331733979054,0.0468743298474756,-0.002864888983581,0.0042364546217226
C,0.5,25,1,25,leiden,lspar,0.2,0.19696,ok,118093,147616,29523,23.6186,29.5232,91,29074,0.6676986626369711,0.5763237887912753,0.306210129969806,0.3674969698858316,26.33333333333333,0.6321703825511942,0.610966147135365,0.2817905375481357,0.34022719831416,45.66666666666666,0.606533458380819,-0.0014727987955116,-0.0355282800857769,0.0346423583440896,-0.0244195924216703,-0.0272697715716716
C,0.5,25,1,25,metis,lspar,0.2,0.19696,ok,118093,147616,29523,23.6186,29.5232,91,29074,0.4593626570718084,0.2492982710679091,0.1812052780275863,0.2013796693682809,91.0,0.5058327276517415,0.266498302628007,0.1636690691237503,0.1887320362629072,91.0,0.0216041662648666,-0.0012446884898848,0.046470070579933,0.0172000315600978,-0.017536208903836,-0.0126476331053737
C,0.5,25,1,25,leiden,dspar,0.5,0.50081,ok,118093,147616,29523,23.6186,29.5232,91,73927,0.6676986626369711,0.5763237887912753,0.306210129969806,0.3674969698858316,26.33333333333333,0.1635821027593955,0.072704101786183,0.1914542441240761,0.2000104510124572,12.0,0.7295306470087469,2.4640083299498807e-05,-0.5041165598775755,-0.5036196870050923,-0.1147558858457299,-0.1674865188733744
C,0.5,25,1,25,metis,dspar,0.5,0.50081,ok,118093,147616,29523,23.6186,29.5232,91,73927,0.4593626570718084,0.2492982710679091,0.1812052780275863,0.2013796693682809,91.0,0.2100121426271476,0.0904802858581573,0.1312223066906148,0.1286570036504922,91.0,0.0181223618769739,0.0010811653554475,-0.2493505144446607,-0.1588179852097518,-0.0499829713369715,-0.0727226657177887
C,0.5,25,1,25,leiden,dspar,0.2,0.2001,ok,118093,147616,29523,23.6186,29.5232,91,29538,0.6676986626369711,0.5763237887912753,0.306210129969806,0.3674969698858316,26.33333333333333,0.0321494063390229,0.0090201510446456,0.0900425499337148,0.0788060951400422,63.66666666666666,1.7173042031579904,0.0003589992391293,-0.6355492562979481,-0.5673036377466296,-0.2161675800360912,-0.2886908747457893
C,0.5,25,1,25,metis,dspar,0.2,0.2001,ok,118093,147616,29523,23.6186,29.5232,91,29538,0.4593626570718084,0.2492982710679091,0.1812052780275863,0.2013796693682809,91.0,0.0592315220780451,0.0100995822935282,0.0796631832196463,0.0679937092783086,91.0,0.0147444904964532,0.0013197628924,-0.4001311349937633,-0.2391986887743809,-0.10154209480794,-0.1333859600899723
C,0.5,25,1,50,leiden,lspar,0.5,0.49871,ok,118093,177139,59046,23.6186,35.4278,91,88341,0.5965182241388122,0.4794273205301516,0.2577523299866335,0.3553311968757624,23.666666666666668,0.6720760908894577,0.6223876466401412,0.2521192886224883,0.3602845755196209,31.666666666666668,0.5460258602480191,6.926319883929525e-05,0.0755578667506455,0.1429603261099896,-0.0056330413641452,0.0049533786438584
C,0.5,25,1,50,metis,lspar,0.5,0.49871,ok,118093,177139,59046,23.6186,35.4278,91,88341,0.4356352196993295,0.244890884549959,0.1568999230879096,0.193616060336285,91.0,0.496982381180867,0.278291806757546,0.1506547825805895,0.1981382985080581,91.0,0.0275967389377803,0.000818579682991,0.0613471614815374,0.0334009222075869,-0.0062451405073201,0.0045222381717731
C,0.5,25,1,50,leiden,lspar,0.2,0.19782,ok,118093,177139,59046,23.6186,35.4278,91,35042,0.5965182241388122,0.4794273205301516,0.2577523299866335,0.3553311968757624,23.666666666666668,0.5885839506526945,0.5553790484419773,0.2350244605738687,0.3312338180350815,43.0,0.6246745040236282,0.0006353558730615,-0.0079342734861176,0.0759517279118257,-0.0227278694127648,-0.0240973788406809
C,0.5,25,1,50,metis,lspar,0.2,0.19782,ok,118093,177139,59046,23.6186,35.4278,91,35042,0.4356352196993295,0.244890884549959,0.1568999230879096,0.193616060336285,91.0,0.4596640257422913,0.2413533691999305,0.1408931339096875,0.183348731202556,91.0,0.0217720003674444,-0.0002318436551227,0.0240288060429617,-0.0035375153500284,-0.0160067891782221,-0.0102673291337289
C,0.5,25,1,50,leiden,dspar,0.5,0.50004,ok,118093,177139,59046,23.6186,35.4278,91,88577,0.5965182241388122,0.4794273205301516,0.2577523299866335,0.3553311968757624,23.666666666666668,0.1085017712244418,0.0426013958695541,0.1504655783865153,0.156435357435526,10.666666666666666,0.6788670196394282,0.0003327259456294,-0.4880164529143703,-0.4368259246605974,-0.1072867516001181,-0.1988958394402363
C,0.5,25,1,50,metis,dspar,0.5,0.50004,ok,118093,177139,59046,23.6186,35.4278,91,88577,0.4356352196993295,0.244890884549959,0.1568999230879096,0.193616060336285,91.0,0.1329381060861085,0.0499634087647003,0.1053854020159293,0.0985160543718251,91.0,0.018272383533628,0.0015666981813905,-0.302697113613221,-0.1949274757852587,-0.0515145210719803,-0.0951000059644599
C,0.5,25,1,50,leiden,dspar,0.2,0.19919,ok,118093,177139,59046,23.6186,35.4278,91,35285,0.5965182241388122,0.4794273205301516,0.2577523299866335,0.3553311968757624,23.666666666666668,0.0206023062494122,0.0054269808323078,0.0767424128951106,0.0614028453588662,27.0,1.0229970897639096,-0.0001854219736725,-0.5759159178893999,-0.4740003396978436,-0.1810099170915228,-0.2939283515168961
C,0.5,25,1,50,metis,dspar,0.2,0.19919,ok,118093,177139,59046,23.6186,35.4278,91,35285,0.4356352196993295,0.244890884549959,0.1568999230879096,0.193616060336285,91.0,0.0421343860282869,0.006467115841302,0.0686000359956431,0.0533085754323858,91.0,0.0163816971037801,-0.0031195108671146,-0.3935008336710426,-0.2384237687086569,-0.0882998870922665,-0.1403074849038992
C,0.5,25,1,100,leiden,lspar,0.5,0.50202,ok,118093,236186,118093,23.6186,47.2372,91,118571,0.4951470941700278,0.3743906982799217,0.1972350160411716,0.3301686382337088,20.666666666666668,0.6073598415634659,0.5333030176470893,0.1907601890072389,0.349735022529492,27.33333333333333,0.5527607892471634,0.0002464504184295,0.1122127473934381,0.1589123193671676,-0.0064748270339327,0.0195663842957831
C,0.5,25,1,100,metis,lspar,0.5,0.50202,ok,118093,236186,118093,23.6186,47.2372,91,118571,0.3661327826469286,0.2030075707989448,0.1237285445383001,0.1782429199776871,91.0,0.4377901364789847,0.2438838459292161,0.1154808507608175,0.1844940745376902,91.0,0.0256483917624478,-0.0022986498562176,0.0716573538320561,0.0408762751302712,-0.0082476937774826,0.0062511545600031
C,0.5,25,1,100,leiden,lspar,0.2,0.20402,ok,118093,236186,118093,23.6186,47.2372,91,48186,0.4951470941700278,0.3743906982799217,0.1972350160411716,0.3301686382337088,20.666666666666668,0.5537923820291241,0.510362676407914,0.1792795775544217,0.3255175274757636,36.333333333333336,0.5857172328575664,0.0001678778559256,0.0586452878590962,0.1359719781279922,-0.0179554384867498,-0.0046511107579452
C,0.5,25,1,100,metis,lspar,0.2,0.20402,ok,118093,236186,118093,23.6186,47.2372,91,48186,0.3661327826469286,0.2030075707989448,0.1237285445383001,0.1782429199776871,91.0,0.4281679365370988,0.2327927802064165,0.1107756547476272,0.1783034113818433,91.0,0.0224307824205933,-0.0028333164921025,0.0620351538901702,0.0297852094074716,-0.0129528897906728,6.0491404156204354e-05
C,0.5,25,1,100,leiden,dspar,0.5,0.49961,ok,118093,236186,118093,23.6186,47.2372,91,118002,0.4951470941700278,0.3743906982799217,0.1972350160411716,0.3301686382337088,20.666666666666668,0.0714464459384616,0.0283559195766328,0.1186496124333869,0.1288046127306825,9.333333333333334,0.6237276338019685,-0.0002112093193071,-0.4237006482315661,-0.3460347787032888,-0.0785854036077846,-0.2013640255030262
C,0.5,25,1,100,metis,dspar,0.5,0.49961,ok,118093,236186,118093,23.6186,47.2372,91,118002,0.3661327826469286,0.2030075707989448,0.1237285445383001,0.1782429199776871,91.0,0.0847683055874516,0.0270797494005828,0.0812648701536918,0.0731372123240564,91.0,0.0183221177815229,-0.0013832924511454,-0.281364477059477,-0.1759278213983619,-0.0424636743846083,-0.1051057076536306
C,0.5,25,1,100,leiden,dspar,0.2,0.19979,ok,118093,236186,118093,23.6186,47.2372,91,47187,0.4951470941700278,0.3743906982799217,0.1972350160411716,0.3301686382337088,20.666666666666668,0.0116779775653997,0.0023063839771754,0.063507483976022,0.0491025617724428,14.333333333333334,0.7342101662563417,0.0002168369587255,-0.483469116604628,-0.3720843143027463,-0.1337275320651495,-0.2810660764612659
C,0.5,25,1,100,metis,dspar,0.2,0.19979,ok,118093,236186,118093,23.6186,47.2372,91,47187,0.3661327826469286,0.2030075707989448,0.1237285445383001,0.1782429199776871,91.0,0.0256095606634853,0.0035474899089939,0.0552564075932543,0.0406015984597658,91.0,0.0119490585403202,4.748520781189063e-05,-0.3405232219834432,-0.1994600808899509,-0.0684721369450458,-0.1376413215179212
C,0.5,25,2,0,leiden,lspar,0.5,0.50197,ok,140216,140216,0,28.0432,28.0432,108,70384,0.7811872066582515,0.6733657985151793,0.3751932832760021,0.3751932832760021,38.0,0.7950069169017665,0.7277044149936426,0.3718966112115121,0.3718966112115121,46.66666666666666,0.5908111802528618,0.0001685599549986,0.013819710243515,0.0543386164784632,-0.00329667206449,-0.00329667206449
C,0.5,25,2,0,metis,lspar,0.5,0.50197,ok,140216,140216,0,28.0432,28.0432,108,70384,0.6041653495967533,0.3518597375860034,0.2183667050795813,0.2183667050795813,108.0,0.6471085227996719,0.3818355764068015,0.2181514215536587,0.2181514215536587,108.0,0.0292109568484156,0.0023473755684868,0.0429431732029186,0.0299758388207981,-0.0002152835259226,-0.0002152835259226
C,0.5,25,2,0,leiden,lspar,0.2,0.19617,ok,140216,140216,0,28.0432,28.0432,108,27506,0.7811872066582515,0.6733657985151793,0.3751932832760021,0.3751932832760021,38.0,0.7591296967130825,0.7279591076868929,0.3613486433910918,0.3613486433910918,56.333333333333336,0.62296369836293,3.529824860028476e-05,-0.0220575099451689,0.0545933091717135,-0.0138446398849103,-0.0138446398849103
C,0.5,25,2,0,metis,lspar,0.2,0.19617,ok,140216,140216,0,28.0432,28.0432,108,27506,0.6041653495967533,0.3518597375860034,0.2183667050795813,0.2183667050795813,108.0,0.649157448115619,0.3685186031186298,0.1990997242337555,0.1990997242337555,108.0,0.023654175107156,-1.9022385695196726e-05,0.0449920985188657,0.0166588655326263,-0.0192669808458258,-0.0192669808458258
C,0.5,25,2,0,leiden,dspar,0.5,0.50116,ok,140216,140216,0,28.0432,28.0432,108,70270,0.7811872066582515,0.6733657985151793,0.3751932832760021,0.3751932832760021,38.0,0.4431604545559792,0.2456505112229533,0.3137283398738946,0.3137283398738946,22.0,0.7952053507459919,0.0002570166368435,-0.3380267521022722,-0.4277152872922259,-0.0614649434021074,-0.0614649434021074
C,0.5,25,2,0,metis,dspar,0.5,0.50116,ok,140216,140216,0,28.0432,28.0432,108,70270,0.6041653495967533,0.3518597375860034,0.2183667050795813,0.2183667050795813,108.0,0.4979624437398574,0.2702587981816211,0.1899558148082601,0.1899558148082601,108.0,0.0219490318693103,0.0006103849005527,-0.1062029058568959,-0.0816009394043823,-0.0284108902713211,-0.0284108902713211
C,0.5,25,2,0,leiden,dspar,0.2,0.20017,ok,140216,140216,0,28.0432,28.0432,108,28067,0.7811872066582515,0.6733657985151793,0.3751932832760021,0.3751932832760021,38.0,0.0920444971973249,0.0372658263213357,0.1196855043274516,0.1196855043274516,121.66666666666669,2.385278064952045,-0.000200965982951,-0.6891427094609266,-0.6360999721938435,-0.2555077789485505,-0.2555077789485505
C,0.5,25,2,0,metis,dspar,0.2,0.20017,ok,140216,140216,0,28.0432,28.0432,108,28067,0.6041653495967533,0.3518597375860034,0.2183667050795813,0.2183667050795813,108.0,0.1358911811571252,0.0339029349432341,0.0891703459512859,0.0891703459512859,108.0,0.0161021737662962,-0.0011845387686178,-0.468274168439628,-0.3179568026427692,-0.1291963591282953,-0.1291963591282953
C,0.5,25,2,10,leiden,lspar,0.5,0.50086,ok,140216,154238,14022,28.0432,30.8476,108,77251,0.7259922359488225,0.5718732414241661,0.3407495944919883,0.3699831605874149,32.666666666666664,0.7782833492763744,0.7037683740289348,0.3387070787475008,0.3697192182089901,44.333333333333336,0.5823856126785021,0.000199088523962,0.0522911133275519,0.1318951326047687,-0.0020425157444874,-0.0002639423784248
C,0.5,25,2,10,metis,lspar,0.5,0.50086,ok,140216,154238,14022,28.0432,30.8476,108,77251,0.5767959631265162,0.3300917808952878,0.1977591488650013,0.2093550833361765,108.0,0.6076023637306723,0.355143197189632,0.1974036984337543,0.2111044814119144,108.0,0.0292109568484156,0.000450783631263,0.0308064006041561,0.0250514162943442,-0.0003554504312469,0.0017493980757379
C,0.5,25,2,10,leiden,lspar,0.2,0.20346,ok,140216,154238,14022,28.0432,30.8476,108,31381,0.7259922359488225,0.5718732414241661,0.3407495944919883,0.3699831605874149,32.666666666666664,0.7519692595771367,0.7198752084886056,0.3292545203525199,0.3588559158381887,56.66666666666666,0.6445405475738643,-0.0005461370288471,0.0259770236283142,0.1480019670644395,-0.0114950741394683,-0.0111272447492262
C,0.5,25,2,10,metis,lspar,0.2,0.20346,ok,140216,154238,14022,28.0432,30.8476,108,31381,0.5767959631265162,0.3300917808952878,0.1977591488650013,0.2093550833361765,108.0,0.6310422481619195,0.3541463868940839,0.1837393155878039,0.1969759294987219,108.0,0.0243737563785313,0.0010544613810681,0.0542462850354033,0.0240546059987961,-0.0140198332771974,-0.0123791538374545
C,0.5,25,2,10,leiden,dspar,0.5,0.50158,ok,140216,154238,14022,28.0432,30.8476,108,77363,0.7259922359488225,0.5718732414241661,0.3407495944919883,0.3699831605874149,32.666666666666664,0.3924614113497611,0.2219329425861105,0.2747578765698584,0.2900125369781617,22.33333333333333,0.7876525041292443,-0.0002785311949308,-0.3335308245990613,-0.3499402988380555,-0.0659917179221298,-0.0799706236092532
C,0.5,25,2,10,metis,dspar,0.5,0.50158,ok,140216,154238,14022,28.0432,30.8476,108,77363,0.5767959631265162,0.3300917808952878,0.1977591488650013,0.2093550833361765,108.0,0.4145303761746507,0.2227193506923132,0.1675754030407476,0.1726923866998161,108.0,0.02305298245347,0.0014321736341231,-0.1622655869518654,-0.1073724302029745,-0.0301837458242537,-0.0366626966363603
C,0.5,25,2,10,leiden,dspar,0.2,0.20036,ok,140216,154238,14022,28.0432,30.8476,108,30903,0.7259922359488225,0.5718732414241661,0.3407495944919883,0.3699831605874149,32.666666666666664,0.0563963451534201,0.0213932581723187,0.099012566643347,0.094419956374879,81.66666666666667,2.106218354804664,0.0003906955212346,-0.6695958907954023,-0.5504799832518473,-0.2417370278486412,-0.2755632042125359
C,0.5,25,2,10,metis,dspar,0.2,0.20036,ok,140216,154238,14022,28.0432,30.8476,108,30903,0.5767959631265162,0.3300917808952878,0.1977591488650013,0.2093550833361765,108.0,0.0951272097510252,0.018567715757968,0.0789960166488954,0.0733559178619391,108.0,0.0158316139417306,-0.0015475368672577,-0.4816687533754908,-0.3115240651373198,-0.1187631322161059,-0.1359991654742374
C,0.5,25,2,25,leiden,lspar,0.5,0.50211,ok,140216,175270,35054,28.0432,35.054,108,88004,0.7035253212094492,0.5700341079060814,0.3020684461241321,0.3663761611798808,31.33333333333333,0.7493947775163292,0.65571334383236,0.2984900392826316,0.3663963064184561,41.66666666666666,0.6027577020267035,0.0007269232683017,0.04586945630688,0.0856792359262785,-0.0035784068415005,2.01452385752976e-05
C,0.5,25,2,25,metis,lspar,0.5,0.50211,ok,140216,175270,35054,28.0432,35.054,108,88004,0.51008762077938,0.2857515351821458,0.1751685484045255,0.1990050450050365,108.0,0.5797871569214562,0.3374528564036333,0.1745196351671934,0.2049233549026246,108.0,0.0273393489315309,0.0017458466508562,0.0696995361420762,0.0517013212214875,-0.000648913237332,0.005918309897588
C,0.5,25,2,25,leiden,lspar,0.2,0.19541,ok,140216,175270,35054,28.0432,35.054,108,34250,0.7035253212094492,0.5700341079060814,0.3020684461241321,0.3663761611798808,31.33333333333333,0.7191033245001163,0.6831794315172305,0.2878921555308038,0.3517236740479851,57.333333333333336,0.6749229284378832,0.0014153426331456,0.015578003290667,0.113145323611149,-0.0141762905933283,-0.0146524871318957
C,0.5,25,2,25,metis,lspar,0.2,0.19541,ok,140216,175270,35054,28.0432,35.054,108,34250,0.51008762077938,0.2857515351821458,0.1751685484045255,0.1990050450050365,108.0,0.5947794968624629,0.3360390238889031,0.1663333738276029,0.1957808731601456,108.0,0.0233786227139239,-0.0012686703591056,0.0846918760830829,0.0502874887067573,-0.0088351745769226,-0.0032241718448908
C,0.5,25,2,25,leiden,dspar,0.5,0.50009,ok,140216,175270,35054,28.0432,35.054,108,87650,0.7035253212094492,0.5700341079060814,0.3020684461241321,0.3663761611798808,31.33333333333333,0.297039886109804,0.1570865958487136,0.2239120453179651,0.250680443140414,18.666666666666668,0.727164466404829,0.0003012277944702,-0.4064854350996452,-0.4129475120573678,-0.0781564008061669,-0.1156957180394668
C,0.5,25,2,25,metis,dspar,0.5,0.50009,ok,140216,175270,35054,28.0432,35.054,108,87650,0.51008762077938,0.2857515351821458,0.1751685484045255,0.1990050450050365,108.0,0.3153266461235689,0.1557170071119077,0.1378971619100862,0.1461492816939928,108.0,0.0230997835487694,0.0004270417601999,-0.194760974655811,-0.1300345280702381,-0.0372713864944393,-0.0528557633110436
C,0.5,25,2,25,leiden,dspar,0.2,0.19964,ok,140216,175270,35054,28.0432,35.054,108,34991,0.7035253212094492,0.5700341079060814,0.3020684461241321,0.3663761611798808,31.33333333333333,0.0378136213095056,0.01166264150212,0.0846947994243327,0.0766229973146181,36.333333333333336,1.3583016932008374,0.0003148593488027,-0.6657116998999436,-0.5583714664039614,-0.2173736466997994,-0.2897531638652627
C,0.5,25,2,25,metis,dspar,0.2,0.19964,ok,140216,175270,35054,28.0432,35.054,108,34991,0.51008762077938,0.2857515351821458,0.1751685484045255,0.1990050450050365,108.0,0.0796213180492654,0.0151797538608837,0.0717172955064098,0.0632356207569132,108.0,0.0156256199876996,0.0008967677798713,-0.4304663027301145,-0.270571781321262,-0.1034512528981156,-0.1357694242481232
C,0.5,25,2,50,leiden,lspar,0.5,0.5017,ok,140216,210324,70108,28.0432,42.0648,108,105520,0.6300696716208977,0.4578174655484239,0.2527334899938954,0.3549981078390904,26.666666666666668,0.7200234844590155,0.6247642422573675,0.2496689978462667,0.3623540262416729,38.66666666666666,0.5787589046806493,-0.0005497000687318,0.0899538128381178,0.1669467767089436,-0.0030644921476286,0.0073559184025824
C,0.5,25,2,50,metis,lspar,0.5,0.5017,ok,140216,210324,70108,28.0432,42.0648,108,105520,0.487615673096636,0.2807287654610259,0.1503123761261849,0.1935996616010488,108.0,0.5460565303198576,0.3181746799130401,0.1461796283971665,0.1977931020893198,108.0,0.0278093509453205,0.0007043594296627,0.0584408572232215,0.0374459144520142,-0.0041327477290183,0.004193440488271
C,0.5,25,2,50,leiden,lspar,0.2,0.20261,ok,140216,210324,70108,28.0432,42.0648,108,42613,0.6300696716208977,0.4578174655484239,0.2527334899938954,0.3549981078390904,26.666666666666668,0.6928697030089778,0.6444429172434846,0.240939344429209,0.3485506257149032,51.0,0.6451632514709901,-0.0002240413007213,0.0628000313880801,0.1866254516950606,-0.0117941455646863,-0.0064474821241872
C,0.5,25,2,50,metis,lspar,0.2,0.20261,ok,140216,210324,70108,28.0432,42.0648,108,42613,0.487615673096636,0.2807287654610259,0.1503123761261849,0.1935996616010488,108.0,0.5659110857923465,0.3221075971011692,0.1423029420239397,0.1937978104384712,108.0,0.0232860473245246,0.0011144338134957,0.0782954126957104,0.0413788316401433,-0.0080094341022451,0.0001981488374224
C,0.5,25,2,50,leiden,dspar,0.5,0.50036,ok,140216,210324,70108,28.0432,42.0648,108,105237,0.6300696716208977,0.4578174655484239,0.2527334899938954,0.3549981078390904,26.666666666666668,0.2037800024050914,0.098293677478845,0.171218381944764,0.2026598139620049,15.666666666666666,0.7069007587291815,9.474165414111646e-06,-0.4262896692158062,-0.3595237880695789,-0.0815151080491313,-0.1523382938770855
C,0.5,25,2,50,metis,dspar,0.5,0.50036,ok,140216,210324,70108,28.0432,42.0648,108,105237,0.487615673096636,0.2807287654610259,0.1503123761261849,0.1935996616010488,108.0,0.2417323487577867,0.1154645492204198,0.1096704604416518,0.1190466506799155,108.0,0.021350409832132,-0.0016455471813958,-0.2458833243388493,-0.165264216240606,-0.040641915684533,-0.0745530109211332
C,0.5,25,2,50,leiden,dspar,0.2,0.20007,ok,140216,210324,70108,28.0432,42.0648,108,42079,0.6300696716208977,0.4578174655484239,0.2527334899938954,0.3549981078390904,26.666666666666668,0.0248135591713941,0.0065801048500471,0.072766373650434,0.0627577572016254,20.666666666666668,1.0573709206501298,0.000484097032302,-0.6052561124495035,-0.4512373606983767,-0.1799671163434613,-0.292240350637465
C,0.5,25,2,50,metis,dspar,0.2,0.20007,ok,140216,210324,70108,28.0432,42.0648,108,42079,0.487615673096636,0.2807287654610259,0.1503123761261849,0.1935996616010488,108.0,0.0554893644701378,0.0084435269101448,0.0601751186374729,0.047748595697639,108.0,0.0137898513407505,0.0026216554622696,-0.4321263086264982,-0.272285238550881,-0.0901372574887119,-0.1458510659034097
C,0.5,25,2,100,leiden,lspar,0.5,0.49811,ok,140216,280432,140216,28.0432,56.0864,108,139687,0.5308943065840929,0.3654921317348646,0.1947615095803192,0.3364989108000831,22.666666666666668,0.6587508234888422,0.546953035639925,0.1890465659944085,0.3542161402735382,33.0,0.5580974909022753,0.0008401343061504,0.1278565169047493,0.1814609039050603,-0.0057149435859106,0.0177172294734551
C,0.5,25,2,100,metis,lspar,0.5,0.49811,ok,140216,280432,140216,28.0432,56.0864,108,139687,0.4222177341554254,0.2423943682237087,0.1169637096889883,0.1785237733155462,108.0,0.5152175397460121,0.297571660565972,0.1125958142097595,0.1898360895312529,108.0,0.0268208873827843,-0.0011200996689825,0.0929998055905867,0.0551772923422632,-0.0043678954792288,0.0113123162157066
C,0.5,25,2,100,leiden,lspar,0.2,0.20256,ok,140216,280432,140216,28.0432,56.0864,108,56803,0.5308943065840929,0.3654921317348646,0.1947615095803192,0.3364989108000831,22.666666666666668,0.649808287252461,0.5954186213758685,0.1825659409677922,0.3424550375550903,44.66666666666666,0.6129595857836944,0.0005848492830262,0.1189139806683681,0.2299264896410038,-0.012195568612527,0.0059561267550072
C,0.5,25,2,100,metis,lspar,0.2,0.20256,ok,140216,280432,140216,28.0432,56.0864,108,56803,0.4222177341554254,0.2423943682237087,0.1169637096889883,0.1785237733155462,108.0,0.5160431225593313,0.2953236888680637,0.1090792776700884,0.1866838835866026,108.0,0.0245063257139865,0.0024645500354335,0.0938253884039058,0.0529293206443549,-0.0078844320188999,0.0081601102710563
C,0.5,25,2,100,leiden,dspar,0.5,0.49978,ok,140216,280432,140216,28.0432,56.0864,108,140154,0.5308943065840929,0.3654921317348646,0.1947615095803192,0.3364989108000831,22.666666666666668,0.1149298045233695,0.0491731053603351,0.1236866663936939,0.1544543018590302,11.333333333333334,0.600866372871734,-6.537635136702028e-05,-0.4159645020607233,-0.3163190263745296,-0.0710748431866252,-0.1820446089410528
C,0.5,25,2,100,metis,dspar,0.5,0.49978,ok,140216,280432,140216,28.0432,56.0864,108,140154,0.4222177341554254,0.2423943682237087,0.1169637096889883,0.1785237733155462,108.0,0.147787807369799,0.0651638015626342,0.0801539953607536,0.0876446118483876,108.0,0.0203666393889615,6.126036872010225e-05,-0.2744299267856264,-0.1772305666610744,-0.0368097143282346,-0.0908791614671585
C,0.5,25,2,100,leiden,dspar,0.2,0.19977,ok,140216,280432,140216,28.0432,56.0864,108,56023,0.5308943065840929,0.3654921317348646,0.1947615095803192,0.3364989108000831,22.666666666666668,0.0150262518803949,0.0049439288630157,0.0612795030980171,0.0549157932401489,11.0,0.776215608856103,0.0003973205781468,-0.515868054703698,-0.3605482028718489,-0.1334820064823021,-0.2815831175599341
C,0.5,25,2,100,metis,dspar,0.2,0.19977,ok,140216,280432,140216,28.0432,56.0864,108,56023,0.4222177341554254,0.2423943682237087,0.1169637096889883,0.1785237733155462,108.0,0.0387126952238025,0.0055101657267194,0.0487648451908286,0.0368296160204346,108.0,0.0139456086278082,0.0018640598797804,-0.3835050389316228,-0.2368842024969893,-0.0681988644981597,-0.1416941572951116
C,0.5,25,3,0,leiden,lspar,0.5,0.49787,ok,111211,111211,0,22.2422,22.2422,91,55369,0.7885080092354345,0.7037076617173449,0.3791529367100128,0.3791529367100128,36.333333333333336,0.7873175063559325,0.7431076023167827,0.3739566518079094,0.3739566518079094,43.66666666666666,0.5496090108146615,4.642606892303121e-05,-0.001190502879502,0.0393999405994378,-0.0051962849021033,-0.0051962849021033
C,0.5,25,3,0,metis,lspar,0.5,0.49787,ok,111211,111211,0,22.2422,22.2422,91,55369,0.6182240347534653,0.3657910269453699,0.2473190857472939,0.2473190857472939,91.0,0.6310836245841394,0.3785645913315796,0.2455931276813177,0.2455931276813177,91.0,0.028695992751602,-0.0011000683153529,0.012859589830674,0.0127735643862096,-0.0017259580659762,-0.0017259580659762
C,0.5,25,3,0,leiden,lspar,0.2,0.19919,ok,111211,111211,0,22.2422,22.2422,91,22152,0.7885080092354345,0.7037076617173449,0.3791529367100128,0.3791529367100128,36.333333333333336,0.710292370961087,0.6811020800414731,0.3521110715997435,0.3521110715997435,55.0,0.5783384748624544,-0.0001621901828402,-0.0782156382743475,-0.0226055816758717,-0.0270418651102692,-0.0270418651102692
C,0.5,25,3,0,metis,lspar,0.2,0.19919,ok,111211,111211,0,22.2422,22.2422,91,22152,0.6182240347534653,0.3657910269453699,0.2473190857472939,0.2473190857472939,91.0,0.6013535574806449,0.3306604588249126,0.2167740186205417,0.2167740186205417,91.0,0.0209193690153407,-0.0007147115182393,-0.0168704772728204,-0.0351305681204572,-0.0305450671267522,-0.0305450671267522
C,0.5,25,3,0,leiden,dspar,0.5,0.49915,ok,111211,111211,0,22.2422,22.2422,91,55511,0.7885080092354345,0.7037076617173449,0.3791529367100128,0.3791529367100128,36.333333333333336,0.3480575079880685,0.171721352066175,0.2793406211293401,0.2793406211293401,22.666666666666668,0.9450882505014108,0.0007514978347145,-0.440450501247366,-0.5319863096511699,-0.0998123155806726,-0.0998123155806726
C,0.5,25,3,0,metis,dspar,0.5,0.49915,ok,111211,111211,0,22.2422,22.2422,91,55511,0.6182240347534653,0.3657910269453699,0.2473190857472939,0.2473190857472939,91.0,0.4085417117897384,0.2127235535340971,0.1988527278952707,0.1988527278952707,91.0,0.0202563570268693,0.0018996820508397,-0.2096823229637268,-0.1530674734112727,-0.0484663578520231,-0.0484663578520231
C,0.5,25,3,0,leiden,dspar,0.2,0.19873,ok,111211,111211,0,22.2422,22.2422,91,22101,0.7885080092354345,0.7037076617173449,0.3791529367100128,0.3791529367100128,36.333333333333336,0.0794417192983491,0.0299016196787768,0.1188403963499362,0.1188403963499362,300.6666666666667,3.2326377559970987,0.0002281278233563,-0.7090662899370854,-0.673806042038568,-0.2603125403600766,-0.2603125403600766
C,0.5,25,3,0,metis,dspar,0.2,0.19873,ok,111211,111211,0,22.2422,22.2422,91,22101,0.6182240347534653,0.3657910269453699,0.2473190857472939,0.2473190857472939,91.0,0.1143766577426107,0.0254348606662677,0.102107363683823,0.102107363683823,91.0,0.0144326019830105,0.001129008383162,-0.5038473770108546,-0.3403561662791022,-0.1452117220634708,-0.1452117220634708
C,0.5,25,3,10,leiden,lspar,0.5,0.4989,ok,111211,122332,11121,22.2422,24.4664,91,61031,0.754986816163478,0.6330140066684171,0.3445792183851087,0.3744026770974607,34.333333333333336,0.7791199654184432,0.7358542274226353,0.340309495762346,0.370859160176259,45.0,0.5814698890524096,0.0003150739584018,0.0241331492549652,0.1028402207542181,-0.0042697226227627,-0.0035435169212017
C,0.5,25,3,10,metis,lspar,0.5,0.4989,ok,111211,122332,11121,22.2422,24.4664,91,61031,0.5634539834202021,0.3316191118159322,0.2241369552377281,0.236456135737858,91.0,0.6288256309571465,0.3798992180998773,0.2270741192040982,0.2427360147105606,91.0,0.0266574567429077,0.0010980127265367,0.0653716475369443,0.0482801062839451,0.00293716396637,0.0062798789727026
C,0.5,25,3,10,leiden,lspar,0.2,0.1992,ok,111211,122332,11121,22.2422,24.4664,91,24368,0.754986816163478,0.6330140066684171,0.3445792183851087,0.3744026770974607,34.333333333333336,0.6807402555355416,0.6372819921709723,0.316938981403666,0.3433133377415578,54.333333333333336,0.5959801478114106,-0.0001620265295311,-0.0742465606279363,0.0042679855025551,-0.0276402369814426,-0.0310893393559028
C,0.5,25,3,10,metis,lspar,0.2,0.1992,ok,111211,122332,11121,22.2422,24.4664,91,24368,0.5634539834202021,0.3316191118159322,0.2241369552377281,0.236456135737858,91.0,0.577975277292023,0.3216453325201476,0.1997580042639294,0.2130423996877808,91.0,0.0203012314897397,0.001779756867504,0.0145212938718208,-0.0099737792957845,-0.0243789509737986,-0.0234137360500771
C,0.5,25,3,10,leiden,dspar,0.5,0.49868,ok,111211,122332,11121,22.2422,24.4664,91,61005,0.754986816163478,0.6330140066684171,0.3445792183851087,0.3744026770974607,34.333333333333336,0.2268291757206286,0.1021798555188189,0.2283986901409905,0.2334552837380452,16.333333333333332,0.8063015778378118,-0.0008106846427347,-0.5281576404428493,-0.5308341511495982,-0.1161805282441181,-0.1409473933594154
C,0.5,25,3,10,metis,dspar,0.5,0.49868,ok,111211,122332,11121,22.2422,24.4664,91,61005,0.5634539834202021,0.3316191118159322,0.2241369552377281,0.236456135737858,91.0,0.3061109519024504,0.1453045359321089,0.1681241740853755,0.1694110613355294,91.0,0.0182225135478067,0.0018368119962398,-0.2573430315177517,-0.1863145758838233,-0.0560127811523526,-0.0670450744023285
C,0.5,25,3,10,leiden,dspar,0.2,0.19971,ok,111211,122332,11121,22.2422,24.4664,91,24431,0.754986816163478,0.6330140066684171,0.3445792183851087,0.3744026770974607,34.333333333333336,0.053343517596728,0.015397347236401,0.1026169102718611,0.0959506192227515,199.0,2.7416761822904903,0.0005681257213112,-0.7016432985667499,-0.617616659432016,-0.2419623081132476,-0.2784520578747092
C,0.5,25,3,10,metis,dspar,0.2,0.19971,ok,111211,122332,11121,22.2422,24.4664,91,24431,0.5634539834202021,0.3316191118159322,0.2241369552377281,0.236456135737858,91.0,0.0803860269677093,0.0160872108801861,0.0924425347526743,0.085811338396254,91.0,0.0143059428210796,-0.0010775714017532,-0.4830679564524928,-0.3155319009357461,-0.1316944204850538,-0.150644797341604
C,0.5,25,3,25,leiden,lspar,0.5,0.49796,ok,111211,139014,27803,22.2422,27.8028,91,69224,0.7112677375142065,0.5851133785321552,0.3056548073813293,0.3694198674722785,31.666666666666668,0.7464884499543943,0.6902943497240351,0.2999844428731114,0.3666159784293836,41.66666666666666,0.5730441735953695,-0.0005970196173108,0.0352207124401878,0.1051809711918799,-0.0056703645082178,-0.0028038890428949
C,0.5,25,3,25,metis,lspar,0.5,0.49796,ok,111211,139014,27803,22.2422,27.8028,91,69224,0.5228874768016318,0.303909813351674,0.198312701004006,0.2262798972765575,91.0,0.5875147156392889,0.3482001027682009,0.1981927866740064,0.2328203085151835,91.0,0.0280870076725876,-0.0008870083967945,0.064627238837657,0.0442902894165268,-0.0001199143299996,0.006540411238626
C,0.5,25,3,25,leiden,lspar,0.2,0.20033,ok,111211,139014,27803,22.2422,27.8028,91,27848,0.7112677375142065,0.5851133785321552,0.3056548073813293,0.3694198674722785,31.666666666666668,0.6531305199268159,0.6053770253459768,0.2791121246521856,0.3372964456983097,53.0,0.5959470530500053,-5.270915883221589e-05,-0.0581372175873905,0.0202636468138216,-0.0265426827291436,-0.0321234217739688
C,0.5,25,3,25,metis,lspar,0.2,0.20033,ok,111211,139014,27803,22.2422,27.8028,91,27848,0.5228874768016318,0.303909813351674,0.198312701004006,0.2262798972765575,91.0,0.5440447318864927,0.3019928289965178,0.1811668514106725,0.2114965448671098,91.0,0.021979990900817,-0.0005778577370227,0.0211572550848608,-0.0019169843551562,-0.0171458495933335,-0.0147833524094477
C,0.5,25,3,25,leiden,dspar,0.5,0.50014,ok,111211,139014,27803,22.2422,27.8028,91,69526,0.7112677375142065,0.5851133785321552,0.3056548073813293,0.3694198674722785,31.666666666666668,0.1374506278288352,0.0516103719536387,0.180125379305031,0.1835800180150547,12.0,0.7870699582959063,-0.0004372370835265,-0.5738171096853713,-0.5335030065785165,-0.1255294280762982,-0.1858398494572238
C,0.5,25,3,25,metis,dspar,0.5,0.50014,ok,111211,139014,27803,22.2422,27.8028,91,69526,0.5228874768016318,0.303909813351674,0.198312701004006,0.2262798972765575,91.0,0.2548925521101141,0.1118333316379076,0.1459845241250006,0.1470040122791324,91.0,0.0196636720883969,0.0004638976450393,-0.2679949246915177,-0.1920764817137664,-0.0523281768790054,-0.0792758849974251
C,0.5,25,3,25,leiden,dspar,0.2,0.20107,ok,111211,139014,27803,22.2422,27.8028,91,27951,0.7112677375142065,0.5851133785321552,0.3056548073813293,0.3694198674722785,31.666666666666668,0.0360844074421361,0.0098014572035045,0.0925739921007319,0.0809448319080353,69.66666666666667,1.6591250090397125,0.0002474425028108,-0.6751833300720703,-0.5753119213286506,-0.2130808152805973,-0.2884750355642432
C,0.5,25,3,25,metis,dspar,0.2,0.20107,ok,111211,139014,27803,22.2422,27.8028,91,27951,0.5228874768016318,0.303909813351674,0.198312701004006,0.2262798972765575,91.0,0.0646346540529642,0.0113755294458413,0.0842823424824656,0.0722243861538742,91.0,0.0169817549152023,0.0011121883502161,-0.4582528227486675,-0.2925342839058327,-0.1140303585215404,-0.1540555111226833
C,0.5,25,3,50,leiden,lspar,0.5,0.50436,ok,111211,166817,55606,22.2422,33.3634,91,84135,0.6326694246393142,0.4718492336817544,0.2568162029871212,0.3565664749197128,27.0,0.7140551447087008,0.6395759933746665,0.2513066857208348,0.3612093410690074,38.66666666666666,0.5924940703605571,0.0006503573948834,0.0813857200693866,0.1677267596929121,-0.0055095172662863,0.0046428661492945
C,0.5,25,3,50,metis,lspar,0.5,0.50436,ok,111211,166817,55606,22.2422,33.3634,91,84135,0.4848293734292658,0.2835233563302189,0.1709377916981055,0.2179772319160981,91.0,0.5454642368689567,0.3206333629052047,0.1664500480149561,0.223554902392203,91.0,0.0281193883290515,0.0012216400930831,0.0606348634396908,0.0371100065749858,-0.0044877436831494,0.0055776704761049
C,0.5,25,3,50,leiden,lspar,0.2,0.19632,ok,111211,166817,55606,22.2422,33.3634,91,32750,0.6326694246393142,0.4718492336817544,0.2568162029871212,0.3565664749197128,27.0,0.6079113236275261,0.5431688978384455,0.2314873005248595,0.3266666765826697,50.333333333333336,0.6217103166067931,-0.0009438564946291,-0.0247581010117881,0.071319664156691,-0.0253289024622616,-0.029899798337043
C,0.5,25,3,50,metis,lspar,0.2,0.19632,ok,111211,166817,55606,22.2422,33.3634,91,32750,0.4848293734292658,0.2835233563302189,0.1709377916981055,0.2179772319160981,91.0,0.5206397635792367,0.2912417601238791,0.1561250008006307,0.2087261081039796,91.0,0.0222679141367124,0.000196558587887,0.0358103901499708,0.0077184037936602,-0.0148127908974748,-0.0092511238121184
C,0.5,25,3,50,leiden,dspar,0.5,0.49989,ok,111211,166817,55606,22.2422,33.3634,91,83390,0.6326694246393142,0.4718492336817544,0.2568162029871212,0.3565664749197128,27.0,0.1213271088332663,0.0448471673105898,0.1592400863638284,0.170061309378018,11.333333333333334,0.7360756168142655,-0.0001109250020096,-0.5113423158060479,-0.4270020663711645,-0.0975761166232927,-0.1865051655416948
C,0.5,25,3,50,metis,dspar,0.5,0.49989,ok,111211,166817,55606,22.2422,33.3634,91,83390,0.4848293734292658,0.2835233563302189,0.1709377916981055,0.2179772319160981,91.0,0.1551081795022509,0.0579631558441106,0.1127690802538473,0.1093798937840367,91.0,0.0188122300645085,0.0012414476242062,-0.3297211939270149,-0.2255602004861082,-0.0581687114442582,-0.1085973381320614
C,0.5,25,3,50,leiden,dspar,0.2,0.19988,ok,111211,166817,55606,22.2422,33.3634,91,33343,0.6326694246393142,0.4718492336817544,0.2568162029871212,0.3565664749197128,27.0,0.023095293435314,0.0044946948524928,0.0790261784181188,0.064349593318308,40.0,1.2982379887365607,-6.413407888818648e-05,-0.6095741312040001,-0.4673545388292615,-0.1777900245690023,-0.2922168816014047
C,0.5,25,3,50,metis,dspar,0.2,0.19988,ok,111211,166817,55606,22.2422,33.3634,91,33343,0.4848293734292658,0.2835233563302189,0.1709377916981055,0.2179772319160981,91.0,0.0513533557898281,0.0083307449072668,0.072435853703818,0.0580030601252635,91.0,0.015170365849247,-0.0015283313510821,-0.4334760176394377,-0.2751926114229521,-0.0985019379942875,-0.1599741717908345
C,0.5,25,3,100,leiden,lspar,0.5,0.50119,ok,111211,222422,111211,22.2422,44.4844,91,111475,0.4929024243402267,0.3151521337154832,0.1954508610110708,0.3235606544717154,22.33333333333333,0.6419499933338328,0.5463254873765736,0.190202696037765,0.3496205127683943,33.0,0.5719553801759084,9.349324508571532e-05,0.1490475689936061,0.2311733536610904,-0.0052481649733057,0.0260598582966788
C,0.5,25,3,100,metis,lspar,0.5,0.50119,ok,111211,222422,111211,22.2422,44.4844,91,111475,0.4289654405430833,0.2507562535539491,0.1340890403594122,0.204233325047986,91.0,0.489327922334721,0.2887907717706244,0.1256520617719371,0.2086528807584295,91.0,0.0271981617025857,-0.0006651171995926,0.0603624817916377,0.0380345182166753,-0.0084369785874751,0.0044195557104435
C,0.5,25,3,100,leiden,lspar,0.2,0.20145,ok,111211,222422,111211,22.2422,44.4844,91,44807,0.4929024243402267,0.3151521337154832,0.1954508610110708,0.3235606544717154,22.33333333333333,0.5579510173937711,0.4801798787179118,0.1766839474653143,0.318732344700928,42.333333333333336,0.6249618582672971,-0.0005950185397637,0.0650485930535443,0.1650277450024286,-0.0187669135457564,-0.0048283097707873
C,0.5,25,3,100,metis,lspar,0.2,0.20145,ok,111211,222422,111211,22.2422,44.4844,91,44807,0.4289654405430833,0.2507562535539491,0.1340890403594122,0.204233325047986,91.0,0.4683303934666347,0.2684471486592812,0.1220868735888041,0.2025717874469491,91.0,0.0243749871794838,0.0017516499229236,0.0393649529235514,0.017690895105332,-0.0120021667706081,-0.0016615376010369
C,0.5,25,3,100,leiden,dspar,0.5,0.50055,ok,111211,222422,111211,22.2422,44.4844,91,111333,0.4929024243402267,0.3151521337154832,0.1954508610110708,0.3235606544717154,22.33333333333333,0.0755980192775757,0.0278988246977033,0.1186016558124973,0.1277462672503229,11.333333333333334,0.6188605366503733,0.000446365234462,-0.417304405062651,-0.2872533090177798,-0.0768492051985734,-0.1958143872213924
C,0.5,25,3,100,metis,dspar,0.5,0.50055,ok,111211,222422,111211,22.2422,44.4844,91,111333,0.4289654405430833,0.2507562535539491,0.1340890403594122,0.204233325047986,91.0,0.0930123634367094,0.0273594552014584,0.0851175837187324,0.0780232768033172,91.0,0.0188122300645085,-0.0003500193828486,-0.3359530771063739,-0.2233967983524906,-0.0489714566406798,-0.1262100482446688
C,0.5,25,3,100,leiden,dspar,0.2,0.20008,ok,111211,222422,111211,22.2422,44.4844,91,44502,0.4929024243402267,0.3151521337154832,0.1954508610110708,0.3235606544717154,22.33333333333333,0.010678010284743,0.002439441058143,0.0664314736007325,0.0528577335523996,13.666666666666666,0.745889515803612,-0.0003692915433455,-0.4822244140554836,-0.3127126926573401,-0.1290193874103383,-0.2707029209193157
C,0.5,25,3,100,metis,dspar,0.2,0.20008,ok,111211,222422,111211,22.2422,44.4844,91,44502,0.4289654405430833,0.2507562535539491,0.1340890403594122,0.204233325047986,91.0,0.0313473955978916,0.0042596767622074,0.0579718833353289,0.0431827274282605,91.0,0.0149893295380413,0.0002912741638898,-0.3976180449451917,-0.2464965767917417,-0.0761171570240833,-0.1610505976197255
C,0.5,50,1,0,leiden,lspar,0.5,0.49905,ok,240080,240080,0,48.016,48.016,106,119813,0.8171930164945276,0.7007547580619361,0.3610969976117636,0.3610969976117636,37.333333333333336,0.8547939144760708,0.8016318184683381,0.3608903287473032,0.3608903287473032,50.0,0.6402503393763072,0.0007469967957274,0.0376008979815432,0.1008770604064019,-0.0002066688644604,-0.0002066688644604
C,0.5,50,1,0,metis,lspar,0.5,0.49905,ok,240080,240080,0,48.016,48.016,106,119813,0.6196095995120239,0.3478033265805791,0.1821773883134284,0.1821773883134284,106.0,0.6512168416934435,0.3733392799195364,0.1843619452063824,0.1843619452063824,106.0,0.0295499576987852,-0.0007752121606905,0.0316072421814196,0.0255359533389573,0.002184556892954,0.002184556892954
C,0.5,50,1,0,leiden,lspar,0.2,0.19811,ok,240080,240080,0,48.016,48.016,106,47562,0.8171930164945276,0.7007547580619361,0.3610969976117636,0.3610969976117636,37.333333333333336,0.8831012356766735,0.8754863625345566,0.3593680892635966,0.3593680892635966,63.0,0.7199142185477213,0.0003125163978591,0.0659082191821459,0.1747316044726204,-0.001728908348167,-0.001728908348167
C,0.5,50,1,0,metis,lspar,0.2,0.19811,ok,240080,240080,0,48.016,48.016,106,47562,0.6196095995120239,0.3478033265805791,0.1821773883134284,0.1821773883134284,106.0,0.7398481282246803,0.4312554203258261,0.1831994667447987,0.1831994667447987,106.0,0.0283414890222796,-0.0001320677840899,0.1202385287126563,0.0834520937452469,0.0010220784313703,0.0010220784313703
C,0.5,50,1,0,leiden,dspar,0.5,0.49881,ok,240080,240080,0,48.016,48.016,106,119755,0.8171930164945276,0.7007547580619361,0.3610969976117636,0.3610969976117636,37.333333333333336,0.7207692256757166,0.5640044146519411,0.3475514211157417,0.3475514211157417,33.666666666666664,0.6485428926961201,0.0002749154459096,-0.096423790818811,-0.136750343409995,-0.0135455764960219,-0.0135455764960219
C,0.5,50,1,0,metis,dspar,0.5,0.49881,ok,240080,240080,0,48.016,48.016,106,119755,0.6196095995120239,0.3478033265805791,0.1821773883134284,0.1821773883134284,106.0,0.609460570684459,0.3480576490726975,0.1718212957653875,0.1718212957653875,106.0,0.0275833282980861,-0.0001819341921064,-0.0101490288275648,0.0002543224921183,-0.0103560925480408,-0.0103560925480408
C,0.5,50,1,0,leiden,dspar,0.2,0.19949,ok,240080,240080,0,48.016,48.016,106,47894,0.8171930164945276,0.7007547580619361,0.3610969976117636,0.3610969976117636,37.333333333333336,0.1456907211089792,0.0664335631872786,0.1463853864749923,0.1463853864749923,19.0,1.1323371593901452,0.000907929144533,-0.6715022953855484,-0.6343211948746574,-0.2147116111367713,-0.2147116111367713
C,0.5,50,1,0,metis,dspar,0.2,0.19949,ok,240080,240080,0,48.016,48.016,106,47894,0.6196095995120239,0.3478033265805791,0.1821773883134284,0.1821773883134284,106.0,0.2458207384904433,0.10195404640088,0.0908406370773637,0.0908406370773637,106.0,0.0180033330247484,-0.0001166612352448,-0.3737888610215805,-0.2458492801796991,-0.0913367512360646,-0.0913367512360646
C,0.5,50,1,10,leiden,lspar,0.5,0.49676,ok,240080,264088,24008,48.016,52.8176,106,131189,0.7972057976012404,0.663940397974799,0.3281987920768312,0.3588154298074648,35.333333333333336,0.837995105703882,0.7757672729830075,0.3282873640260638,0.359880053614737,45.66666666666666,0.5922521652754739,-0.0010721451171681,0.0407893081026415,0.1118268750082085,8.857194923256317e-05,0.0010646238072722
C,0.5,50,1,10,metis,lspar,0.5,0.49676,ok,240080,264088,24008,48.016,52.8176,106,131189,0.5628644273376889,0.3127384467285257,0.1613981075809575,0.171833010003205,106.0,0.645026226663688,0.3692566452752001,0.1684804117085353,0.1818092177510306,106.0,0.029764408275657,-0.001119161874332,0.0821617993259991,0.0565181985466743,0.0070823041275778,0.0099762077478255
C,0.5,50,1,10,leiden,lspar,0.2,0.19997,ok,240080,264088,24008,48.016,52.8176,106,52809,0.7972057976012404,0.663940397974799,0.3281987920768312,0.3588154298074648,35.333333333333336,0.8674802744324586,0.8569306333811907,0.3267529617148561,0.3581878650303328,59.66666666666666,0.6936598468085137,0.0001576992429371,0.0702744768312181,0.1929902354063917,-0.001445830361975,-0.000627564777132
C,0.5,50,1,10,metis,lspar,0.2,0.19997,ok,240080,264088,24008,48.016,52.8176,106,52809,0.5628644273376889,0.3127384467285257,0.1613981075809575,0.171833010003205,106.0,0.704724647413306,0.4086007798286659,0.1672424922264596,0.1810210841464208,106.0,0.028565013565549,0.0002851823242008,0.141860220075617,0.0958623331001401,0.0058443846455021,0.0091880741432157
C,0.5,50,1,10,leiden,dspar,0.5,0.4989,ok,240080,264088,24008,48.016,52.8176,106,131754,0.7972057976012404,0.663940397974799,0.3281987920768312,0.3588154298074648,35.333333333333336,0.6674728133026734,0.5071900025393242,0.3123086204001727,0.3392057382245738,31.0,0.6539151824450745,0.0004314972023717,-0.129732984298567,-0.1567503954354747,-0.0158901716766585,-0.0196096915828909
C,0.5,50,1,10,metis,dspar,0.5,0.4989,ok,240080,264088,24008,48.016,52.8176,106,131754,0.5628644273376889,0.3127384467285257,0.1613981075809575,0.171833010003205,106.0,0.564671094727737,0.3215781371151773,0.1571841004107099,0.1675868010205778,106.0,0.0257961237398179,5.960575564673445e-05,0.001806667390048,0.0088396903866515,-0.0042140071702475,-0.0042462089826272
C,0.5,50,1,10,leiden,dspar,0.2,0.19942,ok,240080,264088,24008,48.016,52.8176,106,52665,0.7972057976012404,0.663940397974799,0.3281987920768312,0.3588154298074648,35.333333333333336,0.1047129231983352,0.042589134396507,0.1165983085913918,0.119161298200523,12.333333333333334,0.7306075259250885,-8.666273274654953e-05,-0.6924928744029052,-0.621351263578292,-0.2116004834854394,-0.2396541316069418
C,0.5,50,1,10,metis,dspar,0.2,0.19942,ok,240080,264088,24008,48.016,52.8176,106,52665,0.5628644273376889,0.3127384467285257,0.1613981075809575,0.171833010003205,106.0,0.1714795495028212,0.0591758775208029,0.070320735448008,0.0695113144470975,106.0,0.0158757676979729,0.0004803422431769,-0.3913848778348677,-0.2535625692077227,-0.0910773721329494,-0.1023216955561075
C,0.5,50,1,25,leiden,lspar,0.5,0.50056,ok,240080,300100,60020,48.016,60.02,106,150218,0.7659254091791169,0.6065333209361138,0.2893886112548733,0.3557682114310965,31.0,0.8237731841642834,0.7495464514649687,0.2894042891863622,0.3585502184587348,43.66666666666666,0.5987940718754224,0.0001111066208046,0.0578477749851664,0.1430131305288549,1.567793148887775e-05,0.0027820070276383
C,0.5,50,1,25,metis,lspar,0.5,0.50056,ok,240080,300100,60020,48.016,60.02,106,150218,0.5605630381882278,0.3180516853145154,0.1473139104692527,0.17226176045006,106.0,0.6133951700737253,0.3500572564139329,0.1473071875297371,0.1761045460306132,106.0,0.0297287739404099,-0.000722310020693,0.0528321318854975,0.0320055710994175,-6.722939515618753e-06,0.0038427855805532
C,0.5,50,1,25,leiden,lspar,0.2,0.19964,ok,240080,300100,60020,48.016,60.02,106,59911,0.7659254091791169,0.6065333209361138,0.2893886112548733,0.3557682114310965,31.0,0.8502249873157576,0.8346936745575122,0.2877187582757318,0.3567437717709004,56.66666666666666,0.6777384425756473,0.0006831643900887,0.0842995781366406,0.2281603536213984,-0.0016698529791414,0.0009755603398038
C,0.5,50,1,25,metis,lspar,0.2,0.19964,ok,240080,300100,60020,48.016,60.02,106,59911,0.5605630381882278,0.3180516853145154,0.1473139104692527,0.17226176045006,106.0,0.6863044082628411,0.4020275283728873,0.1502215432410013,0.1813652183746009,106.0,0.0281538629676284,-0.0007822828891607,0.1257413700746132,0.0839758430583719,0.0029076327717485,0.0091034579245409
C,0.5,50,1,25,leiden,dspar,0.5,0.50088,ok,240080,300100,60020,48.016,60.02,106,150314,0.7659254091791169,0.6065333209361138,0.2893886112548733,0.3557682114310965,31.0,0.550066260357828,0.3692297174558903,0.2604074190253809,0.312932163940489,25.666666666666668,0.7259866684012422,0.0009157998507286,-0.2158591488212888,-0.2373036034802234,-0.0289811922294923,-0.0428360474906074
C,0.5,50,1,25,metis,dspar,0.5,0.50088,ok,240080,300100,60020,48.016,60.02,106,150314,0.5605630381882278,0.3180516853145154,0.1473139104692527,0.17226176045006,106.0,0.4889135143045586,0.2717994451192412,0.1344447976632469,0.1554563603965291,106.0,0.0251722068957014,-0.0013198508295898,-0.0716495238836692,-0.0462522401952741,-0.0128691128060057,-0.0168054000535309
C,0.5,50,1,25,leiden,dspar,0.2,0.19914,ok,240080,300100,60020,48.016,60.02,106,59763,0.7659254091791169,0.6065333209361138,0.2893886112548733,0.3557682114310965,31.0,0.0638520201709664,0.0263739235084343,0.0896458564295074,0.0930066197464011,10.333333333333334,0.7771795638827328,-0.0001671583608619,-0.7020733890081504,-0.5801593974276794,-0.1997427548253659,-0.2627615916846954
C,0.5,50,1,25,metis,dspar,0.2,0.19914,ok,240080,300100,60020,48.016,60.02,106,59763,0.5605630381882278,0.3180516853145154,0.1473139104692527,0.17226176045006,106.0,0.1275955471009341,0.0374004718430763,0.0576171906820796,0.0549940266912029,106.0,0.0150532388541469,0.0005388545685303,-0.4329674910872937,-0.280651213471439,-0.0896967197871731,-0.1172677337588571
C,0.5,50,1,50,leiden,lspar,0.5,0.49884,ok,240080,360120,120040,48.016,72.024,106,179642,0.7005123240584296,0.4810117440839696,0.2406343162379852,0.3480509956494333,27.33333333333333,0.7974052628155573,0.7088044866531087,0.2414823600134941,0.3558411268607408,41.66666666666666,0.6289814718107054,0.0006924798302499,0.0968929387571277,0.227792742569139,0.0008480437755089,0.0077901312113075
C,0.5,50,1,50,metis,lspar,0.5,0.49884,ok,240080,360120,120040,48.016,72.024,106,179642,0.5324799064799925,0.2964764991365799,0.1260551599227498,0.1685501726241341,106.0,0.5860740688923132,0.3356829597686945,0.1231303857993007,0.1713082572144118,106.0,0.0294781274846283,0.0001889034466721,0.0535941624123206,0.0392064606321145,-0.002924774123449,0.0027580845902777
C,0.5,50,1,50,leiden,lspar,0.2,0.19732,ok,240080,360120,120040,48.016,72.024,106,71060,0.7005123240584296,0.4810117440839696,0.2406343162379852,0.3480509956494333,27.33333333333333,0.829748819736538,0.7995981887373601,0.2400748443444255,0.3551198980985937,52.66666666666666,0.668740631266993,0.0004548207525385,0.1292364956781084,0.3185864446533905,-0.0005594718935597,0.0070689024491604
C,0.5,50,1,50,metis,lspar,0.2,0.19732,ok,240080,360120,120040,48.016,72.024,106,71060,0.5324799064799925,0.2964764991365799,0.1260551599227498,0.1685501726241341,106.0,0.6618152331162118,0.3876183915667607,0.1250665151514898,0.1777414203457228,106.0,0.028416192566915,0.0022138468711526,0.1293353266362192,0.0911418924301808,-0.0009886447712599,0.0091912477215886
C,0.5,50,1,50,leiden,dspar,0.5,0.50049,ok,240080,360120,120040,48.016,72.024,106,180236,0.7005123240584296,0.4810117440839696,0.2406343162379852,0.3480509956494333,27.33333333333333,0.4624025530135316,0.2818052553161107,0.2105140694212917,0.290617561808579,22.0,0.751815122879424,-0.0007524271679446,-0.2381097710448979,-0.1992064887678589,-0.0301202468166935,-0.0574334338408542
C,0.5,50,1,50,metis,dspar,0.5,0.50049,ok,240080,360120,120040,48.016,72.024,106,180236,0.5324799064799925,0.2964764991365799,0.1260551599227498,0.1685501726241341,106.0,0.4332260906609939,0.2451001388133052,0.1115791572266647,0.1452232335313141,106.0,0.0252142816673408,-0.0011352586689866,-0.0992538158189986,-0.0513763603232746,-0.0144760026960851,-0.0233269390928199
C,0.5,50,1,50,leiden,dspar,0.2,0.19938,ok,240080,360120,120040,48.016,72.024,106,71802,0.7005123240584296,0.4810117440839696,0.2406343162379852,0.3480509956494333,27.33333333333333,0.0461158923249127,0.0155803123077887,0.0706015276223104,0.0751710179048253,9.0,0.7849825495984154,0.0002354636495204,-0.6543964317335168,-0.4654314317761808,-0.1700327886156748,-0.2728799777446079
C,0.5,50,1,50,metis,dspar,0.2,0.19938,ok,240080,360120,120040,48.016,72.024,106,71802,0.5324799064799925,0.2964764991365799,0.1260551599227498,0.1685501726241341,106.0,0.084639135744353,0.0202112149721611,0.0455580125129899,0.0412176248075449,106.0,0.0162714473849132,-0.0020020312978688,-0.4478407707356395,-0.2762652841644188,-0.0804971474097598,-0.1273325478165891
C,0.5,50,1,100,leiden,lspar,0.5,0.50246,ok,240080,480160,240080,48.016,96.032,106,241263,0.6242430108435626,0.398612191486734,0.1819464789128001,0.3367331230668213,22.0,0.7360305619691712,0.6184158786932201,0.1813125049080411,0.3502349938148185,33.666666666666664,0.5900296365822777,-0.0005210362880113,0.1117875511256085,0.2198036872064861,-0.000633974004759,0.0135018707479971
C,0.5,50,1,100,metis,lspar,0.5,0.50246,ok,240080,480160,240080,48.016,96.032,106,241263,0.4722226159318877,0.2659130761823509,0.0943591727537769,0.1554649006482595,106.0,0.5463453994235201,0.3118627683007128,0.0926011519226353,0.1638177782965213,106.0,0.0295140644439223,-0.0012852698343225,0.0741227834916323,0.0459496921183619,-0.0017580208311415,0.0083528776482618
C,0.5,50,1,100,leiden,lspar,0.2,0.19681,ok,240080,480160,240080,48.016,96.032,106,94502,0.6242430108435626,0.398612191486734,0.1819464789128001,0.3367331230668213,22.0,0.7978297478059079,0.754889355741286,0.1799473817665264,0.3524946186518208,48.66666666666666,0.6691570653383102,0.0001833171632507,0.1735867369623452,0.356277164254552,-0.0019990971462737,0.0157614955849994
C,0.5,50,1,100,metis,lspar,0.2,0.19681,ok,240080,480160,240080,48.016,96.032,106,94502,0.4722226159318877,0.2659130761823509,0.0943591727537769,0.1554649006482595,106.0,0.6311165280174315,0.3702769037658406,0.0946975734373357,0.1751519062470124,106.0,0.0276600795371235,0.0014827018101146,0.1588939120855437,0.1043638275834897,0.0003384006835587,0.0196870055987529
C,0.5,50,1,100,leiden,dspar,0.5,0.50007,ok,240080,480160,240080,48.016,96.032,106,240115,0.6242430108435626,0.398612191486734,0.1819464789128001,0.3367331230668213,22.0,0.2968013773421831,0.1641867282827586,0.1410180407944392,0.2298299653082242,15.333333333333334,0.6079932148152308,7.747428751756753e-05,-0.3274416335013794,-0.2344254632039753,-0.0409284381183608,-0.1069031577585971
C,0.5,50,1,100,metis,dspar,0.5,0.50007,ok,240080,480160,240080,48.016,96.032,106,240115,0.4722226159318877,0.2659130761823509,0.0943591727537769,0.1554649006482595,106.0,0.3393968162793903,0.1874337823505282,0.0808863528581179,0.1244553168197932,106.0,0.0252562863461752,-0.0006070375853321,-0.1328257996524974,-0.0784792938318227,-0.0134728198956589,-0.0310095838284662
C,0.5,50,1,100,leiden,dspar,0.2,0.19978,ok,240080,480160,240080,48.016,96.032,106,95927,0.6242430108435626,0.398612191486734,0.1819464789128001,0.3367331230668213,22.0,0.0323239521300854,0.0131955227898192,0.056596491230802,0.0647161378493629,8.666666666666666,0.8873098503604434,0.0004209905637614,-0.5919190587134772,-0.3854166686969147,-0.1253499876819981,-0.2720169852174584
C,0.5,50,1,100,metis,dspar,0.2,0.19978,ok,240080,480160,240080,48.016,96.032,106,95927,0.4722226159318877,0.2659130761823509,0.0943591727537769,0.1554649006482595,106.0,0.0517599853456757,0.0080046590687011,0.0339932201872951,0.0284574494759105,106.0,0.0167845166746022,-0.0005000208283422,-0.4204626305862119,-0.2579084171136497,-0.0603659525664818,-0.1270074511723489
C,0.5,50,2,0,leiden,lspar,0.5,0.50274,ok,245060,245060,0,49.012,49.012,100,123202,0.8427975140524796,0.6866249559544834,0.3609338927201224,0.3609338927201224,38.0,0.880210202758695,0.8192783618474578,0.3611243654578563,0.3611243654578563,50.66666666666666,0.5950965111453269,0.0005141235849738,0.0374126887062153,0.1326534058929744,0.0001904727377339,0.0001904727377339
C,0.5,50,2,0,metis,lspar,0.5,0.50274,ok,245060,245060,0,49.012,49.012,100,123202,0.5634764367083788,0.3282078771294025,0.1762640249748479,0.1762640249748479,100.0,0.660729579677207,0.3955722111353301,0.1878287981116508,0.1878287981116508,100.0,0.0290172362570938,-0.0016929025408119,0.0972531429688282,0.0673643340059275,0.0115647731368029,0.0115647731368029
C,0.5,50,2,0,leiden,lspar,0.2,0.1958,ok,245060,245060,0,49.012,49.012,100,47982,0.8427975140524796,0.6866249559544834,0.3609338927201224,0.3609338927201224,38.0,0.90271776004518,0.8897483959931209,0.359658232561872,0.359658232561872,66.66666666666667,0.7139874242372811,-0.0007644001761512,0.0599202459927004,0.2031234400386375,-0.0012756601582503,-0.0012756601582503
C,0.5,50,2,0,metis,lspar,0.2,0.1958,ok,245060,245060,0,49.012,49.012,100,47982,0.5634764367083788,0.3282078771294025,0.1762640249748479,0.1762640249748479,100.0,0.7366278934112684,0.4457669912656395,0.19045045230455,0.19045045230455,100.0,0.0274226184016041,0.0009296023054703,0.1731514567028896,0.1175591141362369,0.0141864273297021,0.0141864273297021
C,0.5,50,2,0,leiden,dspar,0.5,0.50048,ok,245060,245060,0,49.012,49.012,100,122648,0.8427975140524796,0.6866249559544834,0.3609338927201224,0.3609338927201224,38.0,0.7436066129025757,0.536281947351641,0.3475752563991272,0.3475752563991272,33.333333333333336,0.6879911761179937,-0.0003277758842066,-0.0991909011499039,-0.1503430086028423,-0.0133586363209952,-0.0133586363209952
C,0.5,50,2,0,metis,dspar,0.5,0.50048,ok,245060,245060,0,49.012,49.012,100,122648,0.5634764367083788,0.3282078771294025,0.1762640249748479,0.1762640249748479,100.0,0.6054073679188011,0.3605499741656176,0.1750698276437467,0.1750698276437467,100.0,0.0279284800875378,0.0008173874349858,0.0419309312104223,0.0323420970362151,-0.0011941973311012,-0.0011941973311012
C,0.5,50,2,0,leiden,dspar,0.2,0.20044,ok,245060,245060,0,49.012,49.012,100,49121,0.8427975140524796,0.6866249559544834,0.3609338927201224,0.3609338927201224,38.0,0.1519665237122585,0.06961477503037,0.1547793693433665,0.1547793693433665,16.0,0.9730397773821992,0.0003005949160577,-0.6908309903402211,-0.6170101809241133,-0.2061545233767559,-0.2061545233767559
C,0.5,50,2,0,metis,dspar,0.2,0.20044,ok,245060,245060,0,49.012,49.012,100,49121,0.5634764367083788,0.3282078771294025,0.1762640249748479,0.1762640249748479,100.0,0.2947089785234981,0.1385543145419186,0.1053202984352008,0.1053202984352008,100.0,0.0157480157480236,0.0010265860351999,-0.2687674581848807,-0.1896535625874839,-0.070943726539647,-0.070943726539647
C,0.5,50,2,10,leiden,lspar,0.5,0.50022,ok,245060,269566,24506,49.012,53.9132,100,134841,0.814407074761485,0.6333194540113566,0.3273104472730173,0.3579387336440609,34.333333333333336,0.8698557315491907,0.7984667134750345,0.3287546252294822,0.3603817408404001,48.66666666666666,0.5930372038624457,-0.0008151215929004,0.0554486567877057,0.1651472594636779,0.0014441779564648,0.0024430071963392
C,0.5,50,2,10,metis,lspar,0.5,0.50022,ok,245060,269566,24506,49.012,53.9132,100,134841,0.5632874353844277,0.3290854148766218,0.1632806993043839,0.1740766112778446,100.0,0.6242639649046203,0.3676187730056969,0.1699348632276396,0.1831285851867156,100.0,0.0288444102037119,0.0006406693932985,0.0609765295201926,0.0385333581290751,0.0066541639232557,0.0090519739088709
C,0.5,50,2,10,leiden,lspar,0.2,0.19795,ok,245060,269566,24506,49.012,53.9132,100,53361,0.814407074761485,0.6333194540113566,0.3273104472730173,0.3579387336440609,34.333333333333336,0.8903534133162737,0.8743694918431695,0.3269953432846453,0.3584811463711991,65.0,0.7046600111049924,-0.0001169321841613,0.0759463385547887,0.2410500378318129,-0.000315103988372,0.0005424127271382
C,0.5,50,2,10,metis,lspar,0.2,0.19795,ok,245060,269566,24506,49.012,53.9132,100,53361,0.5632874353844277,0.3290854148766218,0.1632806993043839,0.1740766112778446,100.0,0.7205726871967678,0.4415677739136807,0.1757534457383705,0.1903128270596962,100.0,0.027712812921102,-6.081774861324705e-06,0.1572852518123401,0.1124823590370589,0.0124727464339866,0.0162362157818515
C,0.5,50,2,10,leiden,dspar,0.5,0.5004,ok,245060,269566,24506,49.012,53.9132,100,134891,0.814407074761485,0.6333194540113566,0.3273104472730173,0.3579387336440609,34.333333333333336,0.6882148551612076,0.5088101958256035,0.3120107577171511,0.3392132515463584,32.333333333333336,0.6563146202406801,-3.5267730543249585e-05,-0.1261922196002773,-0.124509258185753,-0.0152996895558661,-0.0187254820977025
C,0.5,50,2,10,metis,dspar,0.5,0.5004,ok,245060,269566,24506,49.012,53.9132,100,134891,0.5632874353844277,0.3290854148766218,0.1632806993043839,0.1740766112778446,100.0,0.573343675774328,0.3446217616288238,0.1594520023735927,0.1704341963525886,100.0,0.0272396769437524,-0.0013988780502128,0.0100562403899002,0.015536346752202,-0.0038286969307911,-0.003642414925256
C,0.5,50,2,10,leiden,dspar,0.2,0.20039,ok,245060,269566,24506,49.012,53.9132,100,54018,0.814407074761485,0.6333194540113566,0.3273104472730173,0.3579387336440609,34.333333333333336,0.1116219085469526,0.0535898161449845,0.1315979347768684,0.1359321518819201,13.333333333333334,0.8983122014185754,0.0008557254568406,-0.7027851662145324,-0.579729637866372,-0.1957125124961489,-0.2220065817621407
C,0.5,50,2,10,metis,dspar,0.2,0.20039,ok,245060,269566,24506,49.012,53.9132,100,54018,0.5632874353844277,0.3290854148766218,0.1632806993043839,0.1740766112778446,100.0,0.1960644610868187,0.0782840265794336,0.0768854789162901,0.0765905831092126,100.0,0.016062378404209,-0.0018550396555715,-0.367222974297609,-0.2508013882971882,-0.0863952203880937,-0.097486028168632
C,0.5,50,2,25,leiden,lspar,0.5,0.50472,ok,245060,306325,61265,49.012,61.265,100,154609,0.7847376787252774,0.5692275113855837,0.2879854006598333,0.3549603056252812,32.666666666666664,0.85256116280657,0.7707862999730413,0.2893604565639768,0.3589123920686697,46.0,0.5865145792580292,0.0012695343697842,0.0678234840812925,0.2015587885874575,0.0013750559041434,0.0039520864433884
C,0.5,50,2,25,metis,lspar,0.5,0.50472,ok,245060,306325,61265,49.012,61.265,100,154609,0.5348224191544241,0.3111403259037866,0.1449854367981766,0.1697463326402928,100.0,0.5941157655656433,0.348203023772078,0.1479875588966802,0.1769543027649016,100.0,0.0292574776766555,-0.0012766803720568,0.0592933464112191,0.0370626978682914,0.0030021220985035,0.0072079701246088
C,0.5,50,2,25,leiden,lspar,0.2,0.19752,ok,245060,306325,61265,49.012,61.265,100,60505,0.7847376787252774,0.5692275113855837,0.2879854006598333,0.3549603056252812,32.666666666666664,0.8736950856496258,0.8518509247672519,0.2879968125559183,0.3572536174655032,59.0,0.6449005541876938,-0.0006122197360693,0.0889574069243483,0.2826234133816682,1.1411896085000706e-05,0.0022933118402219
C,0.5,50,2,25,metis,lspar,0.2,0.19752,ok,245060,306325,61265,49.012,61.265,100,60505,0.5348224191544241,0.3111403259037866,0.1449854367981766,0.1697463326402928,100.0,0.6984834996675529,0.427676203386493,0.1552516017606409,0.1878746002899278,100.0,0.0268328157299974,0.0013711917169255,0.1636610805131287,0.1165358774827064,0.0102661649624642,0.018128267649635
C,0.5,50,2,25,leiden,dspar,0.5,0.50007,ok,245060,306325,61265,49.012,61.265,100,153183,0.7847376787252774,0.5692275113855837,0.2879854006598333,0.3549603056252812,32.666666666666664,0.6355481402469615,0.4565523340286861,0.2710302906852945,0.3286174639878254,29.666666666666668,0.6301985667575888,-0.0005440560578524,-0.1491895384783159,-0.1126751773568975,-0.0169551099745387,-0.0263428416374558
C,0.5,50,2,25,metis,dspar,0.5,0.50007,ok,245060,306325,61265,49.012,61.265,100,153183,0.5348224191544241,0.3111403259037866,0.1449854367981766,0.1697463326402928,100.0,0.5241298110506414,0.3099145567435798,0.1398685291228168,0.1634105670895382,100.0,0.0247386337537059,0.0006959753885644,-0.0106926081037826,-0.0012257691602067,-0.0051169076753598,-0.0063357655507545
C,0.5,50,2,25,leiden,dspar,0.2,0.20001,ok,245060,306325,61265,49.012,61.265,100,61269,0.7847376787252774,0.5692275113855837,0.2879854006598333,0.3549603056252812,32.666666666666664,0.0827582250556921,0.0360981182987827,0.108243294228857,0.11712923892895,10.333333333333334,0.8080698317057152,0.0001569285463064,-0.7019794536695853,-0.533129393086801,-0.1797421064309762,-0.2378310666963312
C,0.5,50,2,25,metis,dspar,0.2,0.20001,ok,245060,306325,61265,49.012,61.265,100,61269,0.5348224191544241,0.3111403259037866,0.1449854367981766,0.1697463326402928,100.0,0.1385776139358274,0.0486469696583391,0.0604216586095611,0.0593621170854488,100.0,0.0161864140562386,-0.0003896980016304,-0.3962448052185966,-0.2624933562454475,-0.0845637781886155,-0.1103842155548439
C,0.5,50,2,50,leiden,lspar,0.5,0.49876,ok,245060,367590,122530,49.012,73.518,100,183341,0.7363746644598432,0.5052883009541377,0.2404913827254879,0.3496814019813195,28.666666666666668,0.8306142797019834,0.7348600533973771,0.2417664294695667,0.3573806956264569,42.0,0.5544117924277128,-0.0002151930997474,0.0942396152421402,0.2295717524432394,0.0012750467440787,0.0076992936451374
C,0.5,50,2,50,metis,lspar,0.5,0.49876,ok,245060,367590,122530,49.012,73.518,100,183341,0.5066625411388191,0.2954848906582685,0.1235068784383216,0.1654208744735582,100.0,0.5557266394875543,0.3231016726115908,0.1242996772383602,0.172656181169702,100.0,0.0279999999999999,-0.0003206572098558,0.0490640983487351,0.0276167819533222,0.0007927988000385,0.0072353066961437
C,0.5,50,2,50,leiden,lspar,0.2,0.1998,ok,245060,367590,122530,49.012,73.518,100,73445,0.7363746644598432,0.5052883009541377,0.2404913827254879,0.3496814019813195,28.666666666666668,0.8534711881889384,0.8240126371488259,0.2401542661252595,0.3557712984403583,56.0,0.6377739571272768,0.0003339504947136,0.1170965237290951,0.3187243361946882,-0.0003371166002283,0.0060898964590388
C,0.5,50,2,50,metis,lspar,0.2,0.1998,ok,245060,367590,122530,49.012,73.518,100,73445,0.5066625411388191,0.2954848906582685,0.1235068784383216,0.1654208744735582,100.0,0.6738118667323624,0.4145789847396063,0.1297584384932228,0.1850454314727388,100.0,0.0268700576850888,-0.0008053412493712,0.1671493255935432,0.1190940940813378,0.0062515600549011,0.0196245569991805
C,0.5,50,2,50,leiden,dspar,0.5,0.50023,ok,245060,367590,122530,49.012,73.518,100,183879,0.7363746644598432,0.5052883009541377,0.2404913827254879,0.3496814019813195,28.666666666666668,0.4731175328571431,0.2962511033643209,0.2072915689745368,0.2861274018768764,23.33333333333333,0.7036918004875079,-0.0001500625594643,-0.2632571316027001,-0.2090371975898167,-0.0331998137509511,-0.063554000104443
C,0.5,50,2,50,metis,dspar,0.5,0.50023,ok,245060,367590,122530,49.012,73.518,100,183879,0.5066625411388191,0.2954848906582685,0.1235068784383216,0.1654208744735582,100.0,0.4551772112781475,0.273086439860378,0.1149961088134278,0.1520368616149241,100.0,0.0249399278266798,0.0022838995139355,-0.0514853298606716,-0.0223984507978904,-0.0085107696248937,-0.0133840128586341
C,0.5,50,2,50,leiden,dspar,0.2,0.19955,ok,245060,367590,122530,49.012,73.518,100,73354,0.7363746644598432,0.5052883009541377,0.2404913827254879,0.3496814019813195,28.666666666666668,0.0461216384860154,0.0176872169658835,0.07260455904106,0.0780762960708735,9.0,0.7831521474898921,0.0001045588954559,-0.6902530259738278,-0.4876010839882542,-0.1678868236844278,-0.2716051059104459
C,0.5,50,2,50,metis,dspar,0.2,0.19955,ok,245060,367590,122530,49.012,73.518,100,73354,0.5066625411388191,0.2954848906582685,0.1235068784383216,0.1654208744735582,100.0,0.0926565603181394,0.0262746460870074,0.0468182206782325,0.0433698305431177,100.0,0.0146287388383277,-8.051316395432857e-05,-0.4140059808206797,-0.2692102445712611,-0.076688657760089,-0.1220510439304405
C,0.5,50,2,100,leiden,lspar,0.5,0.50354,ok,245060,490120,245060,49.012,98.024,100,246794,0.6305841258968623,0.3783555152569905,0.1804052067583655,0.3342095403835909,22.0,0.7733992103151892,0.6522786240151371,0.1810862728557677,0.3514998994622714,36.333333333333336,0.5623313779481988,-0.0004152465635083,0.1428150844183269,0.2739231087581465,0.0006810660974021,0.0172903590786804
C,0.5,50,2,100,metis,lspar,0.5,0.50354,ok,245060,490120,245060,49.012,98.024,100,246794,0.4732313105656542,0.2770150139688863,0.0950521145151293,0.1577587844948642,100.0,0.5374455590048128,0.3195747521137573,0.094199245055445,0.1674209281465581,100.0,0.0282134719593317,-0.0006658092764977,0.0642142484391585,0.042559738144871,-0.0008528694596843,0.0096621436516939
C,0.5,50,2,100,leiden,lspar,0.2,0.20036,ok,245060,490120,245060,49.012,98.024,100,98199,0.6305841258968623,0.3783555152569905,0.1804052067583655,0.3342095403835909,22.0,0.8237378711084672,0.7693281759965895,0.1801122962869898,0.3532472769435124,50.66666666666666,0.6389911788816159,-4.155805268689448e-05,0.1931537452116049,0.3909726607395989,-0.0002929104713757,0.0190377365599214
C,0.5,50,2,100,metis,lspar,0.2,0.20036,ok,245060,490120,245060,49.012,98.024,100,98199,0.4732313105656542,0.2770150139688863,0.0950521145151293,0.1577587844948642,100.0,0.6167150213190988,0.3730026081740233,0.0960144882364629,0.1778343698512726,100.0,0.0287054001888146,0.0012158605139006,0.1434837107534445,0.0959875942051369,0.0009623737213335,0.0200755853564084
C,0.5,50,2,100,leiden,dspar,0.5,0.4999,ok,245060,490120,245060,49.012,98.024,100,245013,0.6305841258968623,0.3783555152569905,0.1804052067583655,0.3342095403835909,22.0,0.2974176875767035,0.1513929495290527,0.1415428074703251,0.231086881576047,16.333333333333332,0.7596538074963076,-0.0002352395170069,-0.3331664383201587,-0.2269625657279378,-0.0388623992880404,-0.1031226588075438
C,0.5,50,2,100,metis,dspar,0.5,0.4999,ok,245060,490120,245060,49.012,98.024,100,245013,0.4732313105656542,0.2770150139688863,0.0950521145151293,0.1577587844948642,100.0,0.3336380521481555,0.1978162630327184,0.0812491520438644,0.1256483447535228,100.0,0.024,-0.0010722237523975,-0.1395932584174987,-0.0791987509361678,-0.0138029624712649,-0.0321104397413413
C,0.5,50,2,100,leiden,dspar,0.2,0.19928,ok,245060,490120,245060,49.012,98.024,100,97673,0.6305841258968623,0.3783555152569905,0.1804052067583655,0.3342095403835909,22.0,0.0306598292614559,0.0128514690254893,0.0577402939399101,0.0672192140877409,7.0,0.6637259572689945,-0.0001959889544296,-0.5999242966354064,-0.3655040462315012,-0.1226649128184554,-0.26699032629585
C,0.5,50,2,100,metis,dspar,0.2,0.19928,ok,245060,490120,245060,49.012,98.024,100,97673,0.4732313105656542,0.2770150139688863,0.0950521145151293,0.1577587844948642,100.0,0.0579275044605755,0.0108030903977264,0.0341855090977041,0.029015919092401,100.0,0.0164316767251549,0.0001474121244125,-0.4153038061050787,-0.2662119235711598,-0.0608666054174251,-0.1287428654024631
C,0.5,50,3,0,leiden,lspar,0.5,0.49798,ok,256204,256204,0,51.2408,51.2408,91,127584,0.8319474565937858,0.7186771225890807,0.350471499982928,0.350471499982928,35.333333333333336,0.8664539437025173,0.803007380128666,0.3499283655084308,0.3499283655084308,47.333333333333336,0.6619988585662561,0.000503439289128,0.0345064871087315,0.0843302575395853,-0.0005431344744971,-0.0005431344744971
C,0.5,50,3,0,metis,lspar,0.5,0.49798,ok,256204,256204,0,51.2408,51.2408,91,127584,0.604311424689778,0.3603327825815916,0.1817133956918655,0.1817133956918655,91.0,0.648934319127768,0.3930251220508315,0.1851073657902496,0.1851073657902496,91.0,0.0312464397971992,0.0002392628951973,0.0446228944379899,0.0326923394692399,0.003393970098384,0.003393970098384
C,0.5,50,3,0,leiden,lspar,0.2,0.19967,ok,256204,256204,0,51.2408,51.2408,91,51155,0.8319474565937858,0.7186771225890807,0.350471499982928,0.350471499982928,35.333333333333336,0.8924278211607758,0.8830158480561209,0.3487037239144452,0.3487037239144452,59.333333333333336,0.7188791127320996,-0.001395754566635,0.06048036456699,0.1643387254670402,-0.0017677760684827,-0.0017677760684827
C,0.5,50,3,0,metis,lspar,0.2,0.19967,ok,256204,256204,0,51.2408,51.2408,91,51155,0.604311424689778,0.3603327825815916,0.1817133956918655,0.1817133956918655,91.0,0.7433956869441188,0.4549199337189876,0.1858544876930097,0.1858544876930097,91.0,0.0281840380357393,-9.725758314065911e-05,0.1390842622543407,0.0945871511373959,0.0041410920011442,0.0041410920011442
C,0.5,50,3,0,leiden,dspar,0.5,0.49961,ok,256204,256204,0,51.2408,51.2408,91,128001,0.8319474565937858,0.7186771225890807,0.350471499982928,0.350471499982928,35.333333333333336,0.7284884033365703,0.550857655556909,0.3335187566125401,0.3335187566125401,33.666666666666664,0.7663822406086712,-0.0004584118528628,-0.1034590532572155,-0.1678194670321716,-0.0169527433703878,-0.0169527433703878
C,0.5,50,3,0,metis,dspar,0.5,0.49961,ok,256204,256204,0,51.2408,51.2408,91,128001,0.604311424689778,0.3603327825815916,0.1817133956918655,0.1817133956918655,91.0,0.6107102511651639,0.3656890934879171,0.1744597874420583,0.1744597874420583,91.0,0.0279571100080104,-0.0026093346530869,0.0063988264753858,0.0053563109063254,-0.0072536082498072,-0.0072536082498072
C,0.5,50,3,0,leiden,dspar,0.2,0.19937,ok,256204,256204,0,51.2408,51.2408,91,51080,0.8319474565937858,0.7186771225890807,0.350471499982928,0.350471499982928,35.333333333333336,0.1301062531680591,0.0650784647578086,0.1422397944437457,0.1422397944437457,14.0,0.8992868528905871,-0.0001319580810726,-0.7018412034257266,-0.653598657831272,-0.2082317055391822,-0.2082317055391822
C,0.5,50,3,0,metis,dspar,0.2,0.19937,ok,256204,256204,0,51.2408,51.2408,91,51080,0.604311424689778,0.3603327825815916,0.1817133956918655,0.1817133956918655,91.0,0.2691893685384645,0.1226637691486502,0.0990195107474592,0.0990195107474592,91.0,0.0169817549152023,-0.0016717681676985,-0.3351220561513135,-0.2376690134329413,-0.0826938849444063,-0.0826938849444063
C,0.5,50,3,10,leiden,lspar,0.5,0.50116,ok,256204,281824,25620,51.2408,56.3648,91,141238,0.8017722734885459,0.643054402296519,0.317821919521162,0.3473681718893737,31.666666666666668,0.8524191416154876,0.7795207143539669,0.318553507100356,0.349048178731367,44.0,0.6268805178974652,-0.0007252606743869,0.0506468681269417,0.1364663120574478,0.000731587579194,0.0016800068419933
C,0.5,50,3,10,metis,lspar,0.5,0.50116,ok,256204,281824,25620,51.2408,56.3648,91,141238,0.5886311826444885,0.3531805999197068,0.1675625946818516,0.1792104580620409,91.0,0.6335041689438733,0.3829224375746329,0.1678366783503195,0.1810596471709292,91.0,0.0302099321415987,-0.0002341712562201,0.0448729862993847,0.0297418376549261,0.0002740836684679,0.0018491891088882
C,0.5,50,3,10,leiden,lspar,0.2,0.20114,ok,256204,281824,25620,51.2408,56.3648,91,56685,0.8017722734885459,0.643054402296519,0.317821919521162,0.3473681718893737,31.666666666666668,0.8790079500953789,0.8591318970746862,0.3170719189700997,0.3474025257794779,58.333333333333336,0.7412496848631949,0.0008684001255236,0.077235676606833,0.2160774947781671,-0.0007500005510623,3.4353890104199536e-05
C,0.5,50,3,10,metis,lspar,0.2,0.20114,ok,256204,281824,25620,51.2408,56.3648,91,56685,0.5886311826444885,0.3531805999197068,0.1675625946818516,0.1792104580620409,91.0,0.7120182990916025,0.437052399663436,0.1720111034084402,0.1862781769229757,91.0,0.0279896409408909,0.0002804160693489,0.1233871164471139,0.0838717997437292,0.0044485087265885,0.0070677188609348
C,0.5,50,3,10,leiden,dspar,0.5,0.4995,ok,256204,281824,25620,51.2408,56.3648,91,140770,0.8017722734885459,0.643054402296519,0.317821919521162,0.3473681718893737,31.666666666666668,0.6756923872005965,0.5047334699545597,0.2998503750561385,0.3257733319164786,30.33333333333333,0.7035639920179705,-0.0001646464999991,-0.1260798862879493,-0.1383209323419593,-0.0179715444650235,-0.021594839972895
C,0.5,50,3,10,metis,dspar,0.5,0.4995,ok,256204,281824,25620,51.2408,56.3648,91,140770,0.5886311826444885,0.3531805999197068,0.1675625946818516,0.1792104580620409,91.0,0.5486176119976975,0.3296482029995567,0.1561024389375477,0.1665875744981433,91.0,0.0277283248682642,-0.0007864588543149,-0.040013570646791,-0.0235323969201501,-0.0114601557443038,-0.0126228835638975
C,0.5,50,3,10,leiden,dspar,0.2,0.20039,ok,256204,281824,25620,51.2408,56.3648,91,56475,0.8017722734885459,0.643054402296519,0.317821919521162,0.3473681718893737,31.666666666666668,0.0908796990494768,0.0373330741082154,0.1058805902094469,0.1079332273410262,12.0,0.834496277332243,-4.6747061129409706e-05,-0.7108925744390691,-0.6057213281883035,-0.2119413293117151,-0.2394349445483474
C,0.5,50,3,10,metis,dspar,0.2,0.20039,ok,256204,281824,25620,51.2408,56.3648,91,56475,0.5886311826444885,0.3531805999197068,0.1675625946818516,0.1792104580620409,91.0,0.1693077395915828,0.0627873784777488,0.0697514850521883,0.0692873514443042,91.0,0.0140491992654385,1.8412731363314795e-05,-0.4193234430529057,-0.290393221441958,-0.0978111096296633,-0.1099231066177366
C,0.5,50,3,25,leiden,lspar,0.5,0.50108,ok,256204,320255,64051,51.2408,64.051,91,160472,0.7571756583016572,0.5429038940411482,0.2776679597439198,0.3417408967147435,28.666666666666668,0.8370291855738325,0.7647385309560023,0.2804867294151354,0.3478349863715009,42.66666666666666,0.6218429925924153,-0.0002184850976935,0.0798535272721753,0.221834636914854,0.0028187696712156,0.0060940896567573
C,0.5,50,3,25,metis,lspar,0.5,0.50108,ok,256204,320255,64051,51.2408,64.051,91,160472,0.5693690869996811,0.3371630350731008,0.1484809565714193,0.1746013079205671,91.0,0.5896646140893426,0.3511313519505099,0.1442906390498852,0.1724051259703204,91.0,0.0297852312396596,-0.0011643271284045,0.0202955270896614,0.013968316877409,-0.004190317521534,-0.0021961819502466
C,0.5,50,3,25,leiden,lspar,0.2,0.20395,ok,256204,320255,64051,51.2408,64.051,91,65317,0.7571756583016572,0.5429038940411482,0.2776679597439198,0.3417408967147435,28.666666666666668,0.8563411528102197,0.8362343643887065,0.2788287920260333,0.3458017316007422,53.0,0.6741040019000519,1.4163238423296492e-05,0.0991654945085624,0.2933304703475582,0.0011608322821135,0.0040608348859986
C,0.5,50,3,25,metis,lspar,0.2,0.20395,ok,256204,320255,64051,51.2408,64.051,91,65317,0.5693690869996811,0.3371630350731008,0.1484809565714193,0.1746013079205671,91.0,0.6868451295193755,0.4257036486219613,0.1509236547435078,0.1826322762083401,91.0,0.0275637443029788,0.0019032861337972,0.1174760425196943,0.0885406135488605,0.0024426981720885,0.008030968287773
C,0.5,50,3,25,leiden,dspar,0.5,0.50052,ok,256204,320255,64051,51.2408,64.051,91,160294,0.7571756583016572,0.5429038940411482,0.2776679597439198,0.3417408967147435,28.666666666666668,0.5929710560506344,0.4275534639044576,0.2590008738543797,0.313009197077833,25.666666666666668,0.66869839226402,0.0001941644095502,-0.1642046022510228,-0.1153504301366906,-0.01866708588954,-0.0287316996369105
C,0.5,50,3,25,metis,dspar,0.5,0.50052,ok,256204,320255,64051,51.2408,64.051,91,160294,0.5693690869996811,0.3371630350731008,0.1484809565714193,0.1746013079205671,91.0,0.5173040661686706,0.3104409846497027,0.1367400297229374,0.1593865958755709,91.0,0.0273649410743016,0.0005583939910054,-0.0520650208310105,-0.026722050423398,-0.0117409268484819,-0.0152147120449961
C,0.5,50,3,25,leiden,dspar,0.2,0.20037,ok,256204,320255,64051,51.2408,64.051,91,64168,0.7571756583016572,0.5429038940411482,0.2776679597439198,0.3417408967147435,28.666666666666668,0.0635577538733568,0.0281380571696684,0.0890074700180564,0.0930814866465798,10.333333333333334,0.8322242220609084,-0.0008505123565569,-0.6936179044283004,-0.5147658368714798,-0.1886604897258633,-0.2486594100681636
C,0.5,50,3,25,metis,dspar,0.2,0.20037,ok,256204,320255,64051,51.2408,64.051,91,64168,0.5693690869996811,0.3371630350731008,0.1484809565714193,0.1746013079205671,91.0,0.1152676769083013,0.0367773063706614,0.0554663207446968,0.0531421257429153,91.0,0.0139190516918359,-0.0014006426594877,-0.4541014100913798,-0.3003857287024394,-0.0930146358267224,-0.1214591821776517
C,0.5,50,3,50,leiden,lspar,0.5,0.49505,ok,256204,384306,128102,51.2408,76.8612,91,190251,0.7263526217748502,0.5328513403701343,0.2334296402081265,0.3392937863929537,26.0,0.8058398680917837,0.7219387999656921,0.2337070683585892,0.3449438127918469,37.66666666666666,0.5624816581770131,-0.0002085313157841,0.0794872463169334,0.1890874595955578,0.0002774281504627,0.0056500263988931
C,0.5,50,3,50,metis,lspar,0.5,0.49505,ok,256204,384306,128102,51.2408,76.8612,91,190251,0.528569191683233,0.3102629641598177,0.1229827388298974,0.1651345994280615,91.0,0.5764059292984146,0.3442365305595182,0.1208802512422205,0.168870466427753,91.0,0.028695992751602,-0.0008355790841059,0.0478367376151815,0.0339735663997005,-0.0021024875876768,0.0037358669996915
C,0.5,50,3,50,leiden,lspar,0.2,0.20115,ok,256204,384306,128102,51.2408,76.8612,91,77305,0.7263526217748502,0.5328513403701343,0.2334296402081265,0.3392937863929537,26.0,0.8359770612924095,0.8052230820827816,0.2324508650817622,0.3444304391963145,50.0,0.6729827091195554,0.0004471023583216,0.1096244395175592,0.2723717417126473,-0.0009787751263642,0.0051366528033607
C,0.5,50,3,50,metis,lspar,0.2,0.20115,ok,256204,384306,128102,51.2408,76.8612,91,77305,0.528569191683233,0.3102629641598177,0.1229827388298974,0.1651345994280615,91.0,0.6680382094664438,0.4128192532332366,0.1262410274110605,0.1801486625202994,91.0,0.0282163073416774,0.0009990712967045,0.1394690177832107,0.1025562890734189,0.0032582885811631,0.0150140630922379
C,0.5,50,3,50,leiden,dspar,0.5,0.50002,ok,256204,384306,128102,51.2408,76.8612,91,192161,0.7263526217748502,0.5328513403701343,0.2334296402081265,0.3392937863929537,26.0,0.4861587921488501,0.340598269645031,0.2067651507384819,0.2872406859186115,22.0,0.6343419982364102,-0.0009789681205658,-0.240193829626,-0.1922530707251032,-0.0266644894696445,-0.0520531004743421
C,0.5,50,3,50,metis,dspar,0.5,0.50002,ok,256204,384306,128102,51.2408,76.8612,91,192161,0.528569191683233,0.3102629641598177,0.1229827388298974,0.1651345994280615,91.0,0.4169695899775248,0.2516283327734523,0.1094572902323015,0.1424650399198203,91.0,0.0251105555494098,3.022916254024511e-05,-0.1115996017057081,-0.0586346313863653,-0.0135254485975958,-0.0226695595082411
C,0.5,50,3,50,leiden,dspar,0.2,0.20023,ok,256204,384306,128102,51.2408,76.8612,91,76948,0.7263526217748502,0.5328513403701343,0.2334296402081265,0.3392937863929537,26.0,0.038625374735473,0.0144471664155835,0.0651642958358665,0.0673338984777467,8.666666666666666,0.7933857395828755,-8.010311130303749e-06,-0.687727247039377,-0.5184041739545507,-0.1682653443722599,-0.271959887915207
C,0.5,50,3,50,metis,dspar,0.2,0.20023,ok,256204,384306,128102,51.2408,76.8612,91,76948,0.528569191683233,0.3102629641598177,0.1229827388298974,0.1651345994280615,91.0,0.0691793976124392,0.0158012533035049,0.0422892727816012,0.0374822330910872,91.0,0.0157588070614498,0.0015392768321967,-0.4593897940707937,-0.2944617108563127,-0.0806934660482961,-0.1276523663369742
C,0.5,50,3,100,leiden,lspar,0.5,0.49991,ok,256204,512408,256204,51.2408,102.4816,91,256157,0.6107312539595205,0.3773928531743202,0.1750637279256468,0.32282433369705,18.666666666666668,0.7402828787672805,0.6061228364532861,0.1748035260883369,0.3377341234836897,32.0,0.6389913634524158,-0.0006194958584441,0.1295516248077599,0.2287299832789659,-0.0002602018373098,0.0149097897866396
C,0.5,50,3,100,metis,lspar,0.5,0.49991,ok,256204,512408,256204,51.2408,102.4816,91,256157,0.5067376297355151,0.3023540131804635,0.0981966803771958,0.164971681440055,91.0,0.5567376344905602,0.3365256925150363,0.0939234789562298,0.1670665326638108,91.0,0.0299071897710232,-0.0004335153127656,0.0500000047550451,0.0341716793345727,-0.004273201420966,0.0020948512237558
C,0.5,50,3,100,leiden,lspar,0.2,0.20237,ok,256204,512408,256204,51.2408,102.4816,91,103695,0.6107312539595205,0.3773928531743202,0.1750637279256468,0.32282433369705,18.666666666666668,0.7952249602310468,0.74343102088572,0.1742705039222468,0.3407158597028789,45.0,0.674171241253518,0.0004202114823911,0.1844937062715262,0.3660381677113998,-0.0007932240033999,0.0178915260058288
C,0.5,50,3,100,metis,lspar,0.2,0.20237,ok,256204,512408,256204,51.2408,102.4816,91,103695,0.5067376297355151,0.3023540131804635,0.0981966803771958,0.164971681440055,91.0,0.6230603729451911,0.3839373074758572,0.0950905034627217,0.1755532284328232,91.0,0.0299376017743572,-0.0009125777359182,0.116322743209676,0.0815832942953936,-0.0031061769144741,0.0105815469927681
C,0.5,50,3,100,leiden,dspar,0.5,0.49972,ok,256204,512408,256204,51.2408,102.4816,91,256061,0.6107312539595205,0.3773928531743202,0.1750637279256468,0.32282433369705,18.666666666666668,0.2916726684090841,0.1735845888828102,0.1383803277743871,0.2268327552542205,15.0,0.6717392985156323,-0.0004702643102884,-0.3190585855504364,-0.2038082642915099,-0.0366834001512597,-0.0959915784428294
C,0.5,50,3,100,metis,dspar,0.5,0.49972,ok,256204,512408,256204,51.2408,102.4816,91,256061,0.5067376297355151,0.3023540131804635,0.0981966803771958,0.164971681440055,91.0,0.3150363693990557,0.1909368156078311,0.079132769505331,0.1208048627971708,91.0,0.0256838470638648,-0.0018667342624233,-0.1917012603364593,-0.1114171975726324,-0.0190639108718648,-0.0441668186428842
C,0.5,50,3,100,leiden,dspar,0.2,0.19925,ok,256204,512408,256204,51.2408,102.4816,91,102098,0.6107312539595205,0.3773928531743202,0.1750637279256468,0.32282433369705,18.666666666666668,0.0268234403355045,0.011029406400696,0.0524308230199597,0.0579331258152753,6.666666666666667,0.6309868568942486,-0.0002292653766009,-0.583907813624016,-0.3663634467736242,-0.122632904905687,-0.2648912078817747
C,0.5,50,3,100,metis,dspar,0.2,0.19925,ok,256204,512408,256204,51.2408,102.4816,91,102098,0.5067376297355151,0.3023540131804635,0.0981966803771958,0.164971681440055,91.0,0.0472912934254343,0.0099430771029341,0.0333754599286381,0.0282505187247718,91.0,0.018272383533628,0.0007416425837475,-0.4594463363100807,-0.2924109360775294,-0.0648212204485576,-0.1367211627152832
