network,arm,target_ret,realized_ret,seed,n_clusters,frag_nodes,frag_node_frac,AMI,ARI,NMI,AMI_chance,avgF1_ge3,avgF1_chance,resolution,detector
email-Eu-core,baseline,1.0,1.0,100,8,0,0.0,0.5774916561472875,0.35830612609664525,0.6021580624218642,0.0031685174373844325,,,1.0,leiden
email-Eu-core,baseline,1.0,1.0,101,8,0,0.0,0.562123697873622,0.3322208274752097,0.5877173591075322,0.006149077276475094,,,1.0,leiden
email-Eu-core,baseline,1.0,1.0,102,8,0,0.0,0.5597120583264065,0.33017793454725614,0.5853449135790628,-0.005608015025109555,,,1.0,leiden
email-Eu-core,baseline,1.0,1.0,103,8,0,0.0,0.5574707531761818,0.3281319241379798,0.5833760851513908,0.000711658891965427,,,1.0,leiden
email-Eu-core,baseline,1.0,1.0,104,8,0,0.0,0.5561767481413069,0.3265287907966508,0.5821614025753616,0.0021352269670617016,,,1.0,leiden
email-Eu-core,baseline,1.0,1.0,0,8,0,0.0,0.524093189665363,0.22221716772405659,0.5518338446448278,-0.0031246050612361797,,,,graclus
email-Eu-core,baseline,1.0,1.0,1,8,0,0.0,0.524093189665363,0.22221716772405659,0.5518338446448278,0.0006424098297201389,,,,graclus
email-Eu-core,baseline,1.0,1.0,2,8,0,0.0,0.524093189665363,0.22221716772405659,0.5518338446448278,-0.0011566029774635028,,,,graclus
email-Eu-core,kn,0.5,0.50386,0,8,0,0.0,0.5325396907648181,0.24671601137014088,0.5599249137186116,-0.003049697997000425,,,,graclus
email-Eu-core,kn,0.5,0.50417,1,8,0,0.0,0.5575707569538383,0.2669277405298523,0.583713269622959,0.007449730832439231,,,,graclus
email-Eu-core,kn,0.5,0.50118,2,8,0,0.0,0.5594780392540201,0.33568164280016116,0.5852721879026724,0.004383125005551949,,,,graclus
email-Eu-core,ld,0.5,0.49994,0,8,0,0.0,0.365215534576412,0.20088566028880528,0.4022769990027212,-0.0010123896388868035,,,,graclus
email-Eu-core,ld,0.5,0.49994,1,8,0,0.0,0.365215534576412,0.20088566028880528,0.4022769990027212,-0.006776270669882077,,,,graclus
email-Eu-core,ld,0.5,0.49994,2,8,0,0.0,0.365215534576412,0.20088566028880528,0.4022769990027212,0.0015102958134716239,,,,graclus
email-Eu-core,lsim,0.5,0.50012,0,8,0,0.0,0.5227226133489241,0.2630161828720885,0.5507063617918208,0.00643639007219175,,,,graclus
email-Eu-core,lsim,0.5,0.50012,1,8,0,0.0,0.5227226133489241,0.2630161828720885,0.5507063617918208,-0.0013235794746611132,,,,graclus
email-Eu-core,lsim,0.5,0.50012,2,8,0,0.0,0.5227226133489241,0.2630161828720885,0.5507063617918208,0.004860409718544323,,,,graclus
email-Eu-core,mst_jaccard,0.5,0.5,0,8,0,0.0,0.5142637512430965,0.281648321218527,0.5426728282741548,-0.0007220286008502108,,,,graclus
email-Eu-core,mst_jaccard,0.5,0.5,1,8,0,0.0,0.5142637512430965,0.281648321218527,0.5426728282741548,-0.0012657922445780435,,,,graclus
email-Eu-core,mst_jaccard,0.5,0.5,2,8,0,0.0,0.5142637512430965,0.281648321218527,0.5426728282741548,-0.0029097210616372705,,,,graclus
email-Eu-core,mst_random,0.5,0.5,0,8,0,0.0,0.5218379259236126,0.2517745000423936,0.5500033103460447,0.00487501481667654,,,,graclus
email-Eu-core,mst_random,0.5,0.5,1,8,0,0.0,0.5119465792400352,0.2695239902603316,0.5405295730471898,-0.0043236433476633775,,,,graclus
email-Eu-core,mst_random,0.5,0.5,2,8,0,0.0,0.5275685561787645,0.25391207911713304,0.5551909477089161,-0.0033644988790793302,,,,graclus
email-Eu-core,lspar,0.5,0.50205,0,8,0,0.0,0.5341607287290288,0.27889195027345814,0.5614885563706277,0.004202485187223141,,,,graclus
email-Eu-core,lspar,0.5,0.50205,1,8,0,0.0,0.5341607287290288,0.27889195027345814,0.5614885563706277,0.005314291505714403,,,,graclus
email-Eu-core,lspar,0.5,0.50205,2,8,0,0.0,0.5341607287290288,0.27889195027345814,0.5614885563706277,-0.00021199346730923864,,,,graclus
email-Eu-core,dspar,0.5,0.49689,0,8,0,0.0,0.5503875572992913,0.24664901033200784,0.5770307319383661,-0.0017669587554521961,,,,graclus
email-Eu-core,dspar,0.5,0.50268,1,8,0,0.0,0.5098097691145507,0.1911401432283647,0.5383710947030659,-0.0021756297699034605,,,,graclus
email-Eu-core,dspar,0.5,0.49533,2,8,0,0.0,0.5464616397903985,0.24973526601829213,0.5732655800074719,-0.00491568951805341,,,,graclus
email-Eu-core,kn,0.2,0.19684,0,8,0,0.0,0.4597462844702369,0.24166105361656273,0.49132468547774777,-0.004760133903495048,,,,graclus
email-Eu-core,kn,0.2,0.19628,1,8,0,0.0,0.47552449549669434,0.24681535749347497,0.5059784678624649,-0.00758744223369508,,,,graclus
email-Eu-core,kn,0.2,0.19734,2,8,0,0.0,0.48446585024062166,0.2387185471764575,0.5148571420392085,-0.0021639694847298487,,,,graclus
email-Eu-core,ld,0.2,0.20032,0,8,0,0.0,0.13594348017243316,0.05405130259762091,0.18618402264389555,-0.0015144080930033106,,,,graclus
email-Eu-core,ld,0.2,0.20032,1,8,0,0.0,0.13594348017243316,0.05405130259762091,0.18618402264389555,-0.0017098532229748702,,,,graclus
email-Eu-core,ld,0.2,0.20032,2,8,0,0.0,0.13594348017243316,0.05405130259762091,0.18618402264389555,5.327879417109493e-05,,,,graclus
email-Eu-core,lsim,0.2,0.19995,0,8,0,0.0,0.5652853642907401,0.35375577827026616,0.5906455093511014,-0.0003483668653228122,,,,graclus
email-Eu-core,lsim,0.2,0.19995,1,8,0,0.0,0.5652853642907401,0.35375577827026616,0.5906455093511014,-0.004237356262181339,,,,graclus
email-Eu-core,lsim,0.2,0.19995,2,8,0,0.0,0.5652853642907401,0.35375577827026616,0.5906455093511014,0.0015641620463849382,,,,graclus
email-Eu-core,mst_jaccard,0.2,0.20001,0,8,0,0.0,0.5052834073477189,0.2875671385475113,0.5341697853610677,-0.006152148123438017,,,,graclus
email-Eu-core,mst_jaccard,0.2,0.20001,1,8,0,0.0,0.5052834073477189,0.2875671385475113,0.5341697853610677,0.0013771567644439082,,,,graclus
email-Eu-core,mst_jaccard,0.2,0.20001,2,8,0,0.0,0.5052834073477189,0.2875671385475113,0.5341697853610677,-0.0013239619052222253,,,,graclus
email-Eu-core,mst_random,0.2,0.20001,0,8,0,0.0,0.4383439559372598,0.24847991906557865,0.4712072274585089,-0.0021422772170026916,,,,graclus
email-Eu-core,mst_random,0.2,0.20001,1,8,0,0.0,0.46782946484727955,0.2594964642544759,0.4989805597683047,0.001928496523236879,,,,graclus
email-Eu-core,mst_random,0.2,0.20001,2,8,0,0.0,0.44506987379374247,0.2682644881270378,0.47744857469737084,0.0007013731488246186,,,,graclus
email-Eu-core,lspar,0.2,0.20144,0,8,0,0.0,0.544269243116287,0.33640688116712664,0.5708306723252087,-0.002919926650659978,,,,graclus
email-Eu-core,lspar,0.2,0.20144,1,8,0,0.0,0.544269243116287,0.33640688116712664,0.5708306723252087,0.00453821334481569,,,,graclus
email-Eu-core,lspar,0.2,0.20144,2,8,0,0.0,0.544269243116287,0.33640688116712664,0.5708306723252087,0.000653740839648093,,,,graclus
email-Eu-core,dspar,0.2,0.19715,0,8,0,0.0,0.4700320604971832,0.21041091432783882,0.5012461695591404,0.001774557193958707,,,,graclus
email-Eu-core,dspar,0.2,0.19752,1,8,0,0.0,0.44091546666260134,0.23525390523493567,0.47352708957179185,-0.006145590105209514,,,,graclus
email-Eu-core,dspar,0.2,0.20232,2,8,0,0.0,0.4675096731812689,0.21972966803494406,0.4988406451830779,0.007297953487973838,,,,graclus
email-Eu-core,baseline,1.0,1.0,100,8,0,0.0,0.5774916561472875,0.35830612609664525,0.6021580624218642,0.0031685174373844325,,,1.0,leiden
email-Eu-core,baseline,1.0,1.0,101,8,0,0.0,0.562123697873622,0.3322208274752097,0.5877173591075322,0.006149077276475094,,,1.0,leiden
email-Eu-core,baseline,1.0,1.0,102,8,0,0.0,0.5597120583264065,0.33017793454725614,0.5853449135790628,-0.005608015025109555,,,1.0,leiden
email-Eu-core,baseline,1.0,1.0,103,8,0,0.0,0.5574707531761818,0.3281319241379798,0.5833760851513908,0.000711658891965427,,,1.0,leiden
email-Eu-core,baseline,1.0,1.0,104,8,0,0.0,0.5561767481413069,0.3265287907966508,0.5821614025753616,0.0021352269670617016,,,1.0,leiden
email-Eu-core,baseline,1.0,1.0,0,42,25,0.02535496957403651,0.5569331201192995,0.3327147645840755,0.6460060009491524,-0.000134742597341305,,,,graclus
email-Eu-core,baseline,1.0,1.0,1,42,25,0.02535496957403651,0.5569331201192995,0.3327147645840755,0.6460060009491524,-0.008276847788485916,,,,graclus
email-Eu-core,baseline,1.0,1.0,2,42,25,0.02535496957403651,0.5569331201192995,0.3327147645840755,0.6460060009491524,0.005240388777891185,,,,graclus
email-Eu-core,kn,0.5,0.50386,0,42,9,0.009127789046653144,0.5617222111510212,0.3168323031082378,0.6510987038570799,0.003209937529447984,,,,graclus
email-Eu-core,kn,0.5,0.50417,1,42,9,0.009127789046653144,0.5332820127754233,0.2963838748779183,0.6285433487735992,0.0008522917022249841,,,,graclus
email-Eu-core,kn,0.5,0.50118,2,42,16,0.016227180527383367,0.5599320410193314,0.32397340500977534,0.6486575949156916,0.013377863481000604,,,,graclus
email-Eu-core,ld,0.5,0.49994,0,42,0,0.0,0.3014199411571467,0.14496366942836936,0.44526433283136346,-0.005112741445388845,,,,graclus
email-Eu-core,ld,0.5,0.49994,1,42,0,0.0,0.3014199411571467,0.14496366942836936,0.44526433283136346,-0.007566404831116608,,,,graclus
email-Eu-core,ld,0.5,0.49994,2,42,0,0.0,0.3014199411571467,0.14496366942836936,0.44526433283136346,0.0017264758819215313,,,,graclus
email-Eu-core,lsim,0.5,0.50012,0,42,0,0.0,0.5754761460793357,0.36196657148709543,0.6613282864318566,0.007568234985542083,,,,graclus
email-Eu-core,lsim,0.5,0.50012,1,42,0,0.0,0.5754761460793357,0.36196657148709543,0.6613282864318566,0.012006985666288397,,,,graclus
email-Eu-core,lsim,0.5,0.50012,2,42,0,0.0,0.5754761460793357,0.36196657148709543,0.6613282864318566,0.002857885095689609,,,,graclus
email-Eu-core,mst_jaccard,0.5,0.5,0,42,45,0.04563894523326572,0.5500938396573326,0.3225730394462273,0.6372719993461464,-0.008610954188260016,,,,graclus
email-Eu-core,mst_jaccard,0.5,0.5,1,42,45,0.04563894523326572,0.5500938396573326,0.3225730394462273,0.6372719993461464,0.014261979058255962,,,,graclus
email-Eu-core,mst_jaccard,0.5,0.5,2,42,45,0.04563894523326572,0.5500938396573326,0.3225730394462273,0.6372719993461464,-0.0012904359080183065,,,,graclus
email-Eu-core,mst_random,0.5,0.5,0,42,16,0.016227180527383367,0.5188628426027534,0.2900486623516169,0.6158124331103478,-0.010059956696275922,,,,graclus
email-Eu-core,mst_random,0.5,0.5,1,42,27,0.02738336713995943,0.4800929910530547,0.26611613588239913,0.5858625738367319,-0.0033473951127201995,,,,graclus
email-Eu-core,mst_random,0.5,0.5,2,42,0,0.0,0.4915563389840317,0.26856622043778416,0.5947545696702636,0.013565874190741234,,,,graclus
email-Eu-core,lspar,0.5,0.50205,0,42,0,0.0,0.5882249232376006,0.3423095965590136,0.6717311573255671,0.00046660358580911173,,,,graclus
email-Eu-core,lspar,0.5,0.50205,1,42,0,0.0,0.5882249232376006,0.3423095965590136,0.6717311573255671,-0.003281799361884576,,,,graclus
email-Eu-core,lspar,0.5,0.50205,2,42,0,0.0,0.5882249232376006,0.3423095965590136,0.6717311573255671,0.00016510323569064,,,,graclus
email-Eu-core,dspar,0.5,0.49689,0,42,0,0.0,0.556353381873432,0.31268390750114966,0.6467190364536609,-0.007104043706881335,,,,graclus
email-Eu-core,dspar,0.5,0.50268,1,42,9,0.009127789046653144,0.5712283669583521,0.3175461682842647,0.6575041172349041,0.004805552669337198,,,,graclus
email-Eu-core,dspar,0.5,0.49533,2,42,9,0.009127789046653144,0.5690680184082428,0.3237530670975316,0.6561588197290128,0.0007693779718455907,,,,graclus
email-Eu-core,kn,0.2,0.19684,0,42,8,0.008113590263691683,0.4182638211859148,0.2078069414612519,0.5362669015899093,-0.004613378522947459,,,,graclus
email-Eu-core,kn,0.2,0.19628,1,42,0,0.0,0.4574203341074777,0.2452213277114153,0.5682114227211538,-0.0045726486618988494,,,,graclus
email-Eu-core,kn,0.2,0.19734,2,42,0,0.0,0.42559580925076046,0.2126680355549287,0.5431299898658924,0.0035401609174073273,,,,graclus
email-Eu-core,ld,0.2,0.20032,0,42,46,0.04665314401622718,0.1960354781214844,0.06513297001419313,0.3550855869304947,-0.0034604440191213412,,,,graclus
email-Eu-core,ld,0.2,0.20032,1,42,46,0.04665314401622718,0.1960354781214844,0.06513297001419313,0.3550855869304947,0.0011639476634716036,,,,graclus
email-Eu-core,ld,0.2,0.20032,2,42,46,0.04665314401622718,0.1960354781214844,0.06513297001419313,0.3550855869304947,2.4067871617826192e-05,,,,graclus
email-Eu-core,lsim,0.2,0.19995,0,42,0,0.0,0.5751835822292902,0.3301582792097631,0.6617000820741731,-0.0075023066476664745,,,,graclus
email-Eu-core,lsim,0.2,0.19995,1,42,0,0.0,0.5751835822292902,0.3301582792097631,0.6617000820741731,-0.005215537324077147,,,,graclus
email-Eu-core,lsim,0.2,0.19995,2,42,0,0.0,0.5751835822292902,0.3301582792097631,0.6617000820741731,-0.0007523703547108329,,,,graclus
email-Eu-core,mst_jaccard,0.2,0.20001,0,42,0,0.0,0.5707091355543686,0.34881609023468474,0.6574129117604509,0.002763480443769352,,,,graclus
email-Eu-core,mst_jaccard,0.2,0.20001,1,42,0,0.0,0.5707091355543686,0.34881609023468474,0.6574129117604509,0.008016725419010677,,,,graclus
email-Eu-core,mst_jaccard,0.2,0.20001,2,42,0,0.0,0.5707091355543686,0.34881609023468474,0.6574129117604509,0.0038600627857718183,,,,graclus
email-Eu-core,mst_random,0.2,0.20001,0,42,0,0.0,0.41150075885552695,0.19606593989492405,0.5306171102699702,-0.0005911622690967784,,,,graclus
email-Eu-core,mst_random,0.2,0.20001,1,42,0,0.0,0.4475542625396121,0.21214540134912593,0.5598380565841543,0.004516766247244,,,,graclus
email-Eu-core,mst_random,0.2,0.20001,2,42,7,0.007099391480730223,0.42344011961193545,0.207878453995297,0.5401641513297875,0.01099960459174898,,,,graclus
email-Eu-core,lspar,0.2,0.20144,0,42,9,0.009127789046653144,0.5877997013339394,0.3352323734871105,0.6712119197824431,-0.004894197905657827,,,,graclus
email-Eu-core,lspar,0.2,0.20144,1,42,9,0.009127789046653144,0.5877997013339394,0.3352323734871105,0.6712119197824431,-0.0022139616609529776,,,,graclus
email-Eu-core,lspar,0.2,0.20144,2,42,9,0.009127789046653144,0.5877997013339394,0.3352323734871105,0.6712119197824431,0.011467568917638818,,,,graclus
email-Eu-core,dspar,0.2,0.19715,0,42,0,0.0,0.4576338378130115,0.23598429151174313,0.5679373194438004,-0.008827902305828686,,,,graclus
email-Eu-core,dspar,0.2,0.19752,1,42,0,0.0,0.45725495465660415,0.24413138215497493,0.5681628097768575,-0.0036498366120964695,,,,graclus
email-Eu-core,dspar,0.2,0.20232,2,42,0,0.0,0.4498959325781042,0.21722279516604528,0.5620551674224643,-0.0019779819000713176,,,,graclus
com-Amazon,baseline,1.0,1.0,100,300,105,0.0003135610682577651,,,,,0.17651776343433934,0.01237161096544132,1.0,leiden
com-Amazon,baseline,1.0,1.0,101,311,123,0.00036731439424481056,,,,,0.19542425031602345,0.012893245672791157,1.0,leiden
com-Amazon,baseline,1.0,1.0,102,308,91,0.00027175292582339646,,,,,0.1762868016228491,0.013686677877965136,1.0,leiden
com-Amazon,baseline,1.0,1.0,103,307,128,0.0003822458736856565,,,,,0.18008732980185121,0.012625708262850666,1.0,leiden
com-Amazon,baseline,1.0,1.0,104,304,110,0.00032849254769861107,,,,,0.205455664441212,0.012974256550287352,1.0,leiden
com-Amazon,baseline,1.0,1.0,0,306,0,0.0,,,,,0.05237408506521312,0.004978027189488003,,graclus
com-Amazon,baseline,1.0,1.0,1,306,0,0.0,,,,,0.05237408506521312,0.005033833410359928,,graclus
com-Amazon,baseline,1.0,1.0,2,306,0,0.0,,,,,0.05237408506521312,0.005099763239005097,,graclus
com-Amazon,kn,0.5,0.50038,0,306,0,0.0,,,,,0.03801985795324343,0.0053438250328326775,,graclus
com-Amazon,kn,0.5,0.5001,1,306,0,0.0,,,,,0.03386940845851807,0.005315722327931496,,graclus
com-Amazon,kn,0.5,0.50028,2,306,0,0.0,,,,,0.03307308459625278,0.005458460317197617,,graclus
com-Amazon,ld,0.5,0.50385,0,306,0,0.0,,,,,0.026755777047071584,0.0057386748485504634,,graclus
com-Amazon,ld,0.5,0.50385,1,306,0,0.0,,,,,0.026755777047071584,0.006027005761056736,,graclus
com-Amazon,ld,0.5,0.50385,2,306,0,0.0,,,,,0.026755777047071584,0.005848552763270783,,graclus
com-Amazon,lsim,0.5,0.50917,0,306,0,0.0,,,,,0.024869894054914764,0.003642252170284578,,graclus
com-Amazon,lsim,0.5,0.50917,1,306,0,0.0,,,,,0.024869894054914764,0.003703286156202783,,graclus
com-Amazon,lsim,0.5,0.50917,2,306,0,0.0,,,,,0.024869894054914764,0.0036654912797559193,,graclus
com-Amazon,mst_jaccard,0.5,0.5,0,306,0,0.0,,,,,0.03647576619966438,0.003531849047769244,,graclus
com-Amazon,mst_jaccard,0.5,0.5,1,306,0,0.0,,,,,0.03647576619966438,0.003540922845255292,,graclus
com-Amazon,mst_jaccard,0.5,0.5,2,306,0,0.0,,,,,0.03647576619966438,0.003477167996483578,,graclus
com-Amazon,mst_random,0.5,0.5,0,306,0,0.0,,,,,0.043756063563690106,0.004560279062694729,,graclus
com-Amazon,mst_random,0.5,0.5,1,306,0,0.0,,,,,0.040681789411448274,0.004813799851205222,,graclus
com-Amazon,mst_random,0.5,0.5,2,306,0,0.0,,,,,0.04434480563043946,0.004992067961144469,,graclus
com-Amazon,lspar,0.5,0.54177,0,306,0,0.0,,,,,0.02940343337394139,0.0052926214644011225,,graclus
com-Amazon,lspar,0.5,0.54177,1,306,0,0.0,,,,,0.02940343337394139,0.00524464053389794,,graclus
com-Amazon,lspar,0.5,0.54177,2,306,0,0.0,,,,,0.02940343337394139,0.005230090021668582,,graclus
com-Amazon,dspar,0.5,0.49995,0,306,0,0.0,,,,,0.03310475385013503,0.005785195402815694,,graclus
com-Amazon,dspar,0.5,0.50075,1,306,0,0.0,,,,,0.03562561734852568,0.005514173717027993,,graclus
com-Amazon,dspar,0.5,0.4999,2,306,0,0.0,,,,,0.0355762988694453,0.0053370283766894806,,graclus
com-Amazon,kn,0.3618,0.36439,0,306,0,0.0,,,,,0.02537629516733356,0.00398008173103763,,graclus
com-Amazon,kn,0.3618,0.36443,1,306,0,0.0,,,,,0.02497671865408785,0.003849997319762836,,graclus
com-Amazon,kn,0.3618,0.36435,2,306,0,0.0,,,,,0.02449825467707273,0.004058325064541177,,graclus
com-Amazon,ld,0.3618,0.36105,0,306,0,0.0,,,,,0.02644770768789676,0.003057653748139018,,graclus
com-Amazon,ld,0.3618,0.36105,1,306,0,0.0,,,,,0.02644770768789676,0.003089209523805851,,graclus
com-Amazon,ld,0.3618,0.36105,2,306,0,0.0,,,,,0.02644770768789676,0.003067703877857066,,graclus
com-Amazon,lsim,0.3618,0.35866,0,306,0,0.0,,,,,0.023321869386498238,0.0030682941898354296,,graclus
com-Amazon,lsim,0.3618,0.35866,1,306,0,0.0,,,,,0.023321869386498238,0.0030866799440971682,,graclus
com-Amazon,lsim,0.3618,0.35866,2,306,0,0.0,,,,,0.023321869386498238,0.0031044524715801367,,graclus
com-Amazon,mst_jaccard,0.3618,0.3618,0,306,0,0.0,,,,,0.0362724525597507,0.0035716323395577187,,graclus
com-Amazon,mst_jaccard,0.3618,0.3618,1,306,0,0.0,,,,,0.0362724525597507,0.0035972206880164875,,graclus
com-Amazon,mst_jaccard,0.3618,0.3618,2,306,0,0.0,,,,,0.0362724525597507,0.0037227795342334447,,graclus
com-Amazon,mst_random,0.3618,0.3618,0,306,0,0.0,,,,,0.03526819710994858,0.003889421104693501,,graclus
com-Amazon,mst_random,0.3618,0.3618,1,306,0,0.0,,,,,0.03682873266131754,0.0035186551171599145,,graclus
com-Amazon,mst_random,0.3618,0.3618,2,306,0,0.0,,,,,0.035547318393220735,0.003504311656037584,,graclus
com-Amazon,lspar,0.3618,0.30057,0,306,0,0.0,,,,,0.01701339015554487,0.003127931136867141,,graclus
com-Amazon,lspar,0.3618,0.30057,1,306,0,0.0,,,,,0.01701339015554487,0.003131563345131926,,graclus
com-Amazon,lspar,0.3618,0.30057,2,306,0,0.0,,,,,0.01701339015554487,0.003036775099666531,,graclus
com-Amazon,dspar,0.3618,0.36194,0,306,0,0.0,,,,,0.02481386818201632,0.003554287650520599,,graclus
com-Amazon,dspar,0.3618,0.36221,1,306,0,0.0,,,,,0.02470918102988373,0.0036219375936913847,,graclus
com-Amazon,dspar,0.3618,0.36139,2,306,0,0.0,,,,,0.02606537446981087,0.003587889656599991,,graclus
com-Amazon,kn,0.2,0.20368,0,306,0,0.0,,,,,0.011066877483456077,0.003090712192710213,,graclus
com-Amazon,kn,0.2,0.20362,1,306,0,0.0,,,,,0.010811695646738971,0.0030772326134922436,,graclus
com-Amazon,kn,0.2,0.204,2,306,0,0.0,,,,,0.011068088011553012,0.0030968212040931664,,graclus
com-Amazon,ld,0.2,0.35213,0,306,0,0.0,,,,,0.028132903221594622,0.003100138838238386,,graclus
com-Amazon,ld,0.2,0.35213,1,306,0,0.0,,,,,0.028132903221594622,0.0030349918274940983,,graclus
com-Amazon,ld,0.2,0.35213,2,306,0,0.0,,,,,0.028132903221594622,0.003119415521766087,,graclus
com-Amazon,lsim,0.2,0.29807,0,306,0,0.0,,,,,0.016949972327151983,0.0030828086172936748,,graclus
com-Amazon,lsim,0.2,0.29807,1,306,0,0.0,,,,,0.016949972327151983,0.003101981640361384,,graclus
com-Amazon,lsim,0.2,0.29807,2,306,0,0.0,,,,,0.016949972327151983,0.003093699132310461,,graclus
com-Amazon,lspar,0.2,0.30057,0,306,0,0.0,,,,,0.01701339015554487,0.0030198905715196796,,graclus
com-Amazon,lspar,0.2,0.30057,1,306,0,0.0,,,,,0.01701339015554487,0.003081509911809422,,graclus
com-Amazon,lspar,0.2,0.30057,2,306,0,0.0,,,,,0.01701339015554487,0.0030497396259831396,,graclus
com-Amazon,dspar,0.2,0.20023,0,306,0,0.0,,,,,0.012462130096740052,0.0030555679391691274,,graclus
com-Amazon,dspar,0.2,0.20028,1,306,0,0.0,,,,,0.01196295391376245,0.003094393706197517,,graclus
com-Amazon,dspar,0.2,0.19977,2,306,0,0.0,,,,,0.012732318763785853,0.003106707443189251,,graclus
com-Amazon,baseline,1.0,1.0,100,300,105,0.0003135610682577651,,,,,0.17651776343433934,0.01237161096544132,1.0,leiden
com-Amazon,baseline,1.0,1.0,101,311,123,0.00036731439424481056,,,,,0.19542425031602345,0.012893245672791157,1.0,leiden
com-Amazon,baseline,1.0,1.0,102,308,91,0.00027175292582339646,,,,,0.1762868016228491,0.013686677877965136,1.0,leiden
com-Amazon,baseline,1.0,1.0,103,307,128,0.0003822458736856565,,,,,0.18008732980185121,0.012625708262850666,1.0,leiden
com-Amazon,baseline,1.0,1.0,104,304,110,0.00032849254769861107,,,,,0.205455664441212,0.012974256550287352,1.0,leiden
com-Amazon,baseline,1.0,1.0,0,5000,0,0.0,,,,,0.1909048988938018,0.03265378460561548,,graclus
com-Amazon,baseline,1.0,1.0,1,5000,0,0.0,,,,,0.1909048988938018,0.032642749181505594,,graclus
com-Amazon,baseline,1.0,1.0,2,5000,0,0.0,,,,,0.1909048988938018,0.032915552930865885,,graclus
com-Amazon,kn,0.5,0.50038,0,5000,335,0.0010004091225366792,,,,,0.1742008211349964,0.029633221728502714,,graclus
com-Amazon,kn,0.5,0.5001,1,5000,269,0.0008033135939175126,,,,,0.1736888682520032,0.029812769008905997,,graclus
com-Amazon,kn,0.5,0.50028,2,5000,98,0.00029265699704058076,,,,,0.17451142019655477,0.029770678783680095,,graclus
com-Amazon,ld,0.5,0.50385,0,5000,7,2.0904071217184343e-05,,,,,0.17173599926327465,0.031207702256048273,,graclus
com-Amazon,ld,0.5,0.50385,1,5000,7,2.0904071217184343e-05,,,,,0.17173599926327465,0.031007653980952024,,graclus
com-Amazon,ld,0.5,0.50385,2,5000,7,2.0904071217184343e-05,,,,,0.17173599926327465,0.03121479577040792,,graclus
com-Amazon,lsim,0.5,0.50917,0,5000,71,0.0002120270080600126,,,,,0.1575221249022471,0.027691507427964057,,graclus
com-Amazon,lsim,0.5,0.50917,1,5000,71,0.0002120270080600126,,,,,0.1575221249022471,0.027679041347178933,,graclus
com-Amazon,lsim,0.5,0.50917,2,5000,71,0.0002120270080600126,,,,,0.1575221249022471,0.027372596674616532,,graclus
com-Amazon,mst_jaccard,0.5,0.5,0,5000,0,0.0,,,,,0.171061557767946,0.02841802823535533,,graclus
com-Amazon,mst_jaccard,0.5,0.5,1,5000,0,0.0,,,,,0.171061557767946,0.028476184450201003,,graclus
com-Amazon,mst_jaccard,0.5,0.5,2,5000,0,0.0,,,,,0.171061557767946,0.028472019999278807,,graclus
com-Amazon,mst_random,0.5,0.5,0,5000,0,0.0,,,,,0.18065494328857692,0.029118039649904417,,graclus
com-Amazon,mst_random,0.5,0.5,1,5000,6,1.791777532901515e-05,,,,,0.18014142836424196,0.02940318859912371,,graclus
com-Amazon,mst_random,0.5,0.5,2,5000,0,0.0,,,,,0.17984651266954757,0.029283399435526526,,graclus
com-Amazon,lspar,0.5,0.54177,0,5000,671,0.0020038045409615274,,,,,0.16482985918818827,0.029404448896907673,,graclus
com-Amazon,lspar,0.5,0.54177,1,5000,671,0.0020038045409615274,,,,,0.16482985918818827,0.028692548701879816,,graclus
com-Amazon,lspar,0.5,0.54177,2,5000,671,0.0020038045409615274,,,,,0.16482985918818827,0.029137028403214017,,graclus
com-Amazon,dspar,0.5,0.49995,0,5000,138,0.00041210883256734846,,,,,0.16884030831233138,0.030046993002001983,,graclus
com-Amazon,dspar,0.5,0.50075,1,5000,454,0.001355778333228813,,,,,0.16034421130760182,0.031265232864914234,,graclus
com-Amazon,dspar,0.5,0.4999,2,5000,106,0.0003165473641459343,,,,,0.17058302496233985,0.02972123307931178,,graclus
com-Amazon,kn,0.3618,0.36439,0,5000,197,0.0005883002899693307,,,,,0.14841852417751045,0.02798520638230778,,graclus
com-Amazon,kn,0.3618,0.36443,1,5000,187,0.0005584373310876388,,,,,0.14779045199957344,0.028742999694591896,,graclus
com-Amazon,kn,0.3618,0.36435,2,5000,248,0.0007406013802659595,,,,,0.14814354236711794,0.028274431853282815,,graclus
com-Amazon,ld,0.3618,0.36105,0,5000,218,0.0006510125036208838,,,,,0.16179991610133612,0.029494532016697196,,graclus
com-Amazon,ld,0.3618,0.36105,1,5000,218,0.0006510125036208838,,,,,0.16179991610133612,0.029524225684753713,,graclus
com-Amazon,ld,0.3618,0.36105,2,5000,218,0.0006510125036208838,,,,,0.16179991610133612,0.02959808874060526,,graclus
com-Amazon,lsim,0.3618,0.35866,0,5000,0,0.0,,,,,0.1378075748275172,0.026350962536374627,,graclus
com-Amazon,lsim,0.3618,0.35866,1,5000,0,0.0,,,,,0.1378075748275172,0.026323505709960268,,graclus
com-Amazon,lsim,0.3618,0.35866,2,5000,0,0.0,,,,,0.1378075748275172,0.026450277034647914,,graclus
com-Amazon,mst_jaccard,0.3618,0.3618,0,5000,6,1.791777532901515e-05,,,,,0.1678139820427042,0.027120969745880533,,graclus
com-Amazon,mst_jaccard,0.3618,0.3618,1,5000,6,1.791777532901515e-05,,,,,0.1678139820427042,0.027230438018749973,,graclus
com-Amazon,mst_jaccard,0.3618,0.3618,2,5000,6,1.791777532901515e-05,,,,,0.1678139820427042,0.027099461604337467,,graclus
com-Amazon,mst_random,0.3618,0.3618,0,5000,0,0.0,,,,,0.16674337606457526,0.02739817859223973,,graclus
com-Amazon,mst_random,0.3618,0.3618,1,5000,0,0.0,,,,,0.16955465920506732,0.027281281138127268,,graclus
com-Amazon,mst_random,0.3618,0.3618,2,5000,12,3.58355506580303e-05,,,,,0.1697722481592194,0.02731324022951298,,graclus
com-Amazon,lspar,0.3618,0.30057,0,5000,9,2.6876662993522724e-05,,,,,0.1128137932060322,0.025501789447071314,,graclus
com-Amazon,lspar,0.3618,0.30057,1,5000,9,2.6876662993522724e-05,,,,,0.1128137932060322,0.025729958973570943,,graclus
com-Amazon,lspar,0.3618,0.30057,2,5000,9,2.6876662993522724e-05,,,,,0.1128137932060322,0.025593895965957077,,graclus
com-Amazon,dspar,0.3618,0.36194,0,5000,110,0.00032849254769861107,,,,,0.13983729775857054,0.0291297370611058,,graclus
com-Amazon,dspar,0.3618,0.36221,1,5000,256,0.000764491747371313,,,,,0.14013798981336076,0.029592485492234036,,graclus
com-Amazon,dspar,0.3618,0.36139,2,5000,306,0.0009138065417797726,,,,,0.14423864853111762,0.028650967364950493,,graclus
com-Amazon,kn,0.2,0.20368,0,5000,9,2.6876662993522724e-05,,,,,0.07956336160307355,0.02565521632525259,,graclus
com-Amazon,kn,0.2,0.20362,1,5000,0,0.0,,,,,0.07984168380949207,0.0255126198847297,,graclus
com-Amazon,kn,0.2,0.204,2,5000,9,2.6876662993522724e-05,,,,,0.07974337034684748,0.025709700531303163,,graclus
com-Amazon,ld,0.2,0.35213,0,5000,354,0.0010571487444118938,,,,,0.16179111046066558,0.029392578690848273,,graclus
com-Amazon,ld,0.2,0.35213,1,5000,354,0.0010571487444118938,,,,,0.16179111046066558,0.029736151817507134,,graclus
com-Amazon,ld,0.2,0.35213,2,5000,354,0.0010571487444118938,,,,,0.16179111046066558,0.02928702721853411,,graclus
com-Amazon,lsim,0.2,0.29807,0,5000,4,1.1945183552676766e-05,,,,,0.11254885622115698,0.02558379654225748,,graclus
com-Amazon,lsim,0.2,0.29807,1,5000,4,1.1945183552676766e-05,,,,,0.11254885622115698,0.025583132699289756,,graclus
com-Amazon,lsim,0.2,0.29807,2,5000,4,1.1945183552676766e-05,,,,,0.11254885622115698,0.02557407070575199,,graclus
com-Amazon,lspar,0.2,0.30057,0,5000,9,2.6876662993522724e-05,,,,,0.1128137932060322,0.025584915968314595,,graclus
com-Amazon,lspar,0.2,0.30057,1,5000,9,2.6876662993522724e-05,,,,,0.1128137932060322,0.02560585614649888,,graclus
com-Amazon,lspar,0.2,0.30057,2,5000,9,2.6876662993522724e-05,,,,,0.1128137932060322,0.025480677818425074,,graclus
com-Amazon,dspar,0.2,0.20023,0,5000,0,0.0,,,,,0.08644897151022067,0.025654780268283838,,graclus
com-Amazon,dspar,0.2,0.20028,1,5000,0,0.0,,,,,0.08423084860872164,0.025864217418176162,,graclus
com-Amazon,dspar,0.2,0.19977,2,5000,17,5.0767030098876256e-05,,,,,0.087769568059435,0.025838216204564887,,graclus
com-DBLP,baseline,1.0,1.0,100,225,345,0.0010880534880787184,,,,,0.10890882219145614,0.021028870578349068,1.0,leiden
com-DBLP,baseline,1.0,1.0,101,227,310,0.0009776712501576889,,,,,0.11880080239782348,0.02243565042887174,1.0,leiden
com-DBLP,baseline,1.0,1.0,102,229,341,0.0010754383751734578,,,,,0.11710095082505068,0.020783469058528237,1.0,leiden
com-DBLP,baseline,1.0,1.0,103,240,419,0.0013214330768260376,,,,,0.12377633735319472,0.023842216723632178,1.0,leiden
com-DBLP,baseline,1.0,1.0,104,224,288,0.0009082881291787562,,,,,0.14539505312593523,0.02359903815399804,1.0,leiden
com-DBLP,baseline,1.0,1.0,0,229,0,0.0,,,,,0.0488585564088894,0.006498660325987724,,graclus
com-DBLP,baseline,1.0,1.0,1,229,0,0.0,,,,,0.0488585564088894,0.006477025253527024,,graclus
com-DBLP,baseline,1.0,1.0,2,229,0,0.0,,,,,0.0488585564088894,0.00643936025973693,,graclus
com-DBLP,kn,0.5,0.50053,0,229,0,0.0,,,,,0.046377706627997166,0.009615694342745347,,graclus
com-DBLP,kn,0.5,0.50067,1,229,0,0.0,,,,,0.045449130954095834,0.008779763291078943,,graclus
com-DBLP,kn,0.5,0.50056,2,229,0,0.0,,,,,0.04430723068722358,0.007778379826819229,,graclus
com-DBLP,ld,0.5,0.49963,0,229,0,0.0,,,,,0.04351450076316309,0.00823675220510376,,graclus
com-DBLP,ld,0.5,0.49963,1,229,0,0.0,,,,,0.04351450076316309,0.008180063228167098,,graclus
com-DBLP,ld,0.5,0.49963,2,229,0,0.0,,,,,0.04351450076316309,0.008253224733724987,,graclus
com-DBLP,lsim,0.5,0.49998,0,229,0,0.0,,,,,0.028458978654773877,0.005947614535115256,,graclus
com-DBLP,lsim,0.5,0.49998,1,229,0,0.0,,,,,0.028458978654773877,0.0058946410238106105,,graclus
com-DBLP,lsim,0.5,0.49998,2,229,0,0.0,,,,,0.028458978654773877,0.005841054299463677,,graclus
com-DBLP,mst_jaccard,0.5,0.5,0,229,0,0.0,,,,,0.03394004488990492,0.005604290308221192,,graclus
com-DBLP,mst_jaccard,0.5,0.5,1,229,0,0.0,,,,,0.03394004488990492,0.005528919413069778,,graclus
com-DBLP,mst_jaccard,0.5,0.5,2,229,0,0.0,,,,,0.03394004488990492,0.005643759317197664,,graclus
com-DBLP,mst_random,0.5,0.5,0,229,0,0.0,,,,,0.04446838461457228,0.007256535236399251,,graclus
com-DBLP,mst_random,0.5,0.5,1,229,0,0.0,,,,,0.04383186624945547,0.0069688564018824985,,graclus
com-DBLP,mst_random,0.5,0.5,2,229,0,0.0,,,,,0.04661340285123983,0.00719021286508174,,graclus
com-DBLP,lspar,0.5,0.50304,0,229,0,0.0,,,,,0.0346718483153781,0.006913782476412578,,graclus
com-DBLP,lspar,0.5,0.50304,1,229,0,0.0,,,,,0.0346718483153781,0.006806371696864397,,graclus
com-DBLP,lspar,0.5,0.50304,2,229,0,0.0,,,,,0.0346718483153781,0.006877770986628597,,graclus
com-DBLP,dspar,0.5,0.49982,0,229,0,0.0,,,,,0.04716928863846775,0.008237218272487544,,graclus
com-DBLP,dspar,0.5,0.50061,1,229,0,0.0,,,,,0.04140207798682086,0.009436531433885991,,graclus
com-DBLP,dspar,0.5,0.50015,2,229,0,0.0,,,,,0.04237828949797761,0.008008760255951907,,graclus
com-DBLP,kn,0.3022,0.30411,0,229,0,0.0,,,,,0.023788987440228497,0.006035908500264457,,graclus
com-DBLP,kn,0.3022,0.30415,1,229,0,0.0,,,,,0.02663908952420504,0.006101805436080483,,graclus
com-DBLP,kn,0.3022,0.30429,2,229,0,0.0,,,,,0.025538325214991466,0.006290130806170022,,graclus
com-DBLP,ld,0.3022,0.3022,0,229,0,0.0,,,,,0.030200705222029077,0.00534393594007858,,graclus
com-DBLP,ld,0.3022,0.3022,1,229,0,0.0,,,,,0.030200705222029077,0.005433330855218487,,graclus
com-DBLP,ld,0.3022,0.3022,2,229,0,0.0,,,,,0.030200705222029077,0.005456490670053996,,graclus
com-DBLP,lsim,0.3022,0.30252,0,229,0,0.0,,,,,0.017291170606989183,0.005416796910165091,,graclus
com-DBLP,lsim,0.3022,0.30252,1,229,0,0.0,,,,,0.017291170606989183,0.005395627522451175,,graclus
com-DBLP,lsim,0.3022,0.30252,2,229,0,0.0,,,,,0.017291170606989183,0.005416701796089617,,graclus
com-DBLP,mst_jaccard,0.3022,0.3022,0,229,0,0.0,,,,,0.0331665186713968,0.005648881977040478,,graclus
com-DBLP,mst_jaccard,0.3022,0.3022,1,229,0,0.0,,,,,0.0331665186713968,0.005668761037938541,,graclus
com-DBLP,mst_jaccard,0.3022,0.3022,2,229,0,0.0,,,,,0.0331665186713968,0.005620771796125478,,graclus
com-DBLP,mst_random,0.3022,0.3022,0,229,0,0.0,,,,,0.03398576904065924,0.005647742041341546,,graclus
com-DBLP,mst_random,0.3022,0.3022,1,229,0,0.0,,,,,0.03384188546635012,0.005588086703745826,,graclus
com-DBLP,mst_random,0.3022,0.3022,2,229,0,0.0,,,,,0.033561598450046325,0.005617549103739207,,graclus
com-DBLP,lspar,0.3022,0.24408,0,229,0,0.0,,,,,0.012471975350565637,0.00538653343513491,,graclus
com-DBLP,lspar,0.3022,0.24408,1,229,0,0.0,,,,,0.012471975350565637,0.0054192135794012926,,graclus
com-DBLP,lspar,0.3022,0.24408,2,229,0,0.0,,,,,0.012471975350565637,0.005376667523135207,,graclus
com-DBLP,dspar,0.3022,0.30167,0,229,0,0.0,,,,,0.02489175283219194,0.005729038152956147,,graclus
com-DBLP,dspar,0.3022,0.30255,1,229,0,0.0,,,,,0.02458165196828501,0.005713702382625266,,graclus
com-DBLP,dspar,0.3022,0.3022,2,229,0,0.0,,,,,0.02443277205524251,0.005626701228143054,,graclus
com-DBLP,kn,0.2,0.19613,0,229,0,0.0,,,,,0.010702441384630893,0.005406547194830013,,graclus
com-DBLP,kn,0.2,0.19607,1,229,0,0.0,,,,,0.010598136922484108,0.005354649995975076,,graclus
com-DBLP,kn,0.2,0.19592,2,229,0,0.0,,,,,0.010678689983161132,0.005387783472037843,,graclus
com-DBLP,ld,0.2,0.30128,0,229,0,0.0,,,,,0.03001050255034184,0.005439827947171649,,graclus
com-DBLP,ld,0.2,0.30128,1,229,0,0.0,,,,,0.03001050255034184,0.005416406298452855,,graclus
com-DBLP,ld,0.2,0.30128,2,229,0,0.0,,,,,0.03001050255034184,0.005373148429201119,,graclus
com-DBLP,lsim,0.2,0.23374,0,229,0,0.0,,,,,0.011373039430938422,0.005365211140205597,,graclus
com-DBLP,lsim,0.2,0.23374,1,229,0,0.0,,,,,0.011373039430938422,0.005362103657120293,,graclus
com-DBLP,lsim,0.2,0.23374,2,229,0,0.0,,,,,0.011373039430938422,0.005372097622693355,,graclus
com-DBLP,lspar,0.2,0.24408,0,229,0,0.0,,,,,0.012471975350565637,0.005401079243562149,,graclus
com-DBLP,lspar,0.2,0.24408,1,229,0,0.0,,,,,0.012471975350565637,0.005415285826064348,,graclus
com-DBLP,lspar,0.2,0.24408,2,229,0,0.0,,,,,0.012471975350565637,0.005420455844556294,,graclus
com-DBLP,dspar,0.2,0.19962,0,229,0,0.0,,,,,0.01377734299513847,0.005675380652752554,,graclus
com-DBLP,dspar,0.2,0.20039,1,229,0,0.0,,,,,0.012872571271284217,0.005425267135773581,,graclus
com-DBLP,dspar,0.2,0.20004,2,229,0,0.0,,,,,0.016843010300931462,0.006585973706398388,,graclus
com-DBLP,baseline,1.0,1.0,100,225,345,0.0010880534880787184,,,,,0.10890882219145614,0.021028870578349068,1.0,leiden
com-DBLP,baseline,1.0,1.0,101,227,310,0.0009776712501576889,,,,,0.11880080239782348,0.02243565042887174,1.0,leiden
com-DBLP,baseline,1.0,1.0,102,229,341,0.0010754383751734578,,,,,0.11710095082505068,0.020783469058528237,1.0,leiden
com-DBLP,baseline,1.0,1.0,103,240,419,0.0013214330768260376,,,,,0.12377633735319472,0.023842216723632178,1.0,leiden
com-DBLP,baseline,1.0,1.0,104,224,288,0.0009082881291787562,,,,,0.14539505312593523,0.02359903815399804,1.0,leiden
com-DBLP,baseline,1.0,1.0,0,5000,73,0.00023022581052100415,,,,,0.21837694732064356,0.03913542658783141,,graclus
com-DBLP,baseline,1.0,1.0,1,5000,73,0.00023022581052100415,,,,,0.21837694732064356,0.03918213699452139,,graclus
com-DBLP,baseline,1.0,1.0,2,5000,73,0.00023022581052100415,,,,,0.21837694732064356,0.039266221369804045,,graclus
com-DBLP,kn,0.5,0.50053,0,5000,139,0.00043837517345780245,,,,,0.1940283359766078,0.034861054793529606,,graclus
com-DBLP,kn,0.5,0.50067,1,5000,435,0.0013718935284470796,,,,,0.19153583853970785,0.034984401431025686,,graclus
com-DBLP,kn,0.5,0.50056,2,5000,403,0.0012709726252049956,,,,,0.18644133212514497,0.035066121602259165,,graclus
com-DBLP,ld,0.5,0.49963,0,5000,0,0.0,,,,,0.19721733389370105,0.038630526227271464,,graclus
com-DBLP,ld,0.5,0.49963,1,5000,0,0.0,,,,,0.19721733389370105,0.03859191707171357,,graclus
com-DBLP,ld,0.5,0.49963,2,5000,0,0.0,,,,,0.19721733389370105,0.038787800428975075,,graclus
com-DBLP,lsim,0.5,0.49998,0,5000,144,0.0004541440645893781,,,,,0.1683458951862256,0.03236818900783905,,graclus
com-DBLP,lsim,0.5,0.49998,1,5000,144,0.0004541440645893781,,,,,0.1683458951862256,0.03229398616572463,,graclus
com-DBLP,lsim,0.5,0.49998,2,5000,144,0.0004541440645893781,,,,,0.1683458951862256,0.032044204879538234,,graclus
com-DBLP,mst_jaccard,0.5,0.5,0,5000,0,0.0,,,,,0.18710392233085127,0.031061891381273264,,graclus
com-DBLP,mst_jaccard,0.5,0.5,1,5000,0,0.0,,,,,0.18710392233085127,0.031035618085374726,,graclus
com-DBLP,mst_jaccard,0.5,0.5,2,5000,0,0.0,,,,,0.18710392233085127,0.031120212933915998,,graclus
com-DBLP,mst_random,0.5,0.5,0,5000,0,0.0,,,,,0.19858478747057745,0.03514953197563908,,graclus
com-DBLP,mst_random,0.5,0.5,1,5000,0,0.0,,,,,0.1985372860144276,0.035322929348184956,,graclus
com-DBLP,mst_random,0.5,0.5,2,5000,0,0.0,,,,,0.19793714035380916,0.0353644686259951,,graclus
com-DBLP,lspar,0.5,0.50304,0,5000,357,0.0011258988267944998,,,,,0.17371736204996824,0.032241326405421315,,graclus
com-DBLP,lspar,0.5,0.50304,1,5000,357,0.0011258988267944998,,,,,0.17371736204996824,0.03258882772405246,,graclus
com-DBLP,lspar,0.5,0.50304,2,5000,357,0.0011258988267944998,,,,,0.17371736204996824,0.03266703321841581,,graclus
com-DBLP,dspar,0.5,0.49982,0,5000,517,0.00163050334300492,,,,,0.18814429717185557,0.03521913486795,,graclus
com-DBLP,dspar,0.5,0.50061,1,5000,417,0.0013151255203734074,,,,,0.1889519461560122,0.03531498225235513,,graclus
com-DBLP,dspar,0.5,0.50015,2,5000,289,0.0009114419074050713,,,,,0.19075870207189605,0.03506837208585424,,graclus
com-DBLP,kn,0.3022,0.30411,0,5000,136,0.0004289138387788571,,,,,0.1564332554260422,0.03146280122718003,,graclus
com-DBLP,kn,0.3022,0.30415,1,5000,400,0.0012615112905260501,,,,,0.15439540624561032,0.03218675528526959,,graclus
com-DBLP,kn,0.3022,0.30429,2,5000,205,0.0006465245363946007,,,,,0.1565638509858679,0.031835479923150445,,graclus
com-DBLP,ld,0.3022,0.3022,0,5000,357,0.0011258988267944998,,,,,0.1746967914594911,0.036262248038110706,,graclus
com-DBLP,ld,0.3022,0.3022,1,5000,357,0.0011258988267944998,,,,,0.1746967914594911,0.03616069576792988,,graclus
com-DBLP,ld,0.3022,0.3022,2,5000,357,0.0011258988267944998,,,,,0.1746967914594911,0.03616513287997173,,graclus
com-DBLP,lsim,0.3022,0.30252,0,5000,0,0.0,,,,,0.14966662504412842,0.030118227640858954,,graclus
com-DBLP,lsim,0.3022,0.30252,1,5000,0,0.0,,,,,0.14966662504412842,0.030063598623806212,,graclus
com-DBLP,lsim,0.3022,0.30252,2,5000,0,0.0,,,,,0.14966662504412842,0.030027873528362177,,graclus
com-DBLP,mst_jaccard,0.3022,0.3022,0,5000,0,0.0,,,,,0.1832096610616762,0.030887912034186227,,graclus
com-DBLP,mst_jaccard,0.3022,0.3022,1,5000,0,0.0,,,,,0.1832096610616762,0.030839568949550908,,graclus
com-DBLP,mst_jaccard,0.3022,0.3022,2,5000,0,0.0,,,,,0.1832096610616762,0.03088619803188592,,graclus
com-DBLP,mst_random,0.3022,0.3022,0,5000,0,0.0,,,,,0.18260726204420957,0.031375345215483,,graclus
com-DBLP,mst_random,0.3022,0.3022,1,5000,0,0.0,,,,,0.18391408410136942,0.030681755050945704,,graclus
com-DBLP,mst_random,0.3022,0.3022,2,5000,0,0.0,,,,,0.1826112556164563,0.030715907888229026,,graclus
com-DBLP,lspar,0.3022,0.24408,0,5000,0,0.0,,,,,0.1303795804671316,0.028340322273957705,,graclus
com-DBLP,lspar,0.3022,0.24408,1,5000,0,0.0,,,,,0.1303795804671316,0.02831910363218207,,graclus
com-DBLP,lspar,0.3022,0.24408,2,5000,0,0.0,,,,,0.1303795804671316,0.028346344351831074,,graclus
com-DBLP,dspar,0.3022,0.30167,0,5000,155,0.0004888356250788444,,,,,0.14914170001521782,0.03266732011394711,,graclus
com-DBLP,dspar,0.3022,0.30255,1,5000,145,0.0004572978428156932,,,,,0.15105314275059564,0.032479850895526276,,graclus
com-DBLP,dspar,0.3022,0.3022,2,5000,209,0.0006591396492998613,,,,,0.14952414069594078,0.03260343742815491,,graclus
com-DBLP,kn,0.2,0.19613,0,5000,0,0.0,,,,,0.1037081591411054,0.028540096480784677,,graclus
com-DBLP,kn,0.2,0.19607,1,5000,0,0.0,,,,,0.10456225532501547,0.028545264266502765,,graclus
com-DBLP,kn,0.2,0.19592,2,5000,0,0.0,,,,,0.10400916721160827,0.02855978014507473,,graclus
com-DBLP,ld,0.2,0.30128,0,5000,303,0.0009555948025734831,,,,,0.17439866994879072,0.03581346158814623,,graclus
com-DBLP,ld,0.2,0.30128,1,5000,303,0.0009555948025734831,,,,,0.17439866994879072,0.03606217340104061,,graclus
com-DBLP,ld,0.2,0.30128,2,5000,303,0.0009555948025734831,,,,,0.17439866994879072,0.03615500486452419,,graclus
com-DBLP,lsim,0.2,0.23374,0,5000,0,0.0,,,,,0.13047153711019677,0.028363092880716062,,graclus
com-DBLP,lsim,0.2,0.23374,1,5000,0,0.0,,,,,0.13047153711019677,0.02841850783894477,,graclus
com-DBLP,lsim,0.2,0.23374,2,5000,0,0.0,,,,,0.13047153711019677,0.02833541833461643,,graclus
com-DBLP,lspar,0.2,0.24408,0,5000,0,0.0,,,,,0.1303795804671316,0.02833631676947177,,graclus
com-DBLP,lspar,0.2,0.24408,1,5000,0,0.0,,,,,0.1303795804671316,0.028319383320040657,,graclus
com-DBLP,lspar,0.2,0.24408,2,5000,0,0.0,,,,,0.1303795804671316,0.02830185115271426,,graclus
com-DBLP,dspar,0.2,0.19962,0,5000,4,1.2615112905260503e-05,,,,,0.1117745886314775,0.029864115320886,,graclus
com-DBLP,dspar,0.2,0.20039,1,5000,0,0.0,,,,,0.11251367937829214,0.029907366498141658,,graclus
com-DBLP,dspar,0.2,0.20004,2,5000,34,0.00010722845969471427,,,,,0.11234303899410625,0.02971012198558258,,graclus
