dataset,n,m,k_gt,condition,seed,true_retention,resolution,n_clusters,AMI,ARI,NMI
Karate,34,78,2,baseline,0,1.0,1.0,4,0.47285075532063703,0.3915715539947322,0.49779114754525633
Karate,34,78,2,baseline,1,1.0,1.0,4,0.5666658780697869,0.46459109844332386,0.5878497068250673
Karate,34,78,2,baseline,2,1.0,1.0,4,0.5666658780697869,0.46459109844332386,0.5878497068250673
Karate,34,78,2,baseline,3,1.0,1.0,4,0.5666658780697869,0.46459109844332386,0.5878497068250673
Karate,34,78,2,baseline,4,1.0,1.0,4,0.5666658780697869,0.46459109844332386,0.5878497068250673
Karate,34,78,2,baseline,5,1.0,1.0,4,0.5666658780697869,0.46459109844332386,0.5878497068250673
Karate,34,78,2,baseline,6,1.0,1.0,4,0.5666658780697869,0.46459109844332386,0.5878497068250673
Karate,34,78,2,baseline,7,1.0,1.0,4,0.5666658780697869,0.46459109844332386,0.5878497068250673
Karate,34,78,2,baseline,8,1.0,1.0,4,0.5666658780697869,0.46459109844332386,0.5878497068250673
Karate,34,78,2,baseline,9,1.0,1.0,4,0.5666658780697869,0.46459109844332386,0.5878497068250673
Karate,34,78,2,dspar_paper_08,0,0.5769,1.0,6,0.40566940584171013,0.32889963724304716,0.4540652916944405
Karate,34,78,2,dspar_paper_08,1,0.5256,1.0,7,0.3725870603713834,0.2912215001652164,0.4303862361724249
Karate,34,78,2,dspar_paper_08,2,0.5385,1.0,6,0.26552414512923384,0.2274975272007913,0.32608560970364314
Karate,34,78,2,dspar_paper_08,3,0.5897,1.0,4,0.4775034037149259,0.4587797944456593,0.5056269404958785
Karate,34,78,2,dspar_paper_08,4,0.5,1.0,7,0.3600314677136665,0.27731924727632884,0.42153483179655665
Karate,34,78,2,dspar_paper_08,5,0.5385,1.0,7,0.3174151436970041,0.2263070996147496,0.38215806758520465
Karate,34,78,2,dspar_paper_08,6,0.5128,1.0,9,0.34633233236027455,0.22035769485537646,0.4232885284752078
Karate,34,78,2,dspar_paper_08,7,0.5641,1.0,8,0.4388190445055372,0.33854625550660794,0.5004751621552294
Karate,34,78,2,dspar_paper_08,8,0.5256,1.0,9,0.35931132292691215,0.35037941273507095,0.44255073109015974
Karate,34,78,2,dspar_paper_08,9,0.5385,1.0,10,0.3179623519813244,0.22340072920119325,0.4054521833689312
Karate,34,78,2,dspar_cal_09,0,0.9103,1.0,4,0.4812371287336294,0.41355857832382625,0.5060838444423386
Karate,34,78,2,dspar_cal_09,1,0.859,1.0,4,0.4705640867179653,0.391705069124424,0.49588875909351765
Karate,34,78,2,dspar_cal_09,2,0.9103,1.0,4,0.4637523808301653,0.39223854417890813,0.4899672048193782
Karate,34,78,2,dspar_cal_09,3,0.8462,1.0,4,0.5666658780697869,0.46459109844332386,0.5878497068250673
Karate,34,78,2,dspar_cal_09,4,0.8846,1.0,4,0.5666658780697869,0.46459109844332386,0.5878497068250673
Karate,34,78,2,dspar_cal_09,5,0.8718,1.0,4,0.47513877842431146,0.40644878262776923,0.5004834071264008
Karate,34,78,2,dspar_cal_09,6,0.9359,1.0,4,0.4705640867179653,0.391705069124424,0.49588875909351765
Karate,34,78,2,dspar_cal_09,7,0.859,1.0,4,0.47513877842431146,0.40644878262776923,0.5004834071264008
Karate,34,78,2,dspar_cal_09,8,0.8974,1.0,4,0.4883266371273424,0.4506024096385542,0.5141324357365079
Karate,34,78,2,dspar_cal_09,9,0.8974,1.0,4,0.4669304370234602,0.3769484083424808,0.49200632346409406
Karate,34,78,2,resmatch_dspar_paper_08,0,1.0,2.0,8,0.3857582605142095,0.23747927031509122,0.44544893770233934
Karate,34,78,2,resmatch_dspar_paper_08,1,1.0,2.0,7,0.3932803693980875,0.23425414364640884,0.4435896504641625
Karate,34,78,2,resmatch_dspar_paper_08,2,1.0,2.0,7,0.3932803693980875,0.23425414364640884,0.4435896504641625
Karate,34,78,2,resmatch_dspar_paper_08,3,1.0,2.0,7,0.3932803693980875,0.23425414364640884,0.4435896504641625
Karate,34,78,2,resmatch_dspar_paper_08,4,1.0,2.0,8,0.3842923107722659,0.23001216410483247,0.4436512086330494
Karate,34,78,2,resmatch_dspar_paper_08,5,1.0,2.0,8,0.3842923107722659,0.23001216410483247,0.4436512086330494
Karate,34,78,2,resmatch_dspar_paper_08,6,1.0,2.0,7,0.3932803693980875,0.23425414364640884,0.4435896504641625
Karate,34,78,2,resmatch_dspar_paper_08,7,1.0,2.0,7,0.3993079636574252,0.25662544169611307,0.4508558519036393
Karate,34,78,2,resmatch_dspar_paper_08,8,1.0,2.0,7,0.39482884769485244,0.241714538223597,0.4454604370353164
Karate,34,78,2,resmatch_dspar_paper_08,9,1.0,2.0,7,0.3993079636574252,0.25662544169611307,0.4508558519036393
Dolphins,62,159,2,baseline,0,1.0,1.0,4,0.3254880317289022,0.31875142003250784,0.3423059420287189
Dolphins,62,159,2,baseline,1,1.0,1.0,5,0.26317058070484567,0.25097078887528423,0.28681127934754214
Dolphins,62,159,2,baseline,2,1.0,1.0,5,0.26317058070484567,0.25097078887528423,0.28681127934754214
Dolphins,62,159,2,baseline,3,1.0,1.0,5,0.26436892806883283,0.2486791000384898,0.2875802244756192
Dolphins,62,159,2,baseline,4,1.0,1.0,5,0.25755353701040895,0.2548477423871194,0.2805033269041105
Dolphins,62,159,2,baseline,5,1.0,1.0,6,0.2661525416271535,0.18974520730382363,0.2928685870909827
Dolphins,62,159,2,baseline,6,1.0,1.0,5,0.26436892806883283,0.2486791000384898,0.2875802244756192
Dolphins,62,159,2,baseline,7,1.0,1.0,5,0.22208181518960476,0.20138621486330383,0.246060060682856
Dolphins,62,159,2,baseline,8,1.0,1.0,5,0.31851486062227,0.24077024070021882,0.3394103466431466
Dolphins,62,159,2,baseline,9,1.0,1.0,5,0.25755353701040895,0.2548477423871194,0.2805033269041105
Dolphins,62,159,2,dspar_paper_08,0,0.5157,1.0,11,0.19856183478325012,0.11113061797752809,0.25517727213269986
Dolphins,62,159,2,dspar_paper_08,1,0.4906,1.0,11,0.17597456121858776,0.11553854795674764,0.23443968539765575
Dolphins,62,159,2,dspar_paper_08,2,0.5283,1.0,8,0.29315676701718774,0.1825580579527117,0.3293825324563885
Dolphins,62,159,2,dspar_paper_08,3,0.5283,1.0,9,0.28338526201439457,0.17602273524664935,0.32558736380309805
Dolphins,62,159,2,dspar_paper_08,4,0.5535,1.0,9,0.20156889073251882,0.11476301612648498,0.24774569042173783
Dolphins,62,159,2,dspar_paper_08,5,0.5157,1.0,9,0.24618182481403994,0.16271150740714738,0.28770051789969414
Dolphins,62,159,2,dspar_paper_08,6,0.522,1.0,10,0.19002324912141358,0.12959615283359951,0.24215541004798366
Dolphins,62,159,2,dspar_paper_08,7,0.5031,1.0,12,0.1671156304865791,0.09988406000772933,0.228606314868971
Dolphins,62,159,2,dspar_paper_08,8,0.5094,1.0,9,0.24231251891099967,0.127516189607062,0.2847435131746224
Dolphins,62,159,2,dspar_paper_08,9,0.5346,1.0,9,0.15947388584151062,0.10440456769983687,0.20944495417584125
Dolphins,62,159,2,dspar_cal_09,0,0.8994,1.0,5,0.26423268920889886,0.18609700577832253,0.2864894271445455
Dolphins,62,159,2,dspar_cal_09,1,0.8742,1.0,5,0.25025679984797494,0.16690012606807675,0.2729736302646838
Dolphins,62,159,2,dspar_cal_09,2,0.8994,1.0,6,0.23696182495628978,0.14466996179058436,0.26428601169072485
Dolphins,62,159,2,dspar_cal_09,3,0.9245,1.0,5,0.26436892806883283,0.2486791000384898,0.2875802244756192
Dolphins,62,159,2,dspar_cal_09,4,0.8553,1.0,5,0.2544702726276266,0.17351118579981095,0.2772901770777606
Dolphins,62,159,2,dspar_cal_09,5,0.8679,1.0,5,0.25148012208591125,0.1691235687524073,0.2742561978186361
Dolphins,62,159,2,dspar_cal_09,6,0.9057,1.0,4,0.2590441523176657,0.22614803942126233,0.27763383007442
Dolphins,62,159,2,dspar_cal_09,7,0.8931,1.0,5,0.261591933696993,0.1628916506213898,0.28419862542699703
Dolphins,62,159,2,dspar_cal_09,8,0.8931,1.0,5,0.25103195809537276,0.16821579232963993,0.27399065744008805
Dolphins,62,159,2,dspar_cal_09,9,0.9119,1.0,4,0.3201702696518916,0.30620053461921487,0.33747555389423084
Dolphins,62,159,2,resmatch_dspar_paper_08,0,1.0,2.0,10,0.23904610509663562,0.1385815154389293,0.28370681937714615
Dolphins,62,159,2,resmatch_dspar_paper_08,1,1.0,2.5,11,0.20755021369378424,0.11799223457896309,0.2590215773485301
Dolphins,62,159,2,resmatch_dspar_paper_08,2,1.0,2.5,11,0.2051257020915465,0.11802322517172924,0.2571060417530953
Dolphins,62,159,2,resmatch_dspar_paper_08,3,1.0,2.0,9,0.23469773759496726,0.13456946200309033,0.27541660486490144
Dolphins,62,159,2,resmatch_dspar_paper_08,4,1.0,2.5,11,0.23365666139175634,0.12442242484934732,0.2834323536154335
Dolphins,62,159,2,resmatch_dspar_paper_08,5,1.0,2.0,9,0.25745556044426604,0.1366812993854258,0.29666526587640807
Dolphins,62,159,2,resmatch_dspar_paper_08,6,1.0,2.0,9,0.23469773759496726,0.13456946200309033,0.27541660486490144
Dolphins,62,159,2,resmatch_dspar_paper_08,7,1.0,2.5,11,0.20658192052336727,0.11038093899353388,0.25748239485670127
Dolphins,62,159,2,resmatch_dspar_paper_08,8,1.0,2.5,11,0.20755021369378424,0.11799223457896309,0.2590215773485301
Dolphins,62,159,2,resmatch_dspar_paper_08,9,1.0,2.5,11,0.2051257020915465,0.11802322517172924,0.2571060417530953
Football,115,613,12,baseline,0,1.0,1.0,10,0.8599792855823511,0.8069408992735126,0.8903166312052428
Football,115,613,12,baseline,1,1.0,1.0,9,0.8205204026118351,0.7070672690945654,0.8560827304388346
Football,115,613,12,baseline,2,1.0,1.0,10,0.8599792855823511,0.8069408992735126,0.8903166312052428
Football,115,613,12,baseline,3,1.0,1.0,10,0.8599792855823511,0.8069408992735126,0.8903166312052428
Football,115,613,12,baseline,4,1.0,1.0,9,0.8205204026118351,0.7070672690945654,0.8560827304388346
Football,115,613,12,baseline,5,1.0,1.0,10,0.8624540032117392,0.8165463913618678,0.8922958402213003
Football,115,613,12,baseline,6,1.0,1.0,10,0.8624540032117392,0.8165463913618678,0.8922958402213003
Football,115,613,12,baseline,7,1.0,1.0,10,0.8599792855823511,0.8069408992735126,0.8903166312052428
Football,115,613,12,baseline,8,1.0,1.0,9,0.8205204026118351,0.7070672690945654,0.8560827304388346
Football,115,613,12,baseline,9,1.0,1.0,10,0.8599792855823511,0.8069408992735126,0.8903166312052428
Football,115,613,12,dspar_paper_08,0,0.5318,1.0,10,0.8283299454940347,0.7976187628960122,0.8655163008628234
Football,115,613,12,dspar_paper_08,1,0.5563,1.0,9,0.8419196142605104,0.703629658630227,0.8731324819017592
Football,115,613,12,dspar_paper_08,2,0.5416,1.0,9,0.8203675240170043,0.737898804208353,0.8559829905735243
Football,115,613,12,dspar_paper_08,3,0.5546,1.0,9,0.7951845873090558,0.7281684055280971,0.8358687822182213
Football,115,613,12,dspar_paper_08,4,0.5432,1.0,9,0.7885592876423982,0.7089922817674177,0.8305616013558418
Football,115,613,12,dspar_paper_08,5,0.54,1.0,8,0.7786666002462871,0.6658268072215946,0.8182073345783493
Football,115,613,12,dspar_paper_08,6,0.5563,1.0,9,0.7980693255885111,0.7270654855465456,0.8382187964713967
Football,115,613,12,dspar_paper_08,7,0.5481,1.0,11,0.8613922240518328,0.8379225588793914,0.8937781305896201
Football,115,613,12,dspar_paper_08,8,0.5628,1.0,8,0.7585295611924411,0.6469718724762682,0.8018284877590359
Football,115,613,12,dspar_paper_08,9,0.5546,1.0,10,0.8475077039809569,0.8124231861866097,0.8806077887475834
Football,115,613,12,dspar_cal_09,0,0.894,1.0,9,0.8139764472929166,0.7053641718218594,0.8508354031919823
Football,115,613,12,dspar_cal_09,1,0.9054,1.0,9,0.8139764472929166,0.7053641718218594,0.8508354031919823
Football,115,613,12,dspar_cal_09,2,0.8972,1.0,9,0.8205204026118351,0.7070672690945654,0.8560827304388346
Football,115,613,12,dspar_cal_09,3,0.8874,1.0,9,0.8230684087391542,0.7148368789270761,0.8581858252097087
Football,115,613,12,dspar_cal_09,4,0.9054,1.0,9,0.8230684087391542,0.7148368789270761,0.8581858252097087
Football,115,613,12,dspar_cal_09,5,0.8989,1.0,9,0.8230684087391542,0.7148368789270761,0.8581858252097087
Football,115,613,12,dspar_cal_09,6,0.9103,1.0,9,0.8205204026118351,0.7070672690945654,0.8560827304388346
Football,115,613,12,dspar_cal_09,7,0.8907,1.0,9,0.8230684087391542,0.7148368789270761,0.8581858252097087
Football,115,613,12,dspar_cal_09,8,0.8907,1.0,9,0.8230684087391542,0.7148368789270761,0.8581858252097087
Football,115,613,12,dspar_cal_09,9,0.907,1.0,8,0.7803290291252158,0.6232685858356978,0.8195890938633034
Football,115,613,12,resmatch_dspar_paper_08,0,1.0,1.0,10,0.8599792855823511,0.8069408992735126,0.8903166312052428
Football,115,613,12,resmatch_dspar_paper_08,1,1.0,1.0,9,0.8205204026118351,0.7070672690945654,0.8560827304388346
Football,115,613,12,resmatch_dspar_paper_08,2,1.0,1.0,10,0.8599792855823511,0.8069408992735126,0.8903166312052428
Football,115,613,12,resmatch_dspar_paper_08,3,1.0,1.0,10,0.8599792855823511,0.8069408992735126,0.8903166312052428
Football,115,613,12,resmatch_dspar_paper_08,4,1.0,1.0,9,0.8205204026118351,0.7070672690945654,0.8560827304388346
Football,115,613,12,resmatch_dspar_paper_08,5,1.0,1.0,10,0.8624540032117392,0.8165463913618678,0.8922958402213003
Football,115,613,12,resmatch_dspar_paper_08,6,1.0,1.0,10,0.8624540032117392,0.8165463913618678,0.8922958402213003
Football,115,613,12,resmatch_dspar_paper_08,7,1.0,1.0,10,0.8599792855823511,0.8069408992735126,0.8903166312052428
Football,115,613,12,resmatch_dspar_paper_08,8,1.0,1.0,9,0.8205204026118351,0.7070672690945654,0.8560827304388346
Football,115,613,12,resmatch_dspar_paper_08,9,1.0,1.0,10,0.8599792855823511,0.8069408992735126,0.8903166312052428
Polbooks,105,441,3,baseline,0,1.0,1.0,4,0.5611391518332126,0.675158445542098,0.5737311773317003
Polbooks,105,441,3,baseline,1,1.0,1.0,5,0.504527634347417,0.5366179378735757,0.5219160175536328
Polbooks,105,441,3,baseline,2,1.0,1.0,5,0.4856443982378864,0.5225002523571491,0.5038348667035137
Polbooks,105,441,3,baseline,3,1.0,1.0,5,0.5432851735427209,0.6567472938801474,0.5602630985644045
Polbooks,105,441,3,baseline,4,1.0,1.0,4,0.5611391518332126,0.675158445542098,0.5737311773317003
Polbooks,105,441,3,baseline,5,1.0,1.0,5,0.504527634347417,0.5366179378735757,0.5219160175536328
Polbooks,105,441,3,baseline,6,1.0,1.0,4,0.5611391518332126,0.675158445542098,0.5737311773317003
Polbooks,105,441,3,baseline,7,1.0,1.0,5,0.5432851735427209,0.6567472938801474,0.5602630985644045
Polbooks,105,441,3,baseline,8,1.0,1.0,5,0.5432851735427209,0.6567472938801474,0.5602630985644044
Polbooks,105,441,3,baseline,9,1.0,1.0,5,0.5432851735427209,0.6567472938801474,0.5602630985644045
Polbooks,105,441,3,dspar_paper_08,0,0.5147,1.0,7,0.41446072002554346,0.33305763970510416,0.44120145906790875
Polbooks,105,441,3,dspar_paper_08,1,0.5578,1.0,6,0.4790154496429535,0.5107462887179642,0.501037748684636
Polbooks,105,441,3,dspar_paper_08,2,0.5306,1.0,7,0.3785503143768152,0.2800454284359351,0.40625106236109515
Polbooks,105,441,3,dspar_paper_08,3,0.5351,1.0,7,0.4531301856466343,0.3213246942421068,0.4773489080246689
Polbooks,105,441,3,dspar_paper_08,4,0.5306,1.0,7,0.4101711250265521,0.3310104041710037,0.4371469860526296
Polbooks,105,441,3,dspar_paper_08,5,0.5057,1.0,7,0.4108423460247549,0.2984657822772319,0.4372983778884688
Polbooks,105,441,3,dspar_paper_08,6,0.5465,1.0,5,0.4212280584624101,0.37771265671346466,0.44010353534540775
Polbooks,105,441,3,dspar_paper_08,7,0.4898,1.0,8,0.42112554704099125,0.3251841522648955,0.45085263789227314
Polbooks,105,441,3,dspar_paper_08,8,0.5261,1.0,7,0.4295818813389794,0.3838779531218052,0.4560046429263498
Polbooks,105,441,3,dspar_paper_08,9,0.5306,1.0,7,0.31050079759155735,0.24491195694834406,0.3410633048148242
Polbooks,105,441,3,dspar_cal_09,0,0.907,1.0,5,0.4645308492202358,0.4996993455500901,0.4829984771923321
Polbooks,105,441,3,dspar_cal_09,1,0.9025,1.0,6,0.442240608701069,0.3406432516023287,0.46356069502156644
Polbooks,105,441,3,dspar_cal_09,2,0.9093,1.0,5,0.470325821656636,0.518281018780303,0.4890416627515528
Polbooks,105,441,3,dspar_cal_09,3,0.898,1.0,6,0.4551486837938953,0.45344530862976573,0.4781216185059943
Polbooks,105,441,3,dspar_cal_09,4,0.8957,1.0,4,0.5098179713263944,0.603557467677179,0.5235687452547397
Polbooks,105,441,3,dspar_cal_09,5,0.9093,1.0,5,0.504527634347417,0.5366179378735757,0.5219160175536328
Polbooks,105,441,3,dspar_cal_09,6,0.8912,1.0,6,0.4551486837938953,0.45344530862976573,0.4781216185059943
Polbooks,105,441,3,dspar_cal_09,7,0.9002,1.0,6,0.43874248142556604,0.3516046848110585,0.46060078968071283
Polbooks,105,441,3,dspar_cal_09,8,0.8912,1.0,5,0.4902690062730351,0.5233074269732614,0.5078602797395866
Polbooks,105,441,3,dspar_cal_09,9,0.8934,1.0,4,0.5230903230731105,0.6175725508779256,0.5365692426881662
Polbooks,105,441,3,resmatch_dspar_paper_08,0,1.0,1.5,7,0.4205018564845649,0.31899418053153117,0.44678720209055506
Polbooks,105,441,3,resmatch_dspar_paper_08,1,1.0,1.5,6,0.43761239325499257,0.3325041731069355,0.45906423288662124
Polbooks,105,441,3,resmatch_dspar_paper_08,2,1.0,1.5,6,0.4379028105731105,0.33396073043248753,0.45935868611034414
Polbooks,105,441,3,resmatch_dspar_paper_08,3,1.0,1.5,6,0.43847244409282204,0.35800188193242694,0.4603435818978487
Polbooks,105,441,3,resmatch_dspar_paper_08,4,1.0,1.5,7,0.4211903861247042,0.30170158858325463,0.446948707191643
Polbooks,105,441,3,resmatch_dspar_paper_08,5,1.0,1.5,7,0.4349055699407366,0.3359638582221277,0.46037779499988396
Polbooks,105,441,3,resmatch_dspar_paper_08,6,1.0,1.5,7,0.4369732642337288,0.335725549346149,0.46236085937190574
Polbooks,105,441,3,resmatch_dspar_paper_08,7,1.0,1.5,7,0.43791911580563686,0.3709044649862805,0.46407657757414544
Polbooks,105,441,3,resmatch_dspar_paper_08,8,1.0,1.5,7,0.44108103707588653,0.34544929381915335,0.46643842318611045
Polbooks,105,441,3,resmatch_dspar_paper_08,9,1.0,1.5,8,0.4003999722847508,0.30080808300370043,0.43114052829078675
email-Eu-core,986,16064,42,baseline,0,1.0,1.0,8,0.5774916561472868,0.35830612609664525,0.6021580624218643
email-Eu-core,986,16064,42,baseline,1,1.0,1.0,8,0.5621236978736222,0.3322208274752097,0.5877173591075324
email-Eu-core,986,16064,42,baseline,2,1.0,1.0,8,0.5597120583264071,0.33017793454725614,0.5853449135790628
email-Eu-core,986,16064,42,baseline,3,1.0,1.0,8,0.5574707531761826,0.3281319241379798,0.5833760851513908
email-Eu-core,986,16064,42,baseline,4,1.0,1.0,8,0.5561767481413074,0.3265287907966508,0.5821614025753614
email-Eu-core,986,16064,42,baseline,5,1.0,1.0,7,0.5529915208806323,0.3003248377061384,0.5761828487471462
email-Eu-core,986,16064,42,baseline,6,1.0,1.0,8,0.5712754621027851,0.3422750171874082,0.5963440251408575
email-Eu-core,986,16064,42,baseline,7,1.0,1.0,7,0.546058340846142,0.2943896840093645,0.569590703321807
email-Eu-core,986,16064,42,baseline,8,1.0,1.0,8,0.5534708277770072,0.32828683887457016,0.5796027308653072
email-Eu-core,986,16064,42,baseline,9,1.0,1.0,7,0.5400812387928019,0.2861657539648661,0.5639343771591333
email-Eu-core,986,16064,42,dspar_paper_08,0,0.4451,1.0,8,0.5705205944875908,0.33647646994003183,0.5956549956565649
email-Eu-core,986,16064,42,dspar_paper_08,1,0.444,1.0,9,0.5719340154682206,0.35253903340774273,0.5996352943232552
email-Eu-core,986,16064,42,dspar_paper_08,2,0.4451,1.0,9,0.5705856185808308,0.3831074637206398,0.5982591175137197
email-Eu-core,986,16064,42,dspar_paper_08,3,0.4418,1.0,9,0.5721085770654881,0.3719128047734803,0.5995714609798722
email-Eu-core,986,16064,42,dspar_paper_08,4,0.4452,1.0,8,0.5348890722293795,0.31773056596697324,0.5621017785145701
email-Eu-core,986,16064,42,dspar_paper_08,5,0.4401,1.0,9,0.554848088069965,0.3413844556147419,0.5835671241476247
email-Eu-core,986,16064,42,dspar_paper_08,6,0.4449,1.0,8,0.5597517800952314,0.34228322182850224,0.5854483916441742
email-Eu-core,986,16064,42,dspar_paper_08,7,0.4396,1.0,9,0.589874650595287,0.40635936643544734,0.6164477840756124
email-Eu-core,986,16064,42,dspar_paper_08,8,0.4446,1.0,8,0.561420546546779,0.355111423559395,0.5869966296539033
email-Eu-core,986,16064,42,dspar_paper_08,9,0.443,1.0,9,0.5650830232369337,0.3925968084428441,0.593110566713883
email-Eu-core,986,16064,42,dspar_cal_09,0,0.9011,1.0,7,0.5429617493492503,0.3061853848562054,0.5665915107623476
email-Eu-core,986,16064,42,dspar_cal_09,1,0.9003,1.0,8,0.5788083218362996,0.3383340249800531,0.6034720267611202
email-Eu-core,986,16064,42,dspar_cal_09,2,0.8989,1.0,8,0.5838830956054409,0.3416136581932979,0.608241375721087
email-Eu-core,986,16064,42,dspar_cal_09,3,0.8968,1.0,7,0.5365769475583824,0.25508236959568775,0.560706749806272
email-Eu-core,986,16064,42,dspar_cal_09,4,0.8999,1.0,6,0.49888465411107863,0.22973380123164472,0.5213367883241746
email-Eu-core,986,16064,42,dspar_cal_09,5,0.8973,1.0,8,0.5692335667142512,0.3307679022971715,0.5942203171995956
email-Eu-core,986,16064,42,dspar_cal_09,6,0.8995,1.0,8,0.5592708771788464,0.33304595910746937,0.5850383866091028
email-Eu-core,986,16064,42,dspar_cal_09,7,0.9034,1.0,7,0.5391868790683733,0.28786205865751563,0.5630741868988899
email-Eu-core,986,16064,42,dspar_cal_09,8,0.9015,1.0,7,0.5480567254557696,0.285494931878443,0.5715449000325031
email-Eu-core,986,16064,42,dspar_cal_09,9,0.9017,1.0,7,0.5328630099171615,0.26969227318610384,0.5571495733890144
email-Eu-core,986,16064,42,resmatch_dspar_paper_08,0,1.0,1.0,8,0.5774916561472868,0.35830612609664525,0.6021580624218643
email-Eu-core,986,16064,42,resmatch_dspar_paper_08,1,1.0,1.0,8,0.5621236978736222,0.3322208274752097,0.5877173591075324
email-Eu-core,986,16064,42,resmatch_dspar_paper_08,2,1.0,1.0,8,0.5597120583264071,0.33017793454725614,0.5853449135790628
email-Eu-core,986,16064,42,resmatch_dspar_paper_08,3,1.0,1.0,8,0.5574707531761826,0.3281319241379798,0.5833760851513908
email-Eu-core,986,16064,42,resmatch_dspar_paper_08,4,1.0,1.0,8,0.5561767481413074,0.3265287907966508,0.5821614025753614
email-Eu-core,986,16064,42,resmatch_dspar_paper_08,5,1.0,1.25,10,0.6011102266436982,0.443728652163394,0.6294271817778703
email-Eu-core,986,16064,42,resmatch_dspar_paper_08,6,1.0,1.0,8,0.5712754621027851,0.3422750171874082,0.5963440251408575
email-Eu-core,986,16064,42,resmatch_dspar_paper_08,7,1.0,1.25,10,0.572219948752942,0.389581183407428,0.6023892611441779
email-Eu-core,986,16064,42,resmatch_dspar_paper_08,8,1.0,1.0,8,0.5534708277770072,0.32828683887457016,0.5796027308653072
email-Eu-core,986,16064,42,resmatch_dspar_paper_08,9,1.0,1.25,10,0.6035794308101192,0.43440765152184807,0.6316730845231477
